<?xml version="1.0" encoding="utf-8"?><GROUP NAME="WORKLIST" TYPE="HOST" VERSION="00.00.00.00">
<GROUP TYPE="Sample">
<GROUP TYPE="Patient" ID="010834627229"></GROUP><GROUP TYPE="Assays" ID=" ">
<GROUP TYPE="Assay" ID="PROTIA Allergy-Q Atopy" STATE="Host"/>
</GROUP>
</GROUP>
<GROUP TYPE="Sample">
<GROUP TYPE="Patient" ID="010836404125"></GROUP><GROUP TYPE="Assays" ID=" ">
<GROUP TYPE="Assay" ID="PROTIA Allergy-Q Atopy" STATE="Host"/>
</GROUP>
</GROUP>
<GROUP TYPE="Sample">
<GROUP TYPE="Patient" ID="010836848929"></GROUP><GROUP TYPE="Assays" ID=" ">
<GROUP TYPE="Assay" ID="PROTIA Allergy-Q Atopy" STATE="Host"/>
</GROUP>
</GROUP>
<GROUP TYPE="Sample">
<GROUP TYPE="Patient" ID="010831000629"></GROUP><GROUP TYPE="Assays" ID=" ">
<GROUP TYPE="Assay" ID="PROTIA Allergy-Q 96M" STATE="Host"/>
</GROUP>
</GROUP>
<GROUP TYPE="Sample">
<GROUP TYPE="Patient" ID="010831500426"></GROUP><GROUP TYPE="Assays" ID=" ">
<GROUP TYPE="Assay" ID="PROTIA Allergy-Q 96M" STATE="Host"/>
</GROUP>
</GROUP>
<GROUP TYPE="Sample">
<GROUP TYPE="Patient" ID="010831572027"></GROUP><GROUP TYPE="Assays" ID=" ">
<GROUP TYPE="Assay" ID="PROTIA Allergy-Q 96M" STATE="Host"/>
</GROUP>
</GROUP>
<GROUP TYPE="Sample">
<GROUP TYPE="Patient" ID="010832501828"></GROUP><GROUP TYPE="Assays" ID=" ">
<GROUP TYPE="Assay" ID="PROTIA Allergy-Q 96M" STATE="Host"/>
</GROUP>
</GROUP>
<GROUP TYPE="Sample">
<GROUP TYPE="Patient" ID="010832533027"></GROUP><GROUP TYPE="Assays" ID=" ">
<GROUP TYPE="Assay" ID="PROTIA Allergy-Q 96M" STATE="Host"/>
</GROUP>
</GROUP>
<GROUP TYPE="Sample">
<GROUP TYPE="Patient" ID="010832537421"></GROUP><GROUP TYPE="Assays" ID=" ">
<GROUP TYPE="Assay" ID="PROTIA Allergy-Q 96M" STATE="Host"/>
</GROUP>
</GROUP>
<GROUP TYPE="Sample">
<GROUP TYPE="Patient" ID="010832542128"></GROUP><GROUP TYPE="Assays" ID=" ">
<GROUP TYPE="Assay" ID="PROTIA Allergy-Q 96M" STATE="Host"/>
</GROUP>
</GROUP>
<GROUP TYPE="Sample">
<GROUP TYPE="Patient" ID="010832542326"></GROUP><GROUP TYPE="Assays" ID=" ">
<GROUP TYPE="Assay" ID="PROTIA Allergy-Q 96M" STATE="Host"/>
</GROUP>
</GROUP>
<GROUP TYPE="Sample">
<GROUP TYPE="Patient" ID="010832551724"></GROUP><GROUP TYPE="Assays" ID=" ">
<GROUP TYPE="Assay" ID="PROTIA Allergy-Q 96M" STATE="Host"/>
</GROUP>
</GROUP>
<GROUP TYPE="Sample">
<GROUP TYPE="Patient" ID="010832590228"></GROUP><GROUP TYPE="Assays" ID=" ">
<GROUP TYPE="Assay" ID="PROTIA Allergy-Q 96M" STATE="Host"/>
</GROUP>
</GROUP>
<GROUP TYPE="Sample">
<GROUP TYPE="Patient" ID="010832593922"></GROUP><GROUP TYPE="Assays" ID=" ">
<GROUP TYPE="Assay" ID="PROTIA Allergy-Q 96M" STATE="Host"/>
</GROUP>
</GROUP>
<GROUP TYPE="Sample">
<GROUP TYPE="Patient" ID="010833502527"></GROUP><GROUP TYPE="Assays" ID=" ">
<GROUP TYPE="Assay" ID="PROTIA Allergy-Q 96M" STATE="Host"/>
</GROUP>
</GROUP>
<GROUP TYPE="Sample">
<GROUP TYPE="Patient" ID="010833622423"></GROUP><GROUP TYPE="Assays" ID=" ">
<GROUP TYPE="Assay" ID="PROTIA Allergy-Q 96M" STATE="Host"/>
</GROUP>
</GROUP>
<GROUP TYPE="Sample">
<GROUP TYPE="Patient" ID="010833649321"></GROUP><GROUP TYPE="Assays" ID=" ">
<GROUP TYPE="Assay" ID="PROTIA Allergy-Q 96M" STATE="Host"/>
</GROUP>
</GROUP>
<GROUP TYPE="Sample">
<GROUP TYPE="Patient" ID="010833650020"></GROUP><GROUP TYPE="Assays" ID=" ">
<GROUP TYPE="Assay" ID="PROTIA Allergy-Q 96M" STATE="Host"/>
</GROUP>
</GROUP>
<GROUP TYPE="Sample">
<GROUP TYPE="Patient" ID="010833653526"></GROUP><GROUP TYPE="Assays" ID=" ">
<GROUP TYPE="Assay" ID="PROTIA Allergy-Q 96M" STATE="Host"/>
</GROUP>
</GROUP>
<GROUP TYPE="Sample">
<GROUP TYPE="Patient" ID="010833707427"></GROUP><GROUP TYPE="Assays" ID=" ">
<GROUP TYPE="Assay" ID="PROTIA Allergy-Q 96M" STATE="Host"/>
</GROUP>
</GROUP>
<GROUP TYPE="Sample">
<GROUP TYPE="Patient" ID="010833712520"></GROUP><GROUP TYPE="Assays" ID=" ">
<GROUP TYPE="Assay" ID="PROTIA Allergy-Q 96M" STATE="Host"/>
</GROUP>
</GROUP>
<GROUP TYPE="Sample">
<GROUP TYPE="Patient" ID="010833764628"></GROUP><GROUP TYPE="Assays" ID=" ">
<GROUP TYPE="Assay" ID="PROTIA Allergy-Q 96M" STATE="Host"/>
</GROUP>
</GROUP>
<GROUP TYPE="Sample">
<GROUP TYPE="Patient" ID="010833844726"></GROUP><GROUP TYPE="Assays" ID=" ">
<GROUP TYPE="Assay" ID="PROTIA Allergy-Q 96M" STATE="Host"/>
</GROUP>
</GROUP>
<GROUP TYPE="Sample">
<GROUP TYPE="Patient" ID="010833850222"></GROUP><GROUP TYPE="Assays" ID=" ">
<GROUP TYPE="Assay" ID="PROTIA Allergy-Q 96M" STATE="Host"/>
</GROUP>
</GROUP>
<GROUP TYPE="Sample">
<GROUP TYPE="Patient" ID="010833857221"></GROUP><GROUP TYPE="Assays" ID=" ">
<GROUP TYPE="Assay" ID="PROTIA Allergy-Q 96M" STATE="Host"/>
</GROUP>
</GROUP>
<GROUP TYPE="Sample">
<GROUP TYPE="Patient" ID="010833857320"></GROUP><GROUP TYPE="Assays" ID=" ">
<GROUP TYPE="Assay" ID="PROTIA Allergy-Q 96M" STATE="Host"/>
</GROUP>
</GROUP>
<GROUP TYPE="Sample">
<GROUP TYPE="Patient" ID="010833921724"></GROUP><GROUP TYPE="Assays" ID=" ">
<GROUP TYPE="Assay" ID="PROTIA Allergy-Q 96M" STATE="Host"/>
</GROUP>
</GROUP>
<GROUP TYPE="Sample">
<GROUP TYPE="Patient" ID="010833922721"></GROUP><GROUP TYPE="Assays" ID=" ">
<GROUP TYPE="Assay" ID="PROTIA Allergy-Q 96M" STATE="Host"/>
</GROUP>
</GROUP>
<GROUP TYPE="Sample">
<GROUP TYPE="Patient" ID="010833931723"></GROUP><GROUP TYPE="Assays" ID=" ">
<GROUP TYPE="Assay" ID="PROTIA Allergy-Q 96M" STATE="Host"/>
</GROUP>
</GROUP>
<GROUP TYPE="Sample">
<GROUP TYPE="Patient" ID="010833932522"></GROUP><GROUP TYPE="Assays" ID=" ">
<GROUP TYPE="Assay" ID="PROTIA Allergy-Q 96M" STATE="Host"/>
</GROUP>
</GROUP>
<GROUP TYPE="Sample">
<GROUP TYPE="Patient" ID="010833937220"></GROUP><GROUP TYPE="Assays" ID=" ">
<GROUP TYPE="Assay" ID="PROTIA Allergy-Q 96M" STATE="Host"/>
</GROUP>
</GROUP>
<GROUP TYPE="Sample">
<GROUP TYPE="Patient" ID="010833937428"></GROUP><GROUP TYPE="Assays" ID=" ">
<GROUP TYPE="Assay" ID="PROTIA Allergy-Q 96M" STATE="Host"/>
</GROUP>
</GROUP>
<GROUP TYPE="Sample">
<GROUP TYPE="Patient" ID="010833945522"></GROUP><GROUP TYPE="Assays" ID=" ">
<GROUP TYPE="Assay" ID="PROTIA Allergy-Q 96M" STATE="Host"/>
</GROUP>
</GROUP>
<GROUP TYPE="Sample">
<GROUP TYPE="Patient" ID="010833947823"></GROUP><GROUP TYPE="Assays" ID=" ">
<GROUP TYPE="Assay" ID="PROTIA Allergy-Q 96M" STATE="Host"/>
</GROUP>
</GROUP>
<GROUP TYPE="Sample">
<GROUP TYPE="Patient" ID="010833966725"></GROUP><GROUP TYPE="Assays" ID=" ">
<GROUP TYPE="Assay" ID="PROTIA Allergy-Q 96M" STATE="Host"/>
</GROUP>
</GROUP>
<GROUP TYPE="Sample">
<GROUP TYPE="Patient" ID="010834259420"></GROUP><GROUP TYPE="Assays" ID=" ">
<GROUP TYPE="Assay" ID="PROTIA Allergy-Q 96M" STATE="Host"/>
</GROUP>
</GROUP>
<GROUP TYPE="Sample">
<GROUP TYPE="Patient" ID="010834301426"></GROUP><GROUP TYPE="Assays" ID=" ">
<GROUP TYPE="Assay" ID="PROTIA Allergy-Q 96M" STATE="Host"/>
</GROUP>
</GROUP>
<GROUP TYPE="Sample">
<GROUP TYPE="Patient" ID="010834389325"></GROUP><GROUP TYPE="Assays" ID=" ">
<GROUP TYPE="Assay" ID="PROTIA Allergy-Q 96M" STATE="Host"/>
</GROUP>
</GROUP>
<GROUP TYPE="Sample">
<GROUP TYPE="Patient" ID="010834671420"></GROUP><GROUP TYPE="Assays" ID=" ">
<GROUP TYPE="Assay" ID="PROTIA Allergy-Q 96M" STATE="Host"/>
</GROUP>
</GROUP>
<GROUP TYPE="Sample">
<GROUP TYPE="Patient" ID="010835139820"></GROUP><GROUP TYPE="Assays" ID=" ">
<GROUP TYPE="Assay" ID="PROTIA Allergy-Q 96M" STATE="Host"/>
</GROUP>
</GROUP>
<GROUP TYPE="Sample">
<GROUP TYPE="Patient" ID="010835207222"></GROUP><GROUP TYPE="Assays" ID=" ">
<GROUP TYPE="Assay" ID="PROTIA Allergy-Q 96M" STATE="Host"/>
</GROUP>
</GROUP>
<GROUP TYPE="Sample">
<GROUP TYPE="Patient" ID="010835243329"></GROUP><GROUP TYPE="Assays" ID=" ">
<GROUP TYPE="Assay" ID="PROTIA Allergy-Q 96M" STATE="Host"/>
</GROUP>
</GROUP>
<GROUP TYPE="Sample">
<GROUP TYPE="Patient" ID="010835243626"></GROUP><GROUP TYPE="Assays" ID=" ">
<GROUP TYPE="Assay" ID="PROTIA Allergy-Q 96M" STATE="Host"/>
</GROUP>
</GROUP>
<GROUP TYPE="Sample">
<GROUP TYPE="Patient" ID="010835243725"></GROUP><GROUP TYPE="Assays" ID=" ">
<GROUP TYPE="Assay" ID="PROTIA Allergy-Q 96M" STATE="Host"/>
</GROUP>
</GROUP>
<GROUP TYPE="Sample">
<GROUP TYPE="Patient" ID="010835350621"></GROUP><GROUP TYPE="Assays" ID=" ">
<GROUP TYPE="Assay" ID="PROTIA Allergy-Q 96M" STATE="Host"/>
</GROUP>
</GROUP>
<GROUP TYPE="Sample">
<GROUP TYPE="Patient" ID="010835351024"></GROUP><GROUP TYPE="Assays" ID=" ">
<GROUP TYPE="Assay" ID="PROTIA Allergy-Q 96M" STATE="Host"/>
</GROUP>
</GROUP>
<GROUP TYPE="Sample">
<GROUP TYPE="Patient" ID="010835403624"></GROUP><GROUP TYPE="Assays" ID=" ">
<GROUP TYPE="Assay" ID="PROTIA Allergy-Q 96M" STATE="Host"/>
</GROUP>
</GROUP>
<GROUP TYPE="Sample">
<GROUP TYPE="Patient" ID="010835418024"></GROUP><GROUP TYPE="Assays" ID=" ">
<GROUP TYPE="Assay" ID="PROTIA Allergy-Q 96M" STATE="Host"/>
</GROUP>
</GROUP>
<GROUP TYPE="Sample">
<GROUP TYPE="Patient" ID="010835435823"></GROUP><GROUP TYPE="Assays" ID=" ">
<GROUP TYPE="Assay" ID="PROTIA Allergy-Q 96M" STATE="Host"/>
</GROUP>
</GROUP>
<GROUP TYPE="Sample">
<GROUP TYPE="Patient" ID="010835460122"></GROUP><GROUP TYPE="Assays" ID=" ">
<GROUP TYPE="Assay" ID="PROTIA Allergy-Q 96M" STATE="Host"/>
</GROUP>
</GROUP>
<GROUP TYPE="Sample">
<GROUP TYPE="Patient" ID="010835460221"></GROUP><GROUP TYPE="Assays" ID=" ">
<GROUP TYPE="Assay" ID="PROTIA Allergy-Q 96M" STATE="Host"/>
</GROUP>
</GROUP>
<GROUP TYPE="Sample">
<GROUP TYPE="Patient" ID="010835460320"></GROUP><GROUP TYPE="Assays" ID=" ">
<GROUP TYPE="Assay" ID="PROTIA Allergy-Q 96M" STATE="Host"/>
</GROUP>
</GROUP>
<GROUP TYPE="Sample">
<GROUP TYPE="Patient" ID="010835460429"></GROUP><GROUP TYPE="Assays" ID=" ">
<GROUP TYPE="Assay" ID="PROTIA Allergy-Q 96M" STATE="Host"/>
</GROUP>
</GROUP>
<GROUP TYPE="Sample">
<GROUP TYPE="Patient" ID="010835460528"></GROUP><GROUP TYPE="Assays" ID=" ">
<GROUP TYPE="Assay" ID="PROTIA Allergy-Q 96M" STATE="Host"/>
</GROUP>
</GROUP>
<GROUP TYPE="Sample">
<GROUP TYPE="Patient" ID="010835460627"></GROUP><GROUP TYPE="Assays" ID=" ">
<GROUP TYPE="Assay" ID="PROTIA Allergy-Q 96M" STATE="Host"/>
</GROUP>
</GROUP>
<GROUP TYPE="Sample">
<GROUP TYPE="Patient" ID="010835702628"></GROUP><GROUP TYPE="Assays" ID=" ">
<GROUP TYPE="Assay" ID="PROTIA Allergy-Q 96M" STATE="Host"/>
</GROUP>
</GROUP>
<GROUP TYPE="Sample">
<GROUP TYPE="Patient" ID="010835702925"></GROUP><GROUP TYPE="Assays" ID=" ">
<GROUP TYPE="Assay" ID="PROTIA Allergy-Q 96M" STATE="Host"/>
</GROUP>
</GROUP>
<GROUP TYPE="Sample">
<GROUP TYPE="Patient" ID="010835725221"></GROUP><GROUP TYPE="Assays" ID=" ">
<GROUP TYPE="Assay" ID="PROTIA Allergy-Q 96M" STATE="Host"/>
</GROUP>
</GROUP>
<GROUP TYPE="Sample">
<GROUP TYPE="Patient" ID="010835730621"></GROUP><GROUP TYPE="Assays" ID=" ">
<GROUP TYPE="Assay" ID="PROTIA Allergy-Q 96M" STATE="Host"/>
</GROUP>
</GROUP>
<GROUP TYPE="Sample">
<GROUP TYPE="Patient" ID="010835730720"></GROUP><GROUP TYPE="Assays" ID=" ">
<GROUP TYPE="Assay" ID="PROTIA Allergy-Q 96M" STATE="Host"/>
</GROUP>
</GROUP>
<GROUP TYPE="Sample">
<GROUP TYPE="Patient" ID="010835730829"></GROUP><GROUP TYPE="Assays" ID=" ">
<GROUP TYPE="Assay" ID="PROTIA Allergy-Q 96M" STATE="Host"/>
</GROUP>
</GROUP>
<GROUP TYPE="Sample">
<GROUP TYPE="Patient" ID="010835730928"></GROUP><GROUP TYPE="Assays" ID=" ">
<GROUP TYPE="Assay" ID="PROTIA Allergy-Q 96M" STATE="Host"/>
</GROUP>
</GROUP>
<GROUP TYPE="Sample">
<GROUP TYPE="Patient" ID="010835758120"></GROUP><GROUP TYPE="Assays" ID=" ">
<GROUP TYPE="Assay" ID="PROTIA Allergy-Q 96M" STATE="Host"/>
</GROUP>
</GROUP>
<GROUP TYPE="Sample">
<GROUP TYPE="Patient" ID="010835758328"></GROUP><GROUP TYPE="Assays" ID=" ">
<GROUP TYPE="Assay" ID="PROTIA Allergy-Q 96M" STATE="Host"/>
</GROUP>
</GROUP>
<GROUP TYPE="Sample">
<GROUP TYPE="Patient" ID="010835782729"></GROUP><GROUP TYPE="Assays" ID=" ">
<GROUP TYPE="Assay" ID="PROTIA Allergy-Q 96M" STATE="Host"/>
</GROUP>
</GROUP>
<GROUP TYPE="Sample">
<GROUP TYPE="Patient" ID="010835782927"></GROUP><GROUP TYPE="Assays" ID=" ">
<GROUP TYPE="Assay" ID="PROTIA Allergy-Q 96M" STATE="Host"/>
</GROUP>
</GROUP>
<GROUP TYPE="Sample">
<GROUP TYPE="Patient" ID="010835802526"></GROUP><GROUP TYPE="Assays" ID=" ">
<GROUP TYPE="Assay" ID="PROTIA Allergy-Q 96M" STATE="Host"/>
</GROUP>
</GROUP>
<GROUP TYPE="Sample">
<GROUP TYPE="Patient" ID="010835852521"></GROUP><GROUP TYPE="Assays" ID=" ">
<GROUP TYPE="Assay" ID="PROTIA Allergy-Q 96M" STATE="Host"/>
</GROUP>
</GROUP>
<GROUP TYPE="Sample">
<GROUP TYPE="Patient" ID="010835852620"></GROUP><GROUP TYPE="Assays" ID=" ">
<GROUP TYPE="Assay" ID="PROTIA Allergy-Q 96M" STATE="Host"/>
</GROUP>
</GROUP>
<GROUP TYPE="Sample">
<GROUP TYPE="Patient" ID="010835852729"></GROUP><GROUP TYPE="Assays" ID=" ">
<GROUP TYPE="Assay" ID="PROTIA Allergy-Q 96M" STATE="Host"/>
</GROUP>
</GROUP>
<GROUP TYPE="Sample">
<GROUP TYPE="Patient" ID="010835877920"></GROUP><GROUP TYPE="Assays" ID=" ">
<GROUP TYPE="Assay" ID="PROTIA Allergy-Q 96M" STATE="Host"/>
</GROUP>
</GROUP>
<GROUP TYPE="Sample">
<GROUP TYPE="Patient" ID="010835878224"></GROUP><GROUP TYPE="Assays" ID=" ">
<GROUP TYPE="Assay" ID="PROTIA Allergy-Q 96M" STATE="Host"/>
</GROUP>
</GROUP>
<GROUP TYPE="Sample">
<GROUP TYPE="Patient" ID="010836703921"></GROUP><GROUP TYPE="Assays" ID=" ">
<GROUP TYPE="Assay" ID="PROTIA Allergy-Q 96M" STATE="Host"/>
</GROUP>
</GROUP>
<GROUP TYPE="Sample">
<GROUP TYPE="Patient" ID="010836704027"></GROUP><GROUP TYPE="Assays" ID=" ">
<GROUP TYPE="Assay" ID="PROTIA Allergy-Q 96M" STATE="Host"/>
</GROUP>
</GROUP>
<GROUP TYPE="Sample">
<GROUP TYPE="Patient" ID="010836704126"></GROUP><GROUP TYPE="Assays" ID=" ">
<GROUP TYPE="Assay" ID="PROTIA Allergy-Q 96M" STATE="Host"/>
</GROUP>
</GROUP>
<GROUP TYPE="Sample">
<GROUP TYPE="Patient" ID="010836870425"></GROUP><GROUP TYPE="Assays" ID=" ">
<GROUP TYPE="Assay" ID="PROTIA Allergy-Q 96M" STATE="Host"/>
</GROUP>
</GROUP>
<GROUP TYPE="Sample">
<GROUP TYPE="Patient" ID="010837190621"></GROUP><GROUP TYPE="Assays" ID=" ">
<GROUP TYPE="Assay" ID="PROTIA Allergy-Q 96M" STATE="Host"/>
</GROUP>
</GROUP>
<GROUP TYPE="Sample">
<GROUP TYPE="Patient" ID="010837250226"></GROUP><GROUP TYPE="Assays" ID=" ">
<GROUP TYPE="Assay" ID="PROTIA Allergy-Q 96M" STATE="Host"/>
</GROUP>
</GROUP>
<GROUP TYPE="Sample">
<GROUP TYPE="Patient" ID="010837250424"></GROUP><GROUP TYPE="Assays" ID=" ">
<GROUP TYPE="Assay" ID="PROTIA Allergy-Q 96M" STATE="Host"/>
</GROUP>
</GROUP>
<GROUP TYPE="Sample">
<GROUP TYPE="Patient" ID="010837250622"></GROUP><GROUP TYPE="Assays" ID=" ">
<GROUP TYPE="Assay" ID="PROTIA Allergy-Q 96M" STATE="Host"/>
</GROUP>
</GROUP>
<GROUP TYPE="Sample">
<GROUP TYPE="Patient" ID="010837251421"></GROUP><GROUP TYPE="Assays" ID=" ">
<GROUP TYPE="Assay" ID="PROTIA Allergy-Q 96M" STATE="Host"/>
</GROUP>
</GROUP>
<GROUP TYPE="Sample">
<GROUP TYPE="Patient" ID="010837251827"></GROUP><GROUP TYPE="Assays" ID=" ">
<GROUP TYPE="Assay" ID="PROTIA Allergy-Q 96M" STATE="Host"/>
</GROUP>
</GROUP>
<GROUP TYPE="Sample">
<GROUP TYPE="Patient" ID="010837401529"></GROUP><GROUP TYPE="Assays" ID=" ">
<GROUP TYPE="Assay" ID="PROTIA Allergy-Q 96M" STATE="Host"/>
</GROUP>
</GROUP>
<GROUP TYPE="Sample">
<GROUP TYPE="Patient" ID="010837408122"></GROUP><GROUP TYPE="Assays" ID=" ">
<GROUP TYPE="Assay" ID="PROTIA Allergy-Q 96M" STATE="Host"/>
</GROUP>
</GROUP>
<GROUP TYPE="Sample">
<GROUP TYPE="Patient" ID="010837410620"></GROUP><GROUP TYPE="Assays" ID=" ">
<GROUP TYPE="Assay" ID="PROTIA Allergy-Q 96M" STATE="Host"/>
</GROUP>
</GROUP>
<GROUP TYPE="Sample">
<GROUP TYPE="Patient" ID="010837631025"></GROUP><GROUP TYPE="Assays" ID=" ">
<GROUP TYPE="Assay" ID="PROTIA Allergy-Q 96M" STATE="Host"/>
</GROUP>
</GROUP>
<GROUP TYPE="Sample">
<GROUP TYPE="Patient" ID="010837658626"></GROUP><GROUP TYPE="Assays" ID=" ">
<GROUP TYPE="Assay" ID="PROTIA Allergy-Q 96M" STATE="Host"/>
</GROUP>
</GROUP>
<GROUP TYPE="Sample">
<GROUP TYPE="Patient" ID="010837772421"></GROUP><GROUP TYPE="Assays" ID=" ">
<GROUP TYPE="Assay" ID="PROTIA Allergy-Q 96M" STATE="Host"/>
</GROUP>
</GROUP>
<GROUP TYPE="Sample">
<GROUP TYPE="Patient" ID="010830370624"></GROUP><GROUP TYPE="Assays" ID=" ">
<GROUP TYPE="Assay" ID="PROTIA Allergy-Q 96M" STATE="Host"/>
</GROUP>
</GROUP>
<GROUP TYPE="Sample">
<GROUP TYPE="Patient" ID="010834802428"></GROUP><GROUP TYPE="Assays" ID=" ">
<GROUP TYPE="Assay" ID="PROTIA Allergy-Q 96M" STATE="Host"/>
</GROUP>
</GROUP>
<GROUP TYPE="Sample">
<GROUP TYPE="Patient" ID="010834800523"></GROUP><GROUP TYPE="Assays" ID=" ">
<GROUP TYPE="Assay" ID="PROTIA Allergy-Q 96M" STATE="Host"/>
</GROUP>
</GROUP>
<GROUP TYPE="Sample">
<GROUP TYPE="Patient" ID="010830541925"></GROUP><GROUP TYPE="Assays" ID=" ">
<GROUP TYPE="Assay" ID="PROTIA Allergy-Q 96M" STATE="Host"/>
</GROUP>
</GROUP>
<GROUP TYPE="Sample">
<GROUP TYPE="Patient" ID="010834871622"></GROUP><GROUP TYPE="Assays" ID=" ">
<GROUP TYPE="Assay" ID="PROTIA Allergy-Q 96M" STATE="Host"/>
</GROUP>
</GROUP>
<GROUP TYPE="Sample">
<GROUP TYPE="Patient" ID="010834830124"></GROUP><GROUP TYPE="Assays" ID=" ">
<GROUP TYPE="Assay" ID="PROTIA Allergy-Q 96M" STATE="Host"/>
</GROUP>
</GROUP>
<GROUP TYPE="Sample">
<GROUP TYPE="Patient" ID="010834901626"></GROUP><GROUP TYPE="Assays" ID=" ">
<GROUP TYPE="Assay" ID="PROTIA Allergy-Q 96M" STATE="Host"/>
</GROUP>
</GROUP>
<GROUP TYPE="Sample">
<GROUP TYPE="Patient" ID="010834871424"></GROUP><GROUP TYPE="Assays" ID=" ">
<GROUP TYPE="Assay" ID="PROTIA Allergy-Q 96M" STATE="Host"/>
</GROUP>
</GROUP>
<GROUP TYPE="Sample">
<GROUP TYPE="Patient" ID="010834871523"></GROUP><GROUP TYPE="Assays" ID=" ">
<GROUP TYPE="Assay" ID="PROTIA Allergy-Q 96M" STATE="Host"/>
</GROUP>
</GROUP>
<GROUP TYPE="Sample">
<GROUP TYPE="Patient" ID="010834503028"></GROUP><GROUP TYPE="Assays" ID=" ">
<GROUP TYPE="Assay" ID="PROTIA Allergy-Q 96M" STATE="Host"/>
</GROUP>
</GROUP>
<GROUP TYPE="Sample">
<GROUP TYPE="Patient" ID="010831250222"></GROUP><GROUP TYPE="Assays" ID=" ">
<GROUP TYPE="Assay" ID="PROTIA Allergy-Q 96M" STATE="Host"/>
</GROUP>
</GROUP>
<GROUP TYPE="Sample">
<GROUP TYPE="Patient" ID="010831325821"></GROUP><GROUP TYPE="Assays" ID=" ">
<GROUP TYPE="Assay" ID="PROTIA Allergy-Q 96M" STATE="Host"/>
</GROUP>
</GROUP>
<GROUP TYPE="Sample">
<GROUP TYPE="Patient" ID="010830740229"></GROUP><GROUP TYPE="Assays" ID=" ">
<GROUP TYPE="Assay" ID="PROTIA Allergy-Q 96M" STATE="Host"/>
</GROUP>
</GROUP>
<GROUP TYPE="Sample">
<GROUP TYPE="Patient" ID="010830630629"></GROUP><GROUP TYPE="Assays" ID=" ">
<GROUP TYPE="Assay" ID="PROTIA Allergy-Q 96M" STATE="Host"/>
</GROUP>
</GROUP>
<GROUP TYPE="Sample">
<GROUP TYPE="Patient" ID="010836181323"></GROUP><GROUP TYPE="Assays" ID=" ">
<GROUP TYPE="Assay" ID="PROTIA Allergy-Q 96M" STATE="Host"/>
</GROUP>
</GROUP>
<GROUP TYPE="Sample">
<GROUP TYPE="Patient" ID="010834501123"></GROUP><GROUP TYPE="Assays" ID=" ">
<GROUP TYPE="Assay" ID="PROTIA Allergy-Q 96M" STATE="Host"/>
</GROUP>
</GROUP>
<GROUP TYPE="Sample">
<GROUP TYPE="Patient" ID="010834514628"></GROUP><GROUP TYPE="Assays" ID=" ">
<GROUP TYPE="Assay" ID="PROTIA Allergy-Q 96M" STATE="Host"/>
</GROUP>
</GROUP>
<GROUP TYPE="Sample">
<GROUP TYPE="Patient" ID="010834302829"></GROUP><GROUP TYPE="Assays" ID=" ">
<GROUP TYPE="Assay" ID="PROTIA Allergy-Q 96M" STATE="Host"/>
</GROUP>
</GROUP>
<GROUP TYPE="Sample">
<GROUP TYPE="Patient" ID="010830261724"></GROUP><GROUP TYPE="Assays" ID=" ">
<GROUP TYPE="Assay" ID="PROTIA Allergy-Q 96M" STATE="Host"/>
</GROUP>
</GROUP>
<GROUP TYPE="Sample">
<GROUP TYPE="Patient" ID="010830261526"></GROUP><GROUP TYPE="Assays" ID=" ">
<GROUP TYPE="Assay" ID="PROTIA Allergy-Q 96M" STATE="Host"/>
</GROUP>
</GROUP>
<GROUP TYPE="Sample">
<GROUP TYPE="Patient" ID="010830261427"></GROUP><GROUP TYPE="Assays" ID=" ">
<GROUP TYPE="Assay" ID="PROTIA Allergy-Q 96M" STATE="Host"/>
</GROUP>
</GROUP>
<GROUP TYPE="Sample">
<GROUP TYPE="Patient" ID="010834302324"></GROUP><GROUP TYPE="Assays" ID=" ">
<GROUP TYPE="Assay" ID="PROTIA Allergy-Q 96M" STATE="Host"/>
</GROUP>
</GROUP>
<GROUP TYPE="Sample">
<GROUP TYPE="Patient" ID="010834156323"></GROUP><GROUP TYPE="Assays" ID=" ">
<GROUP TYPE="Assay" ID="PROTIA Allergy-Q 96M" STATE="Host"/>
</GROUP>
</GROUP>
<GROUP TYPE="Sample">
<GROUP TYPE="Patient" ID="010831452923"></GROUP><GROUP TYPE="Assays" ID=" ">
<GROUP TYPE="Assay" ID="PROTIA Allergy-Q 96M" STATE="Host"/>
</GROUP>
</GROUP>
<GROUP TYPE="Sample">
<GROUP TYPE="Patient" ID="010831447523"></GROUP><GROUP TYPE="Assays" ID=" ">
<GROUP TYPE="Assay" ID="PROTIA Allergy-Q 96M" STATE="Host"/>
</GROUP>
</GROUP>
<GROUP TYPE="Sample">
<GROUP TYPE="Patient" ID="010831014428"></GROUP><GROUP TYPE="Assays" ID=" ">
<GROUP TYPE="Assay" ID="PROTIA Allergy-Q 96M" STATE="Host"/>
</GROUP>
</GROUP>
<GROUP TYPE="Sample">
<GROUP TYPE="Patient" ID="010831175020"></GROUP><GROUP TYPE="Assays" ID=" ">
<GROUP TYPE="Assay" ID="PROTIA Allergy-Q 96M" STATE="Host"/>
</GROUP>
</GROUP>
<GROUP TYPE="Sample">
<GROUP TYPE="Patient" ID="010830830821"></GROUP><GROUP TYPE="Assays" ID=" ">
<GROUP TYPE="Assay" ID="PROTIA Allergy-Q 96M" STATE="Host"/>
</GROUP>
</GROUP>
<GROUP TYPE="Sample">
<GROUP TYPE="Patient" ID="010830812421"></GROUP><GROUP TYPE="Assays" ID=" ">
<GROUP TYPE="Assay" ID="PROTIA Allergy-Q 96M" STATE="Host"/>
</GROUP>
</GROUP>
<GROUP TYPE="Sample">
<GROUP TYPE="Patient" ID="010830811721"></GROUP><GROUP TYPE="Assays" ID=" ">
<GROUP TYPE="Assay" ID="PROTIA Allergy-Q 96M" STATE="Host"/>
</GROUP>
</GROUP>
<GROUP TYPE="Sample">
<GROUP TYPE="Patient" ID="010834124124"></GROUP><GROUP TYPE="Assays" ID=" ">
<GROUP TYPE="Assay" ID="PROTIA Allergy-Q 96M" STATE="Host"/>
</GROUP>
</GROUP>
<GROUP TYPE="Sample">
<GROUP TYPE="Patient" ID="010836818922"></GROUP><GROUP TYPE="Assays" ID=" ">
<GROUP TYPE="Assay" ID="PROTIA Allergy-Q 96M" STATE="Host"/>
</GROUP>
</GROUP>
<GROUP TYPE="Sample">
<GROUP TYPE="Patient" ID="010834124025"></GROUP><GROUP TYPE="Assays" ID=" ">
<GROUP TYPE="Assay" ID="PROTIA Allergy-Q 96M" STATE="Host"/>
</GROUP>
</GROUP>
<GROUP TYPE="Sample">
<GROUP TYPE="Patient" ID="010834122229"></GROUP><GROUP TYPE="Assays" ID=" ">
<GROUP TYPE="Assay" ID="PROTIA Allergy-Q 96M" STATE="Host"/>
</GROUP>
</GROUP>
<GROUP TYPE="Sample">
<GROUP TYPE="Patient" ID="010834185521"></GROUP><GROUP TYPE="Assays" ID=" ">
<GROUP TYPE="Assay" ID="PROTIA Allergy-Q 96M" STATE="Host"/>
</GROUP>
</GROUP>
<GROUP TYPE="Sample">
<GROUP TYPE="Patient" ID="010836821328"></GROUP><GROUP TYPE="Assays" ID=" ">
<GROUP TYPE="Assay" ID="PROTIA Allergy-Q 96M" STATE="Host"/>
</GROUP>
</GROUP>
<GROUP TYPE="Sample">
<GROUP TYPE="Patient" ID="010836873426"></GROUP><GROUP TYPE="Assays" ID=" ">
<GROUP TYPE="Assay" ID="PROTIA Allergy-Q 96M" STATE="Host"/>
</GROUP>
</GROUP>
<GROUP TYPE="Sample">
<GROUP TYPE="Patient" ID="010831026629"></GROUP><GROUP TYPE="Assays" ID=" ">
<GROUP TYPE="Assay" ID="PROTIA Allergy-Q 96M" STATE="Host"/>
</GROUP>
</GROUP>
<GROUP TYPE="Sample">
<GROUP TYPE="Patient" ID="010830838728"></GROUP><GROUP TYPE="Assays" ID=" ">
<GROUP TYPE="Assay" ID="PROTIA Allergy-Q 96M" STATE="Host"/>
</GROUP>
</GROUP>
<GROUP TYPE="Sample">
<GROUP TYPE="Patient" ID="010830839022"></GROUP><GROUP TYPE="Assays" ID=" ">
<GROUP TYPE="Assay" ID="PROTIA Allergy-Q 96M" STATE="Host"/>
</GROUP>
</GROUP>
<GROUP TYPE="Sample">
<GROUP TYPE="Patient" ID="010835601525"></GROUP><GROUP TYPE="Assays" ID=" ">
<GROUP TYPE="Assay" ID="PROTIA Allergy-Q 96M" STATE="Host"/>
</GROUP>
</GROUP>
<GROUP TYPE="Sample">
<GROUP TYPE="Patient" ID="010835601822"></GROUP><GROUP TYPE="Assays" ID=" ">
<GROUP TYPE="Assay" ID="PROTIA Allergy-Q 96M" STATE="Host"/>
</GROUP>
</GROUP>
<GROUP TYPE="Sample">
<GROUP TYPE="Patient" ID="010830807328"></GROUP><GROUP TYPE="Assays" ID=" ">
<GROUP TYPE="Assay" ID="PROTIA Allergy-Q 96M" STATE="Host"/>
</GROUP>
</GROUP>
<GROUP TYPE="Sample">
<GROUP TYPE="Patient" ID="010830807427"></GROUP><GROUP TYPE="Assays" ID=" ">
<GROUP TYPE="Assay" ID="PROTIA Allergy-Q 96M" STATE="Host"/>
</GROUP>
</GROUP>
<GROUP TYPE="Sample">
<GROUP TYPE="Patient" ID="010831017627"></GROUP><GROUP TYPE="Assays" ID=" ">
<GROUP TYPE="Assay" ID="PROTIA Allergy-Q 96M" STATE="Host"/>
</GROUP>
</GROUP>
<GROUP TYPE="Sample">
<GROUP TYPE="Patient" ID="010831015425"></GROUP><GROUP TYPE="Assays" ID=" ">
<GROUP TYPE="Assay" ID="PROTIA Allergy-Q 96M" STATE="Host"/>
</GROUP>
</GROUP>
<GROUP TYPE="Sample">
<GROUP TYPE="Patient" ID="010830878328"></GROUP><GROUP TYPE="Assays" ID=" ">
<GROUP TYPE="Assay" ID="PROTIA Allergy-Q 96M" STATE="Host"/>
</GROUP>
</GROUP>
<GROUP TYPE="Sample">
<GROUP TYPE="Patient" ID="010834115627"></GROUP><GROUP TYPE="Assays" ID=" ">
<GROUP TYPE="Assay" ID="PROTIA Allergy-Q 96M" STATE="Host"/>
</GROUP>
</GROUP>
<GROUP TYPE="Sample">
<GROUP TYPE="Patient" ID="010835400623"></GROUP><GROUP TYPE="Assays" ID=" ">
<GROUP TYPE="Assay" ID="PROTIA Allergy-Q 96M" STATE="Host"/>
</GROUP>
</GROUP>
<GROUP TYPE="Sample">
<GROUP TYPE="Patient" ID="010835411124"></GROUP><GROUP TYPE="Assays" ID=" ">
<GROUP TYPE="Assay" ID="PROTIA Allergy-Q 96M" STATE="Host"/>
</GROUP>
</GROUP>
<GROUP TYPE="Sample">
<GROUP TYPE="Patient" ID="010831014220"></GROUP><GROUP TYPE="Assays" ID=" ">
<GROUP TYPE="Assay" ID="PROTIA Allergy-Q 96M" STATE="Host"/>
</GROUP>
</GROUP>
<GROUP TYPE="Sample">
<GROUP TYPE="Patient" ID="010830978226"></GROUP><GROUP TYPE="Assays" ID=" ">
<GROUP TYPE="Assay" ID="PROTIA Allergy-Q 96M" STATE="Host"/>
</GROUP>
</GROUP>
<GROUP TYPE="Sample">
<GROUP TYPE="Patient" ID="010835956120"></GROUP><GROUP TYPE="Assays" ID=" ">
<GROUP TYPE="Assay" ID="PROTIA Allergy-Q 96M" STATE="Host"/>
</GROUP>
</GROUP>
<GROUP TYPE="Sample">
<GROUP TYPE="Patient" ID="010835955628"></GROUP><GROUP TYPE="Assays" ID=" ">
<GROUP TYPE="Assay" ID="PROTIA Allergy-Q 96M" STATE="Host"/>
</GROUP>
</GROUP>
<GROUP TYPE="Sample">
<GROUP TYPE="Patient" ID="010831270329"></GROUP><GROUP TYPE="Assays" ID=" ">
<GROUP TYPE="Assay" ID="PROTIA Allergy-Q 96M" STATE="Host"/>
</GROUP>
</GROUP>
<GROUP TYPE="Sample">
<GROUP TYPE="Patient" ID="010834832821"></GROUP><GROUP TYPE="Assays" ID=" ">
<GROUP TYPE="Assay" ID="PROTIA Allergy-Q 96M" STATE="Host"/>
</GROUP>
</GROUP>
<GROUP TYPE="Sample">
<GROUP TYPE="Patient" ID="010830466020"></GROUP><GROUP TYPE="Assays" ID=" ">
<GROUP TYPE="Assay" ID="PROTIA Allergy-Q 96M" STATE="Host"/>
</GROUP>
</GROUP>
<GROUP TYPE="Sample">
<GROUP TYPE="Patient" ID="010830509420"></GROUP><GROUP TYPE="Assays" ID=" ">
<GROUP TYPE="Assay" ID="PROTIA Allergy-Q 96M" STATE="Host"/>
</GROUP>
</GROUP>
<GROUP TYPE="Sample">
<GROUP TYPE="Patient" ID="010830064820"></GROUP><GROUP TYPE="Assays" ID=" ">
<GROUP TYPE="Assay" ID="PROTIA Allergy-Q 96M" STATE="Host"/>
</GROUP>
</GROUP>
<GROUP TYPE="Sample">
<GROUP TYPE="Patient" ID="010830064929"></GROUP><GROUP TYPE="Assays" ID=" ">
<GROUP TYPE="Assay" ID="PROTIA Allergy-Q 96M" STATE="Host"/>
</GROUP>
</GROUP>
<GROUP TYPE="Sample">
<GROUP TYPE="Patient" ID="010830400123"></GROUP><GROUP TYPE="Assays" ID=" ">
<GROUP TYPE="Assay" ID="PROTIA Allergy-Q 96M" STATE="Host"/>
</GROUP>
</GROUP>
<GROUP TYPE="Sample">
<GROUP TYPE="Patient" ID="010830400321"></GROUP><GROUP TYPE="Assays" ID=" ">
<GROUP TYPE="Assay" ID="PROTIA Allergy-Q 96M" STATE="Host"/>
</GROUP>
</GROUP>
<GROUP TYPE="Sample">
<GROUP TYPE="Patient" ID="010830465627"></GROUP><GROUP TYPE="Assays" ID=" ">
<GROUP TYPE="Assay" ID="PROTIA Allergy-Q 96M" STATE="Host"/>
</GROUP>
</GROUP>
<GROUP TYPE="Sample">
<GROUP TYPE="Patient" ID="010830089922"></GROUP><GROUP TYPE="Assays" ID=" ">
<GROUP TYPE="Assay" ID="PROTIA Allergy-Q 96M" STATE="Host"/>
</GROUP>
</GROUP>
<GROUP TYPE="Sample">
<GROUP TYPE="Patient" ID="010834564425"></GROUP><GROUP TYPE="Assays" ID=" ">
<GROUP TYPE="Assay" ID="PROTIA Allergy-Q 96M" STATE="Host"/>
</GROUP>
</GROUP>
<GROUP TYPE="Sample">
<GROUP TYPE="Patient" ID="010834561127"></GROUP><GROUP TYPE="Assays" ID=" ">
<GROUP TYPE="Assay" ID="PROTIA Allergy-Q 96M" STATE="Host"/>
</GROUP>
</GROUP>
<GROUP TYPE="Sample">
<GROUP TYPE="Patient" ID="010830261823"></GROUP><GROUP TYPE="Assays" ID=" ">
<GROUP TYPE="Assay" ID="PROTIA Allergy-Q 96M" STATE="Host"/>
</GROUP>
</GROUP>
<GROUP TYPE="Sample">
<GROUP TYPE="Patient" ID="010830261328"></GROUP><GROUP TYPE="Assays" ID=" ">
<GROUP TYPE="Assay" ID="PROTIA Allergy-Q 96M" STATE="Host"/>
</GROUP>
</GROUP>
<GROUP TYPE="Sample">
<GROUP TYPE="Patient" ID="010834535425"></GROUP><GROUP TYPE="Assays" ID=" ">
<GROUP TYPE="Assay" ID="PROTIA Allergy-Q 96M" STATE="Host"/>
</GROUP>
</GROUP>
<GROUP TYPE="Sample">
<GROUP TYPE="Patient" ID="010836861324"></GROUP><GROUP TYPE="Assays" ID=" ">
<GROUP TYPE="Assay" ID="PROTIA Allergy-Q 96M" STATE="Host"/>
</GROUP>
</GROUP>
<GROUP TYPE="Sample">
<GROUP TYPE="Patient" ID="010836831020"></GROUP><GROUP TYPE="Assays" ID=" ">
<GROUP TYPE="Assay" ID="PROTIA Allergy-Q 96M" STATE="Host"/>
</GROUP>
</GROUP>
<GROUP TYPE="Sample">
<GROUP TYPE="Patient" ID="010836807629"></GROUP><GROUP TYPE="Assays" ID=" ">
<GROUP TYPE="Assay" ID="PROTIA Allergy-Q 96M" STATE="Host"/>
</GROUP>
</GROUP>
<GROUP TYPE="Sample">
<GROUP TYPE="Patient" ID="010834313122"></GROUP><GROUP TYPE="Assays" ID=" ">
<GROUP TYPE="Assay" ID="PROTIA Allergy-Q 96M" STATE="Host"/>
</GROUP>
</GROUP>
<GROUP TYPE="Sample">
<GROUP TYPE="Patient" ID="010834412627"></GROUP><GROUP TYPE="Assays" ID=" ">
<GROUP TYPE="Assay" ID="PROTIA Allergy-Q 96M" STATE="Host"/>
</GROUP>
</GROUP>
<GROUP TYPE="Sample">
<GROUP TYPE="Patient" ID="010830430229"></GROUP><GROUP TYPE="Assays" ID=" ">
<GROUP TYPE="Assay" ID="PROTIA Allergy-Q 96M" STATE="Host"/>
</GROUP>
</GROUP>
<GROUP TYPE="Sample">
<GROUP TYPE="Patient" ID="010834582122"></GROUP><GROUP TYPE="Assays" ID=" ">
<GROUP TYPE="Assay" ID="PROTIA Allergy-Q 96M" STATE="Host"/>
</GROUP>
</GROUP>
<GROUP TYPE="Sample">
<GROUP TYPE="Patient" ID="010834582023"></GROUP><GROUP TYPE="Assays" ID=" ">
<GROUP TYPE="Assay" ID="PROTIA Allergy-Q 96M" STATE="Host"/>
</GROUP>
</GROUP>
<GROUP TYPE="Sample">
<GROUP TYPE="Patient" ID="010834581422"></GROUP><GROUP TYPE="Assays" ID=" ">
<GROUP TYPE="Assay" ID="PROTIA Allergy-Q 96M" STATE="Host"/>
</GROUP>
</GROUP>
<GROUP TYPE="Sample">
<GROUP TYPE="Patient" ID="010830279125"></GROUP><GROUP TYPE="Assays" ID=" ">
<GROUP TYPE="Assay" ID="PROTIA Allergy-Q 96M" STATE="Host"/>
</GROUP>
</GROUP>
<GROUP TYPE="Sample">
<GROUP TYPE="Patient" ID="010830508621"></GROUP><GROUP TYPE="Assays" ID=" ">
<GROUP TYPE="Assay" ID="PROTIA Allergy-Q 96M" STATE="Host"/>
</GROUP>
</GROUP>
<GROUP TYPE="Sample">
<GROUP TYPE="Patient" ID="010834260327"></GROUP><GROUP TYPE="Assays" ID=" ">
<GROUP TYPE="Assay" ID="PROTIA Allergy-Q 96M" STATE="Host"/>
</GROUP>
</GROUP>
<GROUP TYPE="Sample">
<GROUP TYPE="Patient" ID="010834300122"></GROUP><GROUP TYPE="Assays" ID=" ">
<GROUP TYPE="Assay" ID="PROTIA Allergy-Q 96M" STATE="Host"/>
</GROUP>
</GROUP>
<GROUP TYPE="Sample">
<GROUP TYPE="Patient" ID="010830300522"></GROUP><GROUP TYPE="Assays" ID=" ">
<GROUP TYPE="Assay" ID="PROTIA Allergy-Q 96M" STATE="Host"/>
</GROUP>
</GROUP>
<GROUP TYPE="Sample">
<GROUP TYPE="Patient" ID="010830297921"></GROUP><GROUP TYPE="Assays" ID=" ">
<GROUP TYPE="Assay" ID="PROTIA Allergy-Q 96M" STATE="Host"/>
</GROUP>
</GROUP>
<GROUP TYPE="Sample">
<GROUP TYPE="Patient" ID="010830225122"></GROUP><GROUP TYPE="Assays" ID=" ">
<GROUP TYPE="Assay" ID="PROTIA Allergy-Q 96M" STATE="Host"/>
</GROUP>
</GROUP>
<GROUP TYPE="Sample">
<GROUP TYPE="Patient" ID="010834813523"></GROUP><GROUP TYPE="Assays" ID=" ">
<GROUP TYPE="Assay" ID="PROTIA Allergy-Q 96M" STATE="Host"/>
</GROUP>
</GROUP>
<GROUP TYPE="Sample">
<GROUP TYPE="Patient" ID="010830705525"></GROUP><GROUP TYPE="Assays" ID=" ">
<GROUP TYPE="Assay" ID="PROTIA Allergy-Q 96M" STATE="Host"/>
</GROUP>
</GROUP>
<GROUP TYPE="Sample">
<GROUP TYPE="Patient" ID="010830700223"></GROUP><GROUP TYPE="Assays" ID=" ">
<GROUP TYPE="Assay" ID="PROTIA Allergy-Q 96M" STATE="Host"/>
</GROUP>
</GROUP>
<GROUP TYPE="Sample">
<GROUP TYPE="Patient" ID="010830705723"></GROUP><GROUP TYPE="Assays" ID=" ">
<GROUP TYPE="Assay" ID="PROTIA Allergy-Q 96M" STATE="Host"/>
</GROUP>
</GROUP>
<GROUP TYPE="Sample">
<GROUP TYPE="Patient" ID="010830705921"></GROUP><GROUP TYPE="Assays" ID=" ">
<GROUP TYPE="Assay" ID="PROTIA Allergy-Q 96M" STATE="Host"/>
</GROUP>
</GROUP>
<GROUP TYPE="Sample">
<GROUP TYPE="Patient" ID="010834964423"></GROUP><GROUP TYPE="Assays" ID=" ">
<GROUP TYPE="Assay" ID="PROTIA Allergy-Q 96M" STATE="Host"/>
</GROUP>
</GROUP>
<GROUP TYPE="Sample">
<GROUP TYPE="Patient" ID="010834390727"></GROUP><GROUP TYPE="Assays" ID=" ">
<GROUP TYPE="Assay" ID="PROTIA Allergy-Q 96M" STATE="Host"/>
</GROUP>
</GROUP>
<GROUP TYPE="Sample">
<GROUP TYPE="Patient" ID="010834388526"></GROUP><GROUP TYPE="Assays" ID=" ">
<GROUP TYPE="Assay" ID="PROTIA Allergy-Q 96M" STATE="Host"/>
</GROUP>
</GROUP>
<GROUP TYPE="Sample">
<GROUP TYPE="Patient" ID="010834809427"></GROUP><GROUP TYPE="Assays" ID=" ">
<GROUP TYPE="Assay" ID="PROTIA Allergy-Q 96M" STATE="Host"/>
</GROUP>
</GROUP>
<GROUP TYPE="Sample">
<GROUP TYPE="Patient" ID="010834809724"></GROUP><GROUP TYPE="Assays" ID=" ">
<GROUP TYPE="Assay" ID="PROTIA Allergy-Q 96M" STATE="Host"/>
</GROUP>
</GROUP>
<GROUP TYPE="Sample">
<GROUP TYPE="Patient" ID="010830724328"></GROUP><GROUP TYPE="Assays" ID=" ">
<GROUP TYPE="Assay" ID="PROTIA Allergy-Q 96M" STATE="Host"/>
</GROUP>
</GROUP>
<GROUP TYPE="Sample">
<GROUP TYPE="Patient" ID="010834751627"></GROUP><GROUP TYPE="Assays" ID=" ">
<GROUP TYPE="Assay" ID="PROTIA Allergy-Q 96M" STATE="Host"/>
</GROUP>
</GROUP>
<GROUP TYPE="Sample">
<GROUP TYPE="Patient" ID="010830400222"></GROUP><GROUP TYPE="Assays" ID=" ">
<GROUP TYPE="Assay" ID="PROTIA Allergy-Q 96M" STATE="Host"/>
</GROUP>
</GROUP>
<GROUP TYPE="Sample">
<GROUP TYPE="Patient" ID="010830016324"></GROUP><GROUP TYPE="Assays" ID=" ">
<GROUP TYPE="Assay" ID="PROTIA Allergy-Q 96M" STATE="Host"/>
</GROUP>
</GROUP>
<GROUP TYPE="Sample">
<GROUP TYPE="Patient" ID="010830465924"></GROUP><GROUP TYPE="Assays" ID=" ">
<GROUP TYPE="Assay" ID="PROTIA Allergy-Q 96M" STATE="Host"/>
</GROUP>
</GROUP>
<GROUP TYPE="Sample">
<GROUP TYPE="Patient" ID="010830070722"></GROUP><GROUP TYPE="Assays" ID=" ">
<GROUP TYPE="Assay" ID="PROTIA Allergy-Q 96M" STATE="Host"/>
</GROUP>
</GROUP>
<GROUP TYPE="Sample">
<GROUP TYPE="Patient" ID="010830274229"></GROUP><GROUP TYPE="Assays" ID=" ">
<GROUP TYPE="Assay" ID="PROTIA Allergy-Q 96M" STATE="Host"/>
</GROUP>
</GROUP>
<GROUP TYPE="Sample">
<GROUP TYPE="Patient" ID="010834504520"></GROUP><GROUP TYPE="Assays" ID=" ">
<GROUP TYPE="Assay" ID="PROTIA Allergy-Q 96M" STATE="Host"/>
</GROUP>
</GROUP>
<GROUP TYPE="Sample">
<GROUP TYPE="Patient" ID="010830279224"></GROUP><GROUP TYPE="Assays" ID=" ">
<GROUP TYPE="Assay" ID="PROTIA Allergy-Q 96M" STATE="Host"/>
</GROUP>
</GROUP>
<GROUP TYPE="Sample">
<GROUP TYPE="Patient" ID="010834279121"></GROUP><GROUP TYPE="Assays" ID=" ">
<GROUP TYPE="Assay" ID="PROTIA Allergy-Q 96M" STATE="Host"/>
</GROUP>
</GROUP>
<GROUP TYPE="Sample">
<GROUP TYPE="Patient" ID="010830211224"></GROUP><GROUP TYPE="Assays" ID=" ">
<GROUP TYPE="Assay" ID="PROTIA Allergy-Q 96M" STATE="Host"/>
</GROUP>
</GROUP>
<GROUP TYPE="Sample">
<GROUP TYPE="Patient" ID="010830225320"></GROUP><GROUP TYPE="Assays" ID=" ">
<GROUP TYPE="Assay" ID="PROTIA Allergy-Q 96M" STATE="Host"/>
</GROUP>
</GROUP>
<GROUP TYPE="Sample">
<GROUP TYPE="Patient" ID="010830238726"></GROUP><GROUP TYPE="Assays" ID=" ">
<GROUP TYPE="Assay" ID="PROTIA Allergy-Q 96M" STATE="Host"/>
</GROUP>
</GROUP>
<GROUP TYPE="Sample">
<GROUP TYPE="Patient" ID="010836050124"></GROUP><GROUP TYPE="Assays" ID=" ">
<GROUP TYPE="Assay" ID="PROTIA Allergy-Q 96M" STATE="Host"/>
</GROUP>
</GROUP>
<GROUP TYPE="Sample">
<GROUP TYPE="Patient" ID="010834934020"></GROUP><GROUP TYPE="Assays" ID=" ">
<GROUP TYPE="Assay" ID="PROTIA Allergy-Q 96M" STATE="Host"/>
</GROUP>
</GROUP>
<GROUP TYPE="Sample">
<GROUP TYPE="Patient" ID="010830724229"></GROUP><GROUP TYPE="Assays" ID=" ">
<GROUP TYPE="Assay" ID="PROTIA Allergy-Q 96M" STATE="Host"/>
</GROUP>
</GROUP>
<GROUP TYPE="Sample">
<GROUP TYPE="Patient" ID="010834758527"></GROUP><GROUP TYPE="Assays" ID=" ">
<GROUP TYPE="Assay" ID="PROTIA Allergy-Q 96M" STATE="Host"/>
</GROUP>
</GROUP>
<GROUP TYPE="Sample">
<GROUP TYPE="Patient" ID="010830485328"></GROUP><GROUP TYPE="Assays" ID=" ">
<GROUP TYPE="Assay" ID="PROTIA Allergy-Q 96M" STATE="Host"/>
</GROUP>
</GROUP>
<GROUP TYPE="Sample">
<GROUP TYPE="Patient" ID="010830472724"></GROUP><GROUP TYPE="Assays" ID=" ">
<GROUP TYPE="Assay" ID="PROTIA Allergy-Q 96M" STATE="Host"/>
</GROUP>
</GROUP>
<GROUP TYPE="Sample">
<GROUP TYPE="Patient" ID="010834536125"></GROUP><GROUP TYPE="Assays" ID=" ">
<GROUP TYPE="Assay" ID="PROTIA Allergy-Q 96M" STATE="Host"/>
</GROUP>
</GROUP>
<GROUP TYPE="Sample">
<GROUP TYPE="Patient" ID="010830016126"></GROUP><GROUP TYPE="Assays" ID=" ">
<GROUP TYPE="Assay" ID="PROTIA Allergy-Q 96M" STATE="Host"/>
</GROUP>
</GROUP>
<GROUP TYPE="Sample">
<GROUP TYPE="Patient" ID="010830068125"></GROUP><GROUP TYPE="Assays" ID=" ">
<GROUP TYPE="Assay" ID="PROTIA Allergy-Q 96M" STATE="Host"/>
</GROUP>
</GROUP>
<GROUP TYPE="Sample">
<GROUP TYPE="Patient" ID="010830014726"></GROUP><GROUP TYPE="Assays" ID=" ">
<GROUP TYPE="Assay" ID="PROTIA Allergy-Q 96M" STATE="Host"/>
</GROUP>
</GROUP>
<GROUP TYPE="Sample">
<GROUP TYPE="Patient" ID="010830070821"></GROUP><GROUP TYPE="Assays" ID=" ">
<GROUP TYPE="Assay" ID="PROTIA Allergy-Q 96M" STATE="Host"/>
</GROUP>
</GROUP>
<GROUP TYPE="Sample">
<GROUP TYPE="Patient" ID="010830054425"></GROUP><GROUP TYPE="Assays" ID=" ">
<GROUP TYPE="Assay" ID="PROTIA Allergy-Q 96M" STATE="Host"/>
</GROUP>
</GROUP>
<GROUP TYPE="Sample">
<GROUP TYPE="Patient" ID="010830091420"></GROUP><GROUP TYPE="Assays" ID=" ">
<GROUP TYPE="Assay" ID="PROTIA Allergy-Q 96M" STATE="Host"/>
</GROUP>
</GROUP>
<GROUP TYPE="Sample">
<GROUP TYPE="Patient" ID="010834360522"></GROUP><GROUP TYPE="Assays" ID=" ">
<GROUP TYPE="Assay" ID="PROTIA Allergy-Q 96M" STATE="Host"/>
</GROUP>
</GROUP>
<GROUP TYPE="Sample">
<GROUP TYPE="Patient" ID="010834360621"></GROUP><GROUP TYPE="Assays" ID=" ">
<GROUP TYPE="Assay" ID="PROTIA Allergy-Q 96M" STATE="Host"/>
</GROUP>
</GROUP>
<GROUP TYPE="Sample">
<GROUP TYPE="Patient" ID="010836190820"></GROUP><GROUP TYPE="Assays" ID=" ">
<GROUP TYPE="Assay" ID="PROTIA Allergy-Q 96M" STATE="Host"/>
</GROUP>
</GROUP>
<GROUP TYPE="Sample">
<GROUP TYPE="Patient" ID="010834226828"></GROUP><GROUP TYPE="Assays" ID=" ">
<GROUP TYPE="Assay" ID="PROTIA Allergy-Q 96M" STATE="Host"/>
</GROUP>
</GROUP>
<GROUP TYPE="Sample">
<GROUP TYPE="Patient" ID="010834229621"></GROUP><GROUP TYPE="Assays" ID=" ">
<GROUP TYPE="Assay" ID="PROTIA Allergy-Q 96M" STATE="Host"/>
</GROUP>
</GROUP>
<GROUP TYPE="Sample">
<GROUP TYPE="Patient" ID="010834226927"></GROUP><GROUP TYPE="Assays" ID=" ">
<GROUP TYPE="Assay" ID="PROTIA Allergy-Q 96M" STATE="Host"/>
</GROUP>
</GROUP>
<GROUP TYPE="Sample">
<GROUP TYPE="Patient" ID="010834560427"></GROUP><GROUP TYPE="Assays" ID=" ">
<GROUP TYPE="Assay" ID="PROTIA Allergy-Q 96M" STATE="Host"/>
</GROUP>
</GROUP>
<GROUP TYPE="Sample">
<GROUP TYPE="Patient" ID="010834564326"></GROUP><GROUP TYPE="Assays" ID=" ">
<GROUP TYPE="Assay" ID="PROTIA Allergy-Q 96M" STATE="Host"/>
</GROUP>
</GROUP>
<GROUP TYPE="Sample">
<GROUP TYPE="Patient" ID="010836183525"></GROUP><GROUP TYPE="Assays" ID=" ">
<GROUP TYPE="Assay" ID="PROTIA Allergy-Q 96M" STATE="Host"/>
</GROUP>
</GROUP>
<GROUP TYPE="Sample">
<GROUP TYPE="Patient" ID="010831055025"></GROUP><GROUP TYPE="Assays" ID=" ">
<GROUP TYPE="Assay" ID="PROTIA Allergy-Q 96M" STATE="Host"/>
</GROUP>
</GROUP>
<GROUP TYPE="Sample">
<GROUP TYPE="Patient" ID="010831054929"></GROUP><GROUP TYPE="Assays" ID=" ">
<GROUP TYPE="Assay" ID="PROTIA Allergy-Q 96M" STATE="Host"/>
</GROUP>
</GROUP>
<GROUP TYPE="Sample">
<GROUP TYPE="Patient" ID="010837658428"></GROUP><GROUP TYPE="Assays" ID=" ">
<GROUP TYPE="Assay" ID="PROTIA Allergy-Q 96M" STATE="Host"/>
</GROUP>
</GROUP>
<GROUP TYPE="Sample">
<GROUP TYPE="Patient" ID="010837675623"></GROUP><GROUP TYPE="Assays" ID=" ">
<GROUP TYPE="Assay" ID="PROTIA Allergy-Q 96M" STATE="Host"/>
</GROUP>
</GROUP>
<GROUP TYPE="Sample">
<GROUP TYPE="Patient" ID="010837675920"></GROUP><GROUP TYPE="Assays" ID=" ">
<GROUP TYPE="Assay" ID="PROTIA Allergy-Q 96M" STATE="Host"/>
</GROUP>
</GROUP>
<GROUP TYPE="Sample">
<GROUP TYPE="Patient" ID="010830878229"></GROUP><GROUP TYPE="Assays" ID=" ">
<GROUP TYPE="Assay" ID="PROTIA Allergy-Q 96M" STATE="Host"/>
</GROUP>
</GROUP>
<GROUP TYPE="Sample">
<GROUP TYPE="Patient" ID="010835400524"></GROUP><GROUP TYPE="Assays" ID=" ">
<GROUP TYPE="Assay" ID="PROTIA Allergy-Q 96M" STATE="Host"/>
</GROUP>
</GROUP>
<GROUP TYPE="Sample">
<GROUP TYPE="Patient" ID="010830980021"></GROUP><GROUP TYPE="Assays" ID=" ">
<GROUP TYPE="Assay" ID="PROTIA Allergy-Q 96M" STATE="Host"/>
</GROUP>
</GROUP>
<GROUP TYPE="Sample">
<GROUP TYPE="Patient" ID="010831589124"></GROUP><GROUP TYPE="Assays" ID=" ">
<GROUP TYPE="Assay" ID="PROTIA Allergy-Q 96M" STATE="Host"/>
</GROUP>
</GROUP>
<GROUP TYPE="Sample">
<GROUP TYPE="Patient" ID="010831543324"></GROUP><GROUP TYPE="Assays" ID=" ">
<GROUP TYPE="Assay" ID="PROTIA Allergy-Q 96M" STATE="Host"/>
</GROUP>
</GROUP>
<GROUP TYPE="Sample">
<GROUP TYPE="Patient" ID="010831511323"></GROUP><GROUP TYPE="Assays" ID=" ">
<GROUP TYPE="Assay" ID="PROTIA Allergy-Q 96M" STATE="Host"/>
</GROUP>
</GROUP>
<GROUP TYPE="Sample">
<GROUP TYPE="Patient" ID="010831511125"></GROUP><GROUP TYPE="Assays" ID=" ">
<GROUP TYPE="Assay" ID="PROTIA Allergy-Q 96M" STATE="Host"/>
</GROUP>
</GROUP>
<GROUP TYPE="Sample">
<GROUP TYPE="Patient" ID="010831500228"></GROUP><GROUP TYPE="Assays" ID=" ">
<GROUP TYPE="Assay" ID="PROTIA Allergy-Q 96M" STATE="Host"/>
</GROUP>
</GROUP>
<GROUP TYPE="Sample">
<GROUP TYPE="Patient" ID="010830485229"></GROUP><GROUP TYPE="Assays" ID=" ">
<GROUP TYPE="Assay" ID="PROTIA Allergy-Q 96M" STATE="Host"/>
</GROUP>
</GROUP>
<GROUP TYPE="Sample">
<GROUP TYPE="Patient" ID="010830430120"></GROUP><GROUP TYPE="Assays" ID=" ">
<GROUP TYPE="Assay" ID="PROTIA Allergy-Q 96M" STATE="Host"/>
</GROUP>
</GROUP>
<GROUP TYPE="Sample">
<GROUP TYPE="Patient" ID="010834418025"></GROUP><GROUP TYPE="Assays" ID=" ">
<GROUP TYPE="Assay" ID="PROTIA Allergy-Q 96M" STATE="Host"/>
</GROUP>
</GROUP>
<GROUP TYPE="Sample">
<GROUP TYPE="Patient" ID="010831626126"></GROUP><GROUP TYPE="Assays" ID=" ">
<GROUP TYPE="Assay" ID="PROTIA Allergy-Q 96M" STATE="Host"/>
</GROUP>
</GROUP>
<GROUP TYPE="Sample">
<GROUP TYPE="Patient" ID="010837508822"></GROUP><GROUP TYPE="Assays" ID=" ">
<GROUP TYPE="Assay" ID="PROTIA Allergy-Q 96M" STATE="Host"/>
</GROUP>
</GROUP>
<GROUP TYPE="Sample">
<GROUP TYPE="Patient" ID="010831004627"></GROUP><GROUP TYPE="Assays" ID=" ">
<GROUP TYPE="Assay" ID="PROTIA Allergy-Q 96M" STATE="Host"/>
</GROUP>
</GROUP>
<GROUP TYPE="Sample">
<GROUP TYPE="Patient" ID="010830956125"></GROUP><GROUP TYPE="Assays" ID=" ">
<GROUP TYPE="Assay" ID="PROTIA Allergy-Q 96M" STATE="Host"/>
</GROUP>
</GROUP>
<GROUP TYPE="Sample">
<GROUP TYPE="Patient" ID="010830956224"></GROUP><GROUP TYPE="Assays" ID=" ">
<GROUP TYPE="Assay" ID="PROTIA Allergy-Q 96M" STATE="Host"/>
</GROUP>
</GROUP>
<GROUP TYPE="Sample">
<GROUP TYPE="Patient" ID="010830830722"></GROUP><GROUP TYPE="Assays" ID=" ">
<GROUP TYPE="Assay" ID="PROTIA Allergy-Q 96M" STATE="Host"/>
</GROUP>
</GROUP>
<GROUP TYPE="Sample">
<GROUP TYPE="Patient" ID="010834536521"></GROUP><GROUP TYPE="Assays" ID=" ">
<GROUP TYPE="Assay" ID="PROTIA Allergy-Q 96M" STATE="Host"/>
</GROUP>
</GROUP>
<GROUP TYPE="Sample">
<GROUP TYPE="Patient" ID="010834542829"></GROUP><GROUP TYPE="Assays" ID=" ">
<GROUP TYPE="Assay" ID="PROTIA Allergy-Q 96M" STATE="Host"/>
</GROUP>
</GROUP>
<GROUP TYPE="Sample">
<GROUP TYPE="Patient" ID="010831581524"></GROUP><GROUP TYPE="Assays" ID=" ">
<GROUP TYPE="Assay" ID="PROTIA Allergy-Q 96M" STATE="Host"/>
</GROUP>
</GROUP>
<GROUP TYPE="Sample">
<GROUP TYPE="Patient" ID="010835400425"></GROUP><GROUP TYPE="Assays" ID=" ">
<GROUP TYPE="Assay" ID="PROTIA Allergy-Q 96M" STATE="Host"/>
</GROUP>
</GROUP>
<GROUP TYPE="Sample">
<GROUP TYPE="Patient" ID="010831272422"></GROUP><GROUP TYPE="Assays" ID=" ">
<GROUP TYPE="Assay" ID="PROTIA Allergy-Q 96M" STATE="Host"/>
</GROUP>
</GROUP>
<GROUP TYPE="Sample">
<GROUP TYPE="Patient" ID="010837712427"></GROUP><GROUP TYPE="Assays" ID=" ">
<GROUP TYPE="Assay" ID="PROTIA Allergy-Q 96M" STATE="Host"/>
</GROUP>
</GROUP>
<GROUP TYPE="Sample">
<GROUP TYPE="Patient" ID="010831542020"></GROUP><GROUP TYPE="Assays" ID=" ">
<GROUP TYPE="Assay" ID="PROTIA Allergy-Q 96M" STATE="Host"/>
</GROUP>
</GROUP>
<GROUP TYPE="Sample">
<GROUP TYPE="Patient" ID="010834619620"></GROUP><GROUP TYPE="Assays" ID=" ">
<GROUP TYPE="Assay" ID="PROTIA Allergy-Q 96M" STATE="Host"/>
</GROUP>
</GROUP>
<GROUP TYPE="Sample">
<GROUP TYPE="Patient" ID="010834619521"></GROUP><GROUP TYPE="Assays" ID=" ">
<GROUP TYPE="Assay" ID="PROTIA Allergy-Q 96M" STATE="Host"/>
</GROUP>
</GROUP>
<GROUP TYPE="Sample">
<GROUP TYPE="Patient" ID="010831520523"></GROUP><GROUP TYPE="Assays" ID=" ">
<GROUP TYPE="Assay" ID="PROTIA Allergy-Q 96M" STATE="Host"/>
</GROUP>
</GROUP>
<GROUP TYPE="Sample">
<GROUP TYPE="Patient" ID="010831621220"></GROUP><GROUP TYPE="Assays" ID=" ">
<GROUP TYPE="Assay" ID="PROTIA Allergy-Q 96M" STATE="Host"/>
</GROUP>
</GROUP>
<GROUP TYPE="Sample">
<GROUP TYPE="Patient" ID="010834664828"></GROUP><GROUP TYPE="Assays" ID=" ">
<GROUP TYPE="Assay" ID="PROTIA Allergy-Q 96M" STATE="Host"/>
</GROUP>
</GROUP>
<GROUP TYPE="Sample">
<GROUP TYPE="Patient" ID="010837408528"></GROUP><GROUP TYPE="Assays" ID=" ">
<GROUP TYPE="Assay" ID="PROTIA Allergy-Q 96M" STATE="Host"/>
</GROUP>
</GROUP>
<GROUP TYPE="Sample">
<GROUP TYPE="Patient" ID="010837408221"></GROUP><GROUP TYPE="Assays" ID=" ">
<GROUP TYPE="Assay" ID="PROTIA Allergy-Q 96M" STATE="Host"/>
</GROUP>
</GROUP>
<GROUP TYPE="Sample">
<GROUP TYPE="Patient" ID="010837408429"></GROUP><GROUP TYPE="Assays" ID=" ">
<GROUP TYPE="Assay" ID="PROTIA Allergy-Q 96M" STATE="Host"/>
</GROUP>
</GROUP>
<GROUP TYPE="Sample">
<GROUP TYPE="Patient" ID="010837408320"></GROUP><GROUP TYPE="Assays" ID=" ">
<GROUP TYPE="Assay" ID="PROTIA Allergy-Q 96M" STATE="Host"/>
</GROUP>
</GROUP>
<GROUP TYPE="Sample">
<GROUP TYPE="Patient" ID="010831566422"></GROUP><GROUP TYPE="Assays" ID=" ">
<GROUP TYPE="Assay" ID="PROTIA Allergy-Q 96M" STATE="Host"/>
</GROUP>
</GROUP>
<GROUP TYPE="Sample">
<GROUP TYPE="Patient" ID="010830956828"></GROUP><GROUP TYPE="Assays" ID=" ">
<GROUP TYPE="Assay" ID="PROTIA Allergy-Q 96M" STATE="Host"/>
</GROUP>
</GROUP>
<GROUP TYPE="Sample">
<GROUP TYPE="Patient" ID="010830815125"></GROUP><GROUP TYPE="Assays" ID=" ">
<GROUP TYPE="Assay" ID="PROTIA Allergy-Q 96M" STATE="Host"/>
</GROUP>
</GROUP>
<GROUP TYPE="Sample">
<GROUP TYPE="Patient" ID="010837677825"></GROUP><GROUP TYPE="Assays" ID=" ">
<GROUP TYPE="Assay" ID="PROTIA Allergy-Q 96M" STATE="Host"/>
</GROUP>
</GROUP>
<GROUP TYPE="Sample">
<GROUP TYPE="Patient" ID="010831589025"></GROUP><GROUP TYPE="Assays" ID=" ">
<GROUP TYPE="Assay" ID="PROTIA Allergy-Q 96M" STATE="Host"/>
</GROUP>
</GROUP>
<GROUP TYPE="Sample">
<GROUP TYPE="Patient" ID="010831520424"></GROUP><GROUP TYPE="Assays" ID=" ">
<GROUP TYPE="Assay" ID="PROTIA Allergy-Q 96M" STATE="Host"/>
</GROUP>
</GROUP>
<GROUP TYPE="Sample">
<GROUP TYPE="Patient" ID="010836336426"></GROUP><GROUP TYPE="Assays" ID=" ">
<GROUP TYPE="Assay" ID="PROTIA Allergy-Q 96M" STATE="Host"/>
</GROUP>
</GROUP>
<GROUP TYPE="Sample">
<GROUP TYPE="Patient" ID="010831585928"></GROUP><GROUP TYPE="Assays" ID=" ">
<GROUP TYPE="Assay" ID="PROTIA Allergy-Q 96M" STATE="Host"/>
</GROUP>
</GROUP>
<GROUP TYPE="Sample">
<GROUP TYPE="Patient" ID="010835878620"></GROUP><GROUP TYPE="Assays" ID=" ">
<GROUP TYPE="Assay" ID="PROTIA Allergy-Q 96M" STATE="Host"/>
</GROUP>
</GROUP>
<GROUP TYPE="Sample">
<GROUP TYPE="Patient" ID="010837411429"></GROUP><GROUP TYPE="Assays" ID=" ">
<GROUP TYPE="Assay" ID="PROTIA Allergy-Q 96M" STATE="Host"/>
</GROUP>
</GROUP>
<GROUP TYPE="Sample">
<GROUP TYPE="Patient" ID="010831548824"></GROUP><GROUP TYPE="Assays" ID=" ">
<GROUP TYPE="Assay" ID="PROTIA Allergy-Q 96M" STATE="Host"/>
</GROUP>
</GROUP>
<GROUP TYPE="Sample">
<GROUP TYPE="Patient" ID="010831548923"></GROUP><GROUP TYPE="Assays" ID=" ">
<GROUP TYPE="Assay" ID="PROTIA Allergy-Q 96M" STATE="Host"/>
</GROUP>
</GROUP>
<GROUP TYPE="Sample">
<GROUP TYPE="Patient" ID="010834625522"></GROUP><GROUP TYPE="Assays" ID=" ">
<GROUP TYPE="Assay" ID="PROTIA Allergy-Q 96M" STATE="Host"/>
</GROUP>
</GROUP>
<GROUP TYPE="Sample">
<GROUP TYPE="Patient" ID="010834671123"></GROUP><GROUP TYPE="Assays" ID=" ">
<GROUP TYPE="Assay" ID="PROTIA Allergy-Q 96M" STATE="Host"/>
</GROUP>
</GROUP>
<GROUP TYPE="Sample">
<GROUP TYPE="Patient" ID="010834625423"></GROUP><GROUP TYPE="Assays" ID=" ">
<GROUP TYPE="Assay" ID="PROTIA Allergy-Q 96M" STATE="Host"/>
</GROUP>
</GROUP>
</GROUP>