<?xml version="1.0" encoding="utf-8"?><GROUP NAME="WORKLIST" TYPE="HOST" VERSION="00.00.00.00">
<GROUP TYPE="Sample">
<GROUP TYPE="Patient" ID="001920667120"></GROUP><GROUP TYPE="Assays" ID=" ">
<GROUP TYPE="Assay" ID="PROTIA Allergy-Q 96M" STATE="Host"/>
</GROUP>
</GROUP>
<GROUP TYPE="Sample">
<GROUP TYPE="Patient" ID="001920851826"></GROUP><GROUP TYPE="Assays" ID=" ">
<GROUP TYPE="Assay" ID="PROTIA Allergy-Q 96M" STATE="Host"/>
</GROUP>
</GROUP>
<GROUP TYPE="Sample">
<GROUP TYPE="Patient" ID="001921095120"></GROUP><GROUP TYPE="Assays" ID=" ">
<GROUP TYPE="Assay" ID="PROTIA Allergy-Q 96M" STATE="Host"/>
</GROUP>
</GROUP>
<GROUP TYPE="Sample">
<GROUP TYPE="Patient" ID="001921400122"></GROUP><GROUP TYPE="Assays" ID=" ">
<GROUP TYPE="Assay" ID="PROTIA Allergy-Q 96M" STATE="Host"/>
</GROUP>
</GROUP>
<GROUP TYPE="Sample">
<GROUP TYPE="Patient" ID="001921500525"></GROUP><GROUP TYPE="Assays" ID=" ">
<GROUP TYPE="Assay" ID="PROTIA Allergy-Q 96M" STATE="Host"/>
</GROUP>
</GROUP>
<GROUP TYPE="Sample">
<GROUP TYPE="Patient" ID="001921500723"></GROUP><GROUP TYPE="Assays" ID=" ">
<GROUP TYPE="Assay" ID="PROTIA Allergy-Q 96M" STATE="Host"/>
</GROUP>
</GROUP>
<GROUP TYPE="Sample">
<GROUP TYPE="Patient" ID="001921501225"></GROUP><GROUP TYPE="Assays" ID=" ">
<GROUP TYPE="Assay" ID="PROTIA Allergy-Q 96M" STATE="Host"/>
</GROUP>
</GROUP>
<GROUP TYPE="Sample">
<GROUP TYPE="Patient" ID="001921501324"></GROUP><GROUP TYPE="Assays" ID=" ">
<GROUP TYPE="Assay" ID="PROTIA Allergy-Q 96M" STATE="Host"/>
</GROUP>
</GROUP>
<GROUP TYPE="Sample">
<GROUP TYPE="Patient" ID="001921501423"></GROUP><GROUP TYPE="Assays" ID=" ">
<GROUP TYPE="Assay" ID="PROTIA Allergy-Q 96M" STATE="Host"/>
</GROUP>
</GROUP>
<GROUP TYPE="Sample">
<GROUP TYPE="Patient" ID="001921607224"></GROUP><GROUP TYPE="Assays" ID=" ">
<GROUP TYPE="Assay" ID="PROTIA Allergy-Q 96M" STATE="Host"/>
</GROUP>
</GROUP>
<GROUP TYPE="Sample">
<GROUP TYPE="Patient" ID="001921607521"></GROUP><GROUP TYPE="Assays" ID=" ">
<GROUP TYPE="Assay" ID="PROTIA Allergy-Q 96M" STATE="Host"/>
</GROUP>
</GROUP>
<GROUP TYPE="Sample">
<GROUP TYPE="Patient" ID="001921691124"></GROUP><GROUP TYPE="Assays" ID=" ">
<GROUP TYPE="Assay" ID="PROTIA Allergy-Q 96M" STATE="Host"/>
</GROUP>
</GROUP>
<GROUP TYPE="Sample">
<GROUP TYPE="Patient" ID="001922380522"></GROUP><GROUP TYPE="Assays" ID=" ">
<GROUP TYPE="Assay" ID="PROTIA Allergy-Q 96M" STATE="Host"/>
</GROUP>
</GROUP>
<GROUP TYPE="Sample">
<GROUP TYPE="Patient" ID="001923840520"></GROUP><GROUP TYPE="Assays" ID=" ">
<GROUP TYPE="Assay" ID="PROTIA Allergy-Q 96M" STATE="Host"/>
</GROUP>
</GROUP>
<GROUP TYPE="Sample">
<GROUP TYPE="Patient" ID="001923912128"></GROUP><GROUP TYPE="Assays" ID=" ">
<GROUP TYPE="Assay" ID="PROTIA Allergy-Q 96M" STATE="Host"/>
</GROUP>
</GROUP>
<GROUP TYPE="Sample">
<GROUP TYPE="Patient" ID="001924449623"></GROUP><GROUP TYPE="Assays" ID=" ">
<GROUP TYPE="Assay" ID="PROTIA Allergy-Q 96M" STATE="Host"/>
</GROUP>
</GROUP>
<GROUP TYPE="Sample">
<GROUP TYPE="Patient" ID="001924547923"></GROUP><GROUP TYPE="Assays" ID=" ">
<GROUP TYPE="Assay" ID="PROTIA Allergy-Q 96M" STATE="Host"/>
</GROUP>
</GROUP>
<GROUP TYPE="Sample">
<GROUP TYPE="Patient" ID="001925325728"></GROUP><GROUP TYPE="Assays" ID=" ">
<GROUP TYPE="Assay" ID="PROTIA Allergy-Q 96M" STATE="Host"/>
</GROUP>
</GROUP>
<GROUP TYPE="Sample">
<GROUP TYPE="Patient" ID="001925351222"></GROUP><GROUP TYPE="Assays" ID=" ">
<GROUP TYPE="Assay" ID="PROTIA Allergy-Q 96M" STATE="Host"/>
</GROUP>
</GROUP>
<GROUP TYPE="Sample">
<GROUP TYPE="Patient" ID="001925403327"></GROUP><GROUP TYPE="Assays" ID=" ">
<GROUP TYPE="Assay" ID="PROTIA Allergy-Q 96M" STATE="Host"/>
</GROUP>
</GROUP>
<GROUP TYPE="Sample">
<GROUP TYPE="Patient" ID="001925403426"></GROUP><GROUP TYPE="Assays" ID=" ">
<GROUP TYPE="Assay" ID="PROTIA Allergy-Q 96M" STATE="Host"/>
</GROUP>
</GROUP>
<GROUP TYPE="Sample">
<GROUP TYPE="Patient" ID="001925984321"></GROUP><GROUP TYPE="Assays" ID=" ">
<GROUP TYPE="Assay" ID="PROTIA Allergy-Q 96M" STATE="Host"/>
</GROUP>
</GROUP>
<GROUP TYPE="Sample">
<GROUP TYPE="Patient" ID="001926843221"></GROUP><GROUP TYPE="Assays" ID=" ">
<GROUP TYPE="Assay" ID="PROTIA Allergy-Q 96M" STATE="Host"/>
</GROUP>
</GROUP>
<GROUP TYPE="Sample">
<GROUP TYPE="Patient" ID="001927403523"></GROUP><GROUP TYPE="Assays" ID=" ">
<GROUP TYPE="Assay" ID="PROTIA Allergy-Q 96M" STATE="Host"/>
</GROUP>
</GROUP>
<GROUP TYPE="Sample">
<GROUP TYPE="Patient" ID="001927404124"></GROUP><GROUP TYPE="Assays" ID=" ">
<GROUP TYPE="Assay" ID="PROTIA Allergy-Q 96M" STATE="Host"/>
</GROUP>
</GROUP>
<GROUP TYPE="Sample">
<GROUP TYPE="Patient" ID="001930374520"></GROUP><GROUP TYPE="Assays" ID=" ">
<GROUP TYPE="Assay" ID="PROTIA Allergy-Q 96M" STATE="Host"/>
</GROUP>
</GROUP>
<GROUP TYPE="Sample">
<GROUP TYPE="Patient" ID="001930702422"></GROUP><GROUP TYPE="Assays" ID=" ">
<GROUP TYPE="Assay" ID="PROTIA Allergy-Q 96M" STATE="Host"/>
</GROUP>
</GROUP>
<GROUP TYPE="Sample">
<GROUP TYPE="Patient" ID="001930707922"></GROUP><GROUP TYPE="Assays" ID=" ">
<GROUP TYPE="Assay" ID="PROTIA Allergy-Q 96M" STATE="Host"/>
</GROUP>
</GROUP>
<GROUP TYPE="Sample">
<GROUP TYPE="Patient" ID="001930795226"></GROUP><GROUP TYPE="Assays" ID=" ">
<GROUP TYPE="Assay" ID="PROTIA Allergy-Q 96M" STATE="Host"/>
</GROUP>
</GROUP>
<GROUP TYPE="Sample">
<GROUP TYPE="Patient" ID="001931504827"></GROUP><GROUP TYPE="Assays" ID=" ">
<GROUP TYPE="Assay" ID="PROTIA Allergy-Q 96M" STATE="Host"/>
</GROUP>
</GROUP>
<GROUP TYPE="Sample">
<GROUP TYPE="Patient" ID="001931505022"></GROUP><GROUP TYPE="Assays" ID=" ">
<GROUP TYPE="Assay" ID="PROTIA Allergy-Q 96M" STATE="Host"/>
</GROUP>
</GROUP>
<GROUP TYPE="Sample">
<GROUP TYPE="Patient" ID="001931541228"></GROUP><GROUP TYPE="Assays" ID=" ">
<GROUP TYPE="Assay" ID="PROTIA Allergy-Q 96M" STATE="Host"/>
</GROUP>
</GROUP>
<GROUP TYPE="Sample">
<GROUP TYPE="Patient" ID="001931582627"></GROUP><GROUP TYPE="Assays" ID=" ">
<GROUP TYPE="Assay" ID="PROTIA Allergy-Q 96M" STATE="Host"/>
</GROUP>
</GROUP>
<GROUP TYPE="Sample">
<GROUP TYPE="Patient" ID="001931601328"></GROUP><GROUP TYPE="Assays" ID=" ">
<GROUP TYPE="Assay" ID="PROTIA Allergy-Q 96M" STATE="Host"/>
</GROUP>
</GROUP>
<GROUP TYPE="Sample">
<GROUP TYPE="Patient" ID="001931690025"></GROUP><GROUP TYPE="Assays" ID=" ">
<GROUP TYPE="Assay" ID="PROTIA Allergy-Q 96M" STATE="Host"/>
</GROUP>
</GROUP>
<GROUP TYPE="Sample">
<GROUP TYPE="Patient" ID="001931690421"></GROUP><GROUP TYPE="Assays" ID=" ">
<GROUP TYPE="Assay" ID="PROTIA Allergy-Q 96M" STATE="Host"/>
</GROUP>
</GROUP>
<GROUP TYPE="Sample">
<GROUP TYPE="Patient" ID="001931690520"></GROUP><GROUP TYPE="Assays" ID=" ">
<GROUP TYPE="Assay" ID="PROTIA Allergy-Q 96M" STATE="Host"/>
</GROUP>
</GROUP>
<GROUP TYPE="Sample">
<GROUP TYPE="Patient" ID="001933890225"></GROUP><GROUP TYPE="Assays" ID=" ">
<GROUP TYPE="Assay" ID="PROTIA Allergy-Q 96M" STATE="Host"/>
</GROUP>
</GROUP>
<GROUP TYPE="Sample">
<GROUP TYPE="Patient" ID="001933956525"></GROUP><GROUP TYPE="Assays" ID=" ">
<GROUP TYPE="Assay" ID="PROTIA Allergy-Q 96M" STATE="Host"/>
</GROUP>
</GROUP>
<GROUP TYPE="Sample">
<GROUP TYPE="Patient" ID="001934336425"></GROUP><GROUP TYPE="Assays" ID=" ">
<GROUP TYPE="Assay" ID="PROTIA Allergy-Q 96M" STATE="Host"/>
</GROUP>
</GROUP>
<GROUP TYPE="Sample">
<GROUP TYPE="Patient" ID="001934663828"></GROUP><GROUP TYPE="Assays" ID=" ">
<GROUP TYPE="Assay" ID="PROTIA Allergy-Q 96M" STATE="Host"/>
</GROUP>
</GROUP>
<GROUP TYPE="Sample">
<GROUP TYPE="Patient" ID="001934833528"></GROUP><GROUP TYPE="Assays" ID=" ">
<GROUP TYPE="Assay" ID="PROTIA Allergy-Q 96M" STATE="Host"/>
</GROUP>
</GROUP>
<GROUP TYPE="Sample">
<GROUP TYPE="Patient" ID="001935350727"></GROUP><GROUP TYPE="Assays" ID=" ">
<GROUP TYPE="Assay" ID="PROTIA Allergy-Q 96M" STATE="Host"/>
</GROUP>
</GROUP>
<GROUP TYPE="Sample">
<GROUP TYPE="Patient" ID="001935402020"></GROUP><GROUP TYPE="Assays" ID=" ">
<GROUP TYPE="Assay" ID="PROTIA Allergy-Q 96M" STATE="Host"/>
</GROUP>
</GROUP>
<GROUP TYPE="Sample">
<GROUP TYPE="Patient" ID="001935402327"></GROUP><GROUP TYPE="Assays" ID=" ">
<GROUP TYPE="Assay" ID="PROTIA Allergy-Q 96M" STATE="Host"/>
</GROUP>
</GROUP>
<GROUP TYPE="Sample">
<GROUP TYPE="Patient" ID="001937251527"></GROUP><GROUP TYPE="Assays" ID=" ">
<GROUP TYPE="Assay" ID="PROTIA Allergy-Q 96M" STATE="Host"/>
</GROUP>
</GROUP>
<GROUP TYPE="Sample">
<GROUP TYPE="Patient" ID="001937300225"></GROUP><GROUP TYPE="Assays" ID=" ">
<GROUP TYPE="Assay" ID="PROTIA Allergy-Q 96M" STATE="Host"/>
</GROUP>
</GROUP>
<GROUP TYPE="Sample">
<GROUP TYPE="Patient" ID="001937400826"></GROUP><GROUP TYPE="Assays" ID=" ">
<GROUP TYPE="Assay" ID="PROTIA Allergy-Q 96M" STATE="Host"/>
</GROUP>
</GROUP>
<GROUP TYPE="Sample">
<GROUP TYPE="Patient" ID="001937406323"></GROUP><GROUP TYPE="Assays" ID=" ">
<GROUP TYPE="Assay" ID="PROTIA Allergy-Q 96M" STATE="Host"/>
</GROUP>
</GROUP>
<GROUP TYPE="Sample">
<GROUP TYPE="Patient" ID="001937406422"></GROUP><GROUP TYPE="Assays" ID=" ">
<GROUP TYPE="Assay" ID="PROTIA Allergy-Q 96M" STATE="Host"/>
</GROUP>
</GROUP>
<GROUP TYPE="Sample">
<GROUP TYPE="Patient" ID="001937406521"></GROUP><GROUP TYPE="Assays" ID=" ">
<GROUP TYPE="Assay" ID="PROTIA Allergy-Q 96M" STATE="Host"/>
</GROUP>
</GROUP>
<GROUP TYPE="Sample">
<GROUP TYPE="Patient" ID="001937406729"></GROUP><GROUP TYPE="Assays" ID=" ">
<GROUP TYPE="Assay" ID="PROTIA Allergy-Q 96M" STATE="Host"/>
</GROUP>
</GROUP>
<GROUP TYPE="Sample">
<GROUP TYPE="Patient" ID="001921127425"></GROUP><GROUP TYPE="Assays" ID=" ">
<GROUP TYPE="Assay" ID="PROTIA Allergy-Q 96M" STATE="Host"/>
</GROUP>
</GROUP>
<GROUP TYPE="Sample">
<GROUP TYPE="Patient" ID="001924402826"></GROUP><GROUP TYPE="Assays" ID=" ">
<GROUP TYPE="Assay" ID="PROTIA Allergy-Q 96M" STATE="Host"/>
</GROUP>
</GROUP>
<GROUP TYPE="Sample">
<GROUP TYPE="Patient" ID="001924401829"></GROUP><GROUP TYPE="Assays" ID=" ">
<GROUP TYPE="Assay" ID="PROTIA Allergy-Q 96M" STATE="Host"/>
</GROUP>
</GROUP>
<GROUP TYPE="Sample">
<GROUP TYPE="Patient" ID="001927203024"></GROUP><GROUP TYPE="Assays" ID=" ">
<GROUP TYPE="Assay" ID="PROTIA Allergy-Q 96M" STATE="Host"/>
</GROUP>
</GROUP>
<GROUP TYPE="Sample">
<GROUP TYPE="Patient" ID="001924800226"></GROUP><GROUP TYPE="Assays" ID=" ">
<GROUP TYPE="Assay" ID="PROTIA Allergy-Q 96M" STATE="Host"/>
</GROUP>
</GROUP>
<GROUP TYPE="Sample">
<GROUP TYPE="Patient" ID="001924801124"></GROUP><GROUP TYPE="Assays" ID=" ">
<GROUP TYPE="Assay" ID="PROTIA Allergy-Q 96M" STATE="Host"/>
</GROUP>
</GROUP>
<GROUP TYPE="Sample">
<GROUP TYPE="Patient" ID="001920763822"></GROUP><GROUP TYPE="Assays" ID=" ">
<GROUP TYPE="Assay" ID="PROTIA Allergy-Q 96M" STATE="Host"/>
</GROUP>
</GROUP>
<GROUP TYPE="Sample">
<GROUP TYPE="Patient" ID="001924902623"></GROUP><GROUP TYPE="Assays" ID=" ">
<GROUP TYPE="Assay" ID="PROTIA Allergy-Q 96M" STATE="Host"/>
</GROUP>
</GROUP>
<GROUP TYPE="Sample">
<GROUP TYPE="Patient" ID="001920492128"></GROUP><GROUP TYPE="Assays" ID=" ">
<GROUP TYPE="Assay" ID="PROTIA Allergy-Q 96M" STATE="Host"/>
</GROUP>
</GROUP>
<GROUP TYPE="Sample">
<GROUP TYPE="Patient" ID="001924321622"></GROUP><GROUP TYPE="Assays" ID=" ">
<GROUP TYPE="Assay" ID="PROTIA Allergy-Q 96M" STATE="Host"/>
</GROUP>
</GROUP>
<GROUP TYPE="Sample">
<GROUP TYPE="Patient" ID="001924321523"></GROUP><GROUP TYPE="Assays" ID=" ">
<GROUP TYPE="Assay" ID="PROTIA Allergy-Q 96M" STATE="Host"/>
</GROUP>
</GROUP>
<GROUP TYPE="Sample">
<GROUP TYPE="Patient" ID="001920252722"></GROUP><GROUP TYPE="Assays" ID=" ">
<GROUP TYPE="Assay" ID="PROTIA Allergy-Q 96M" STATE="Host"/>
</GROUP>
</GROUP>
<GROUP TYPE="Sample">
<GROUP TYPE="Patient" ID="001920253026"></GROUP><GROUP TYPE="Assays" ID=" ">
<GROUP TYPE="Assay" ID="PROTIA Allergy-Q 96M" STATE="Host"/>
</GROUP>
</GROUP>
<GROUP TYPE="Sample">
<GROUP TYPE="Patient" ID="001920678423"></GROUP><GROUP TYPE="Assays" ID=" ">
<GROUP TYPE="Assay" ID="PROTIA Allergy-Q 96M" STATE="Host"/>
</GROUP>
</GROUP>
<GROUP TYPE="Sample">
<GROUP TYPE="Patient" ID="001920662729"></GROUP><GROUP TYPE="Assays" ID=" ">
<GROUP TYPE="Assay" ID="PROTIA Allergy-Q 96M" STATE="Host"/>
</GROUP>
</GROUP>
<GROUP TYPE="Sample">
<GROUP TYPE="Patient" ID="001924807423"></GROUP><GROUP TYPE="Assays" ID=" ">
<GROUP TYPE="Assay" ID="PROTIA Allergy-Q 96M" STATE="Host"/>
</GROUP>
</GROUP>
<GROUP TYPE="Sample">
<GROUP TYPE="Patient" ID="001920735720"></GROUP><GROUP TYPE="Assays" ID=" ">
<GROUP TYPE="Assay" ID="PROTIA Allergy-Q 96M" STATE="Host"/>
</GROUP>
</GROUP>
<GROUP TYPE="Sample">
<GROUP TYPE="Patient" ID="001924812328"></GROUP><GROUP TYPE="Assays" ID=" ">
<GROUP TYPE="Assay" ID="PROTIA Allergy-Q 96M" STATE="Host"/>
</GROUP>
</GROUP>
<GROUP TYPE="Sample">
<GROUP TYPE="Patient" ID="001920270122"></GROUP><GROUP TYPE="Assays" ID=" ">
<GROUP TYPE="Assay" ID="PROTIA Allergy-Q 96M" STATE="Host"/>
</GROUP>
</GROUP>
<GROUP TYPE="Sample">
<GROUP TYPE="Patient" ID="001924807126"></GROUP><GROUP TYPE="Assays" ID=" ">
<GROUP TYPE="Assay" ID="PROTIA Allergy-Q 96M" STATE="Host"/>
</GROUP>
</GROUP>
<GROUP TYPE="Sample">
<GROUP TYPE="Patient" ID="001924810423"></GROUP><GROUP TYPE="Assays" ID=" ">
<GROUP TYPE="Assay" ID="PROTIA Allergy-Q 96M" STATE="Host"/>
</GROUP>
</GROUP>
<GROUP TYPE="Sample">
<GROUP TYPE="Patient" ID="001920246325"></GROUP><GROUP TYPE="Assays" ID=" ">
<GROUP TYPE="Assay" ID="PROTIA Allergy-Q 96M" STATE="Host"/>
</GROUP>
</GROUP>
<GROUP TYPE="Sample">
<GROUP TYPE="Patient" ID="001920270221"></GROUP><GROUP TYPE="Assays" ID=" ">
<GROUP TYPE="Assay" ID="PROTIA Allergy-Q 96M" STATE="Host"/>
</GROUP>
</GROUP>
<GROUP TYPE="Sample">
<GROUP TYPE="Patient" ID="001920252920"></GROUP><GROUP TYPE="Assays" ID=" ">
<GROUP TYPE="Assay" ID="PROTIA Allergy-Q 96M" STATE="Host"/>
</GROUP>
</GROUP>
<GROUP TYPE="Sample">
<GROUP TYPE="Patient" ID="001920493927"></GROUP><GROUP TYPE="Assays" ID=" ">
<GROUP TYPE="Assay" ID="PROTIA Allergy-Q 96M" STATE="Host"/>
</GROUP>
</GROUP>
<GROUP TYPE="Sample">
<GROUP TYPE="Patient" ID="001929365027"></GROUP><GROUP TYPE="Assays" ID=" ">
<GROUP TYPE="Assay" ID="PROTIA Allergy-Q 96M" STATE="Host"/>
</GROUP>
</GROUP>
<GROUP TYPE="Sample">
<GROUP TYPE="Patient" ID="001924253121"></GROUP><GROUP TYPE="Assays" ID=" ">
<GROUP TYPE="Assay" ID="PROTIA Allergy-Q 96M" STATE="Host"/>
</GROUP>
</GROUP>
<GROUP TYPE="Sample">
<GROUP TYPE="Patient" ID="001926051022"></GROUP><GROUP TYPE="Assays" ID=" ">
<GROUP TYPE="Assay" ID="PROTIA Allergy-Q 96M" STATE="Host"/>
</GROUP>
</GROUP>
<GROUP TYPE="Sample">
<GROUP TYPE="Patient" ID="001920058225"></GROUP><GROUP TYPE="Assays" ID=" ">
<GROUP TYPE="Assay" ID="PROTIA Allergy-Q 96M" STATE="Host"/>
</GROUP>
</GROUP>
<GROUP TYPE="Sample">
<GROUP TYPE="Patient" ID="001924013824"></GROUP><GROUP TYPE="Assays" ID=" ">
<GROUP TYPE="Assay" ID="PROTIA Allergy-Q 96M" STATE="Host"/>
</GROUP>
</GROUP>
<GROUP TYPE="Sample">
<GROUP TYPE="Patient" ID="001924287027"></GROUP><GROUP TYPE="Assays" ID=" ">
<GROUP TYPE="Assay" ID="PROTIA Allergy-Q 96M" STATE="Host"/>
</GROUP>
</GROUP>
<GROUP TYPE="Sample">
<GROUP TYPE="Patient" ID="001924000121"></GROUP><GROUP TYPE="Assays" ID=" ">
<GROUP TYPE="Assay" ID="PROTIA Allergy-Q 96M" STATE="Host"/>
</GROUP>
</GROUP>
<GROUP TYPE="Sample">
<GROUP TYPE="Patient" ID="001924093529"></GROUP><GROUP TYPE="Assays" ID=" ">
<GROUP TYPE="Assay" ID="PROTIA Allergy-Q 96M" STATE="Host"/>
</GROUP>
</GROUP>
<GROUP TYPE="Sample">
<GROUP TYPE="Patient" ID="001924093420"></GROUP><GROUP TYPE="Assays" ID=" ">
<GROUP TYPE="Assay" ID="PROTIA Allergy-Q 96M" STATE="Host"/>
</GROUP>
</GROUP>
<GROUP TYPE="Sample">
<GROUP TYPE="Patient" ID="001924093321"></GROUP><GROUP TYPE="Assays" ID=" ">
<GROUP TYPE="Assay" ID="PROTIA Allergy-Q 96M" STATE="Host"/>
</GROUP>
</GROUP>
<GROUP TYPE="Sample">
<GROUP TYPE="Patient" ID="001920488329"></GROUP><GROUP TYPE="Assays" ID=" ">
<GROUP TYPE="Assay" ID="PROTIA Allergy-Q 96M" STATE="Host"/>
</GROUP>
</GROUP>
<GROUP TYPE="Sample">
<GROUP TYPE="Patient" ID="001920416629"></GROUP><GROUP TYPE="Assays" ID=" ">
<GROUP TYPE="Assay" ID="PROTIA Allergy-Q 96M" STATE="Host"/>
</GROUP>
</GROUP>
<GROUP TYPE="Sample">
<GROUP TYPE="Patient" ID="001920634320"></GROUP><GROUP TYPE="Assays" ID=" ">
<GROUP TYPE="Assay" ID="PROTIA Allergy-Q 96M" STATE="Host"/>
</GROUP>
</GROUP>
<GROUP TYPE="Sample">
<GROUP TYPE="Patient" ID="001920270320"></GROUP><GROUP TYPE="Assays" ID=" ">
<GROUP TYPE="Assay" ID="PROTIA Allergy-Q 96M" STATE="Host"/>
</GROUP>
</GROUP>
<GROUP TYPE="Sample">
<GROUP TYPE="Patient" ID="001924964621"></GROUP><GROUP TYPE="Assays" ID=" ">
<GROUP TYPE="Assay" ID="PROTIA Allergy-Q 96M" STATE="Host"/>
</GROUP>
</GROUP>
<GROUP TYPE="Sample">
<GROUP TYPE="Patient" ID="001920036926"></GROUP><GROUP TYPE="Assays" ID=" ">
<GROUP TYPE="Assay" ID="PROTIA Allergy-Q 96M" STATE="Host"/>
</GROUP>
</GROUP>
<GROUP TYPE="Sample">
<GROUP TYPE="Patient" ID="001920057822"></GROUP><GROUP TYPE="Assays" ID=" ">
<GROUP TYPE="Assay" ID="PROTIA Allergy-Q 96M" STATE="Host"/>
</GROUP>
</GROUP>
<GROUP TYPE="Sample">
<GROUP TYPE="Patient" ID="001920057624"></GROUP><GROUP TYPE="Assays" ID=" ">
<GROUP TYPE="Assay" ID="PROTIA Allergy-Q 96M" STATE="Host"/>
</GROUP>
</GROUP>
<GROUP TYPE="Sample">
<GROUP TYPE="Patient" ID="001920057327"></GROUP><GROUP TYPE="Assays" ID=" ">
<GROUP TYPE="Assay" ID="PROTIA Allergy-Q 96M" STATE="Host"/>
</GROUP>
</GROUP>
<GROUP TYPE="Sample">
<GROUP TYPE="Patient" ID="001920036025"></GROUP><GROUP TYPE="Assays" ID=" ">
<GROUP TYPE="Assay" ID="PROTIA Allergy-Q 96M" STATE="Host"/>
</GROUP>
</GROUP>
<GROUP TYPE="Sample">
<GROUP TYPE="Patient" ID="001924226422"></GROUP><GROUP TYPE="Assays" ID=" ">
<GROUP TYPE="Assay" ID="PROTIA Allergy-Q 96M" STATE="Host"/>
</GROUP>
</GROUP>
<GROUP TYPE="Sample">
<GROUP TYPE="Patient" ID="001924253220"></GROUP><GROUP TYPE="Assays" ID=" ">
<GROUP TYPE="Assay" ID="PROTIA Allergy-Q 96M" STATE="Host"/>
</GROUP>
</GROUP>
<GROUP TYPE="Sample">
<GROUP TYPE="Patient" ID="001924116327"></GROUP><GROUP TYPE="Assays" ID=" ">
<GROUP TYPE="Assay" ID="PROTIA Allergy-Q 96M" STATE="Host"/>
</GROUP>
</GROUP>
<GROUP TYPE="Sample">
<GROUP TYPE="Patient" ID="001924321929"></GROUP><GROUP TYPE="Assays" ID=" ">
<GROUP TYPE="Assay" ID="PROTIA Allergy-Q 96M" STATE="Host"/>
</GROUP>
</GROUP>
<GROUP TYPE="Sample">
<GROUP TYPE="Patient" ID="001924321721"></GROUP><GROUP TYPE="Assays" ID=" ">
<GROUP TYPE="Assay" ID="PROTIA Allergy-Q 96M" STATE="Host"/>
</GROUP>
</GROUP>
<GROUP TYPE="Sample">
<GROUP TYPE="Patient" ID="001926652526"></GROUP><GROUP TYPE="Assays" ID=" ">
<GROUP TYPE="Assay" ID="PROTIA Allergy-Q 96M" STATE="Host"/>
</GROUP>
</GROUP>
<GROUP TYPE="Sample">
<GROUP TYPE="Patient" ID="001920451422"></GROUP><GROUP TYPE="Assays" ID=" ">
<GROUP TYPE="Assay" ID="PROTIA Allergy-Q 96M" STATE="Host"/>
</GROUP>
</GROUP>
<GROUP TYPE="Sample">
<GROUP TYPE="Patient" ID="001920416025"></GROUP><GROUP TYPE="Assays" ID=" ">
<GROUP TYPE="Assay" ID="PROTIA Allergy-Q 96M" STATE="Host"/>
</GROUP>
</GROUP>
<GROUP TYPE="Sample">
<GROUP TYPE="Patient" ID="001920462923"></GROUP><GROUP TYPE="Assays" ID=" ">
<GROUP TYPE="Assay" ID="PROTIA Allergy-Q 96M" STATE="Host"/>
</GROUP>
</GROUP>
<GROUP TYPE="Sample">
<GROUP TYPE="Patient" ID="001924226323"></GROUP><GROUP TYPE="Assays" ID=" ">
<GROUP TYPE="Assay" ID="PROTIA Allergy-Q 96M" STATE="Host"/>
</GROUP>
</GROUP>
<GROUP TYPE="Sample">
<GROUP TYPE="Patient" ID="001929364921"></GROUP><GROUP TYPE="Assays" ID=" ">
<GROUP TYPE="Assay" ID="PROTIA Allergy-Q 96M" STATE="Host"/>
</GROUP>
</GROUP>
<GROUP TYPE="Sample">
<GROUP TYPE="Patient" ID="001924463421"></GROUP><GROUP TYPE="Assays" ID=" ">
<GROUP TYPE="Assay" ID="PROTIA Allergy-Q 96M" STATE="Host"/>
</GROUP>
</GROUP>
<GROUP TYPE="Sample">
<GROUP TYPE="Patient" ID="001924541327"></GROUP><GROUP TYPE="Assays" ID=" ">
<GROUP TYPE="Assay" ID="PROTIA Allergy-Q 96M" STATE="Host"/>
</GROUP>
</GROUP>
<GROUP TYPE="Sample">
<GROUP TYPE="Patient" ID="001924448428"></GROUP><GROUP TYPE="Assays" ID=" ">
<GROUP TYPE="Assay" ID="PROTIA Allergy-Q 96M" STATE="Host"/>
</GROUP>
</GROUP>
<GROUP TYPE="Sample">
<GROUP TYPE="Patient" ID="001924321820"></GROUP><GROUP TYPE="Assays" ID=" ">
<GROUP TYPE="Assay" ID="PROTIA Allergy-Q 96M" STATE="Host"/>
</GROUP>
</GROUP>
<GROUP TYPE="Sample">
<GROUP TYPE="Patient" ID="001927300228"></GROUP><GROUP TYPE="Assays" ID=" ">
<GROUP TYPE="Assay" ID="PROTIA Allergy-Q 96M" STATE="Host"/>
</GROUP>
</GROUP>
<GROUP TYPE="Sample">
<GROUP TYPE="Patient" ID="001927300327"></GROUP><GROUP TYPE="Assays" ID=" ">
<GROUP TYPE="Assay" ID="PROTIA Allergy-Q 96M" STATE="Host"/>
</GROUP>
</GROUP>
<GROUP TYPE="Sample">
<GROUP TYPE="Patient" ID="001920634429"></GROUP><GROUP TYPE="Assays" ID=" ">
<GROUP TYPE="Assay" ID="PROTIA Allergy-Q 96M" STATE="Host"/>
</GROUP>
</GROUP>
<GROUP TYPE="Sample">
<GROUP TYPE="Patient" ID="001920674326"></GROUP><GROUP TYPE="Assays" ID=" ">
<GROUP TYPE="Assay" ID="PROTIA Allergy-Q 96M" STATE="Host"/>
</GROUP>
</GROUP>
<GROUP TYPE="Sample">
<GROUP TYPE="Patient" ID="001920705129"></GROUP><GROUP TYPE="Assays" ID=" ">
<GROUP TYPE="Assay" ID="PROTIA Allergy-Q 96M" STATE="Host"/>
</GROUP>
</GROUP>
<GROUP TYPE="Sample">
<GROUP TYPE="Patient" ID="001920604125"></GROUP><GROUP TYPE="Assays" ID=" ">
<GROUP TYPE="Assay" ID="PROTIA Allergy-Q 96M" STATE="Host"/>
</GROUP>
</GROUP>
<GROUP TYPE="Sample">
<GROUP TYPE="Patient" ID="001920431820"></GROUP><GROUP TYPE="Assays" ID=" ">
<GROUP TYPE="Assay" ID="PROTIA Allergy-Q 96M" STATE="Host"/>
</GROUP>
</GROUP>
<GROUP TYPE="Sample">
<GROUP TYPE="Patient" ID="001920431721"></GROUP><GROUP TYPE="Assays" ID=" ">
<GROUP TYPE="Assay" ID="PROTIA Allergy-Q 96M" STATE="Host"/>
</GROUP>
</GROUP>
<GROUP TYPE="Sample">
<GROUP TYPE="Patient" ID="001920700728"></GROUP><GROUP TYPE="Assays" ID=" ">
<GROUP TYPE="Assay" ID="PROTIA Allergy-Q 96M" STATE="Host"/>
</GROUP>
</GROUP>
<GROUP TYPE="Sample">
<GROUP TYPE="Patient" ID="001920252425"></GROUP><GROUP TYPE="Assays" ID=" ">
<GROUP TYPE="Assay" ID="PROTIA Allergy-Q 96M" STATE="Host"/>
</GROUP>
</GROUP>
<GROUP TYPE="Sample">
<GROUP TYPE="Patient" ID="001923101829"></GROUP><GROUP TYPE="Assays" ID=" ">
<GROUP TYPE="Assay" ID="PROTIA Allergy-Q 96M" STATE="Host"/>
</GROUP>
</GROUP>
<GROUP TYPE="Sample">
<GROUP TYPE="Patient" ID="001924807522"></GROUP><GROUP TYPE="Assays" ID=" ">
<GROUP TYPE="Assay" ID="PROTIA Allergy-Q 96M" STATE="Host"/>
</GROUP>
</GROUP>
<GROUP TYPE="Sample">
<GROUP TYPE="Patient" ID="001924812427"></GROUP><GROUP TYPE="Assays" ID=" ">
<GROUP TYPE="Assay" ID="PROTIA Allergy-Q 96M" STATE="Host"/>
</GROUP>
</GROUP>
<GROUP TYPE="Sample">
<GROUP TYPE="Patient" ID="001920037626"></GROUP><GROUP TYPE="Assays" ID=" ">
<GROUP TYPE="Assay" ID="PROTIA Allergy-Q 96M" STATE="Host"/>
</GROUP>
</GROUP>
<GROUP TYPE="Sample">
<GROUP TYPE="Patient" ID="001924810522"></GROUP><GROUP TYPE="Assays" ID=" ">
<GROUP TYPE="Assay" ID="PROTIA Allergy-Q 96M" STATE="Host"/>
</GROUP>
</GROUP>
<GROUP TYPE="Sample">
<GROUP TYPE="Patient" ID="001924933726"></GROUP><GROUP TYPE="Assays" ID=" ">
<GROUP TYPE="Assay" ID="PROTIA Allergy-Q 96M" STATE="Host"/>
</GROUP>
</GROUP>
<GROUP TYPE="Sample">
<GROUP TYPE="Patient" ID="001924807225"></GROUP><GROUP TYPE="Assays" ID=" ">
<GROUP TYPE="Assay" ID="PROTIA Allergy-Q 96M" STATE="Host"/>
</GROUP>
</GROUP>
<GROUP TYPE="Sample">
<GROUP TYPE="Patient" ID="001920036827"></GROUP><GROUP TYPE="Assays" ID=" ">
<GROUP TYPE="Assay" ID="PROTIA Allergy-Q 96M" STATE="Host"/>
</GROUP>
</GROUP>
<GROUP TYPE="Sample">
<GROUP TYPE="Patient" ID="001920035226"></GROUP><GROUP TYPE="Assays" ID=" ">
<GROUP TYPE="Assay" ID="PROTIA Allergy-Q 96M" STATE="Host"/>
</GROUP>
</GROUP>
<GROUP TYPE="Sample">
<GROUP TYPE="Patient" ID="001920062727"></GROUP><GROUP TYPE="Assays" ID=" ">
<GROUP TYPE="Assay" ID="PROTIA Allergy-Q 96M" STATE="Host"/>
</GROUP>
</GROUP>
<GROUP TYPE="Sample">
<GROUP TYPE="Patient" ID="001920057921"></GROUP><GROUP TYPE="Assays" ID=" ">
<GROUP TYPE="Assay" ID="PROTIA Allergy-Q 96M" STATE="Host"/>
</GROUP>
</GROUP>
<GROUP TYPE="Sample">
<GROUP TYPE="Patient" ID="001924504223"></GROUP><GROUP TYPE="Assays" ID=" ">
<GROUP TYPE="Assay" ID="PROTIA Allergy-Q 96M" STATE="Host"/>
</GROUP>
</GROUP>
<GROUP TYPE="Sample">
<GROUP TYPE="Patient" ID="001921607620"></GROUP><GROUP TYPE="Assays" ID=" ">
<GROUP TYPE="Assay" ID="PROTIA Allergy-Q 96M" STATE="Host"/>
</GROUP>
</GROUP>
<GROUP TYPE="Sample">
<GROUP TYPE="Patient" ID="001921608122"></GROUP><GROUP TYPE="Assays" ID=" ">
<GROUP TYPE="Assay" ID="PROTIA Allergy-Q 96M" STATE="Host"/>
</GROUP>
</GROUP>
<GROUP TYPE="Sample">
<GROUP TYPE="Patient" ID="001921583528"></GROUP><GROUP TYPE="Assays" ID=" ">
<GROUP TYPE="Assay" ID="PROTIA Allergy-Q 96M" STATE="Host"/>
</GROUP>
</GROUP>
<GROUP TYPE="Sample">
<GROUP TYPE="Patient" ID="001921411722"></GROUP><GROUP TYPE="Assays" ID=" ">
<GROUP TYPE="Assay" ID="PROTIA Allergy-Q 96M" STATE="Host"/>
</GROUP>
</GROUP>
<GROUP TYPE="Sample">
<GROUP TYPE="Patient" ID="001920867629"></GROUP><GROUP TYPE="Assays" ID=" ">
<GROUP TYPE="Assay" ID="PROTIA Allergy-Q 96M" STATE="Host"/>
</GROUP>
</GROUP>
<GROUP TYPE="Sample">
<GROUP TYPE="Patient" ID="001920867421"></GROUP><GROUP TYPE="Assays" ID=" ">
<GROUP TYPE="Assay" ID="PROTIA Allergy-Q 96M" STATE="Host"/>
</GROUP>
</GROUP>
<GROUP TYPE="Sample">
<GROUP TYPE="Patient" ID="001920867827"></GROUP><GROUP TYPE="Assays" ID=" ">
<GROUP TYPE="Assay" ID="PROTIA Allergy-Q 96M" STATE="Host"/>
</GROUP>
</GROUP>
<GROUP TYPE="Sample">
<GROUP TYPE="Patient" ID="001921052628"></GROUP><GROUP TYPE="Assays" ID=" ">
<GROUP TYPE="Assay" ID="PROTIA Allergy-Q 96M" STATE="Host"/>
</GROUP>
</GROUP>
<GROUP TYPE="Sample">
<GROUP TYPE="Patient" ID="001920952523"></GROUP><GROUP TYPE="Assays" ID=" ">
<GROUP TYPE="Assay" ID="PROTIA Allergy-Q 96M" STATE="Host"/>
</GROUP>
</GROUP>
<GROUP TYPE="Sample">
<GROUP TYPE="Patient" ID="001921229426"></GROUP><GROUP TYPE="Assays" ID=" ">
<GROUP TYPE="Assay" ID="PROTIA Allergy-Q 96M" STATE="Host"/>
</GROUP>
</GROUP>
<GROUP TYPE="Sample">
<GROUP TYPE="Patient" ID="001921575226"></GROUP><GROUP TYPE="Assays" ID=" ">
<GROUP TYPE="Assay" ID="PROTIA Allergy-Q 96M" STATE="Host"/>
</GROUP>
</GROUP>
<GROUP TYPE="Sample">
<GROUP TYPE="Patient" ID="001921553828"></GROUP><GROUP TYPE="Assays" ID=" ">
<GROUP TYPE="Assay" ID="PROTIA Allergy-Q 96M" STATE="Host"/>
</GROUP>
</GROUP>
<GROUP TYPE="Sample">
<GROUP TYPE="Patient" ID="001920973924"></GROUP><GROUP TYPE="Assays" ID=" ">
<GROUP TYPE="Assay" ID="PROTIA Allergy-Q 96M" STATE="Host"/>
</GROUP>
</GROUP>
<GROUP TYPE="Sample">
<GROUP TYPE="Patient" ID="001920809926"></GROUP><GROUP TYPE="Assays" ID=" ">
<GROUP TYPE="Assay" ID="PROTIA Allergy-Q 96M" STATE="Host"/>
</GROUP>
</GROUP>
<GROUP TYPE="Sample">
<GROUP TYPE="Patient" ID="001925401323"></GROUP><GROUP TYPE="Assays" ID=" ">
<GROUP TYPE="Assay" ID="PROTIA Allergy-Q 96M" STATE="Host"/>
</GROUP>
</GROUP>
<GROUP TYPE="Sample">
<GROUP TYPE="Patient" ID="001925402924"></GROUP><GROUP TYPE="Assays" ID=" ">
<GROUP TYPE="Assay" ID="PROTIA Allergy-Q 96M" STATE="Host"/>
</GROUP>
</GROUP>
<GROUP TYPE="Sample">
<GROUP TYPE="Patient" ID="001925850626"></GROUP><GROUP TYPE="Assays" ID=" ">
<GROUP TYPE="Assay" ID="PROTIA Allergy-Q 96M" STATE="Host"/>
</GROUP>
</GROUP>
<GROUP TYPE="Sample">
<GROUP TYPE="Patient" ID="001925401224"></GROUP><GROUP TYPE="Assays" ID=" ">
<GROUP TYPE="Assay" ID="PROTIA Allergy-Q 96M" STATE="Host"/>
</GROUP>
</GROUP>
<GROUP TYPE="Sample">
<GROUP TYPE="Patient" ID="001920879523"></GROUP><GROUP TYPE="Assays" ID=" ">
<GROUP TYPE="Assay" ID="PROTIA Allergy-Q 96M" STATE="Host"/>
</GROUP>
</GROUP>
<GROUP TYPE="Sample">
<GROUP TYPE="Patient" ID="001920851529"></GROUP><GROUP TYPE="Assays" ID=" ">
<GROUP TYPE="Assay" ID="PROTIA Allergy-Q 96M" STATE="Host"/>
</GROUP>
</GROUP>
<GROUP TYPE="Sample">
<GROUP TYPE="Patient" ID="001920875327"></GROUP><GROUP TYPE="Assays" ID=" ">
<GROUP TYPE="Assay" ID="PROTIA Allergy-Q 96M" STATE="Host"/>
</GROUP>
</GROUP>
<GROUP TYPE="Sample">
<GROUP TYPE="Patient" ID="001925877524"></GROUP><GROUP TYPE="Assays" ID=" ">
<GROUP TYPE="Assay" ID="PROTIA Allergy-Q 96M" STATE="Host"/>
</GROUP>
</GROUP>
<GROUP TYPE="Sample">
<GROUP TYPE="Patient" ID="001921163928"></GROUP><GROUP TYPE="Assays" ID=" ">
<GROUP TYPE="Assay" ID="PROTIA Allergy-Q 96M" STATE="Host"/>
</GROUP>
</GROUP>
<GROUP TYPE="Sample">
<GROUP TYPE="Patient" ID="001920867322"></GROUP><GROUP TYPE="Assays" ID=" ">
<GROUP TYPE="Assay" ID="PROTIA Allergy-Q 96M" STATE="Host"/>
</GROUP>
</GROUP>
<GROUP TYPE="Sample">
<GROUP TYPE="Patient" ID="001920852625"></GROUP><GROUP TYPE="Assays" ID=" ">
<GROUP TYPE="Assay" ID="PROTIA Allergy-Q 96M" STATE="Host"/>
</GROUP>
</GROUP>
<GROUP TYPE="Sample">
<GROUP TYPE="Patient" ID="001920867223"></GROUP><GROUP TYPE="Assays" ID=" ">
<GROUP TYPE="Assay" ID="PROTIA Allergy-Q 96M" STATE="Host"/>
</GROUP>
</GROUP>
<GROUP TYPE="Sample">
<GROUP TYPE="Patient" ID="001920974129"></GROUP><GROUP TYPE="Assays" ID=" ">
<GROUP TYPE="Assay" ID="PROTIA Allergy-Q 96M" STATE="Host"/>
</GROUP>
</GROUP>
<GROUP TYPE="Sample">
<GROUP TYPE="Patient" ID="001921541528"></GROUP><GROUP TYPE="Assays" ID=" ">
<GROUP TYPE="Assay" ID="PROTIA Allergy-Q 96M" STATE="Host"/>
</GROUP>
</GROUP>
<GROUP TYPE="Sample">
<GROUP TYPE="Patient" ID="001921555020"></GROUP><GROUP TYPE="Assays" ID=" ">
<GROUP TYPE="Assay" ID="PROTIA Allergy-Q 96M" STATE="Host"/>
</GROUP>
</GROUP>
<GROUP TYPE="Sample">
<GROUP TYPE="Patient" ID="001921555327"></GROUP><GROUP TYPE="Assays" ID=" ">
<GROUP TYPE="Assay" ID="PROTIA Allergy-Q 96M" STATE="Host"/>
</GROUP>
</GROUP>
<GROUP TYPE="Sample">
<GROUP TYPE="Patient" ID="001921569324"></GROUP><GROUP TYPE="Assays" ID=" ">
<GROUP TYPE="Assay" ID="PROTIA Allergy-Q 96M" STATE="Host"/>
</GROUP>
</GROUP>
<GROUP TYPE="Sample">
<GROUP TYPE="Patient" ID="001921563827"></GROUP><GROUP TYPE="Assays" ID=" ">
<GROUP TYPE="Assay" ID="PROTIA Allergy-Q 96M" STATE="Host"/>
</GROUP>
</GROUP>
<GROUP TYPE="Sample">
<GROUP TYPE="Patient" ID="001921029729"></GROUP><GROUP TYPE="Assays" ID=" ">
<GROUP TYPE="Assay" ID="PROTIA Allergy-Q 96M" STATE="Host"/>
</GROUP>
</GROUP>
<GROUP TYPE="Sample">
<GROUP TYPE="Patient" ID="001927750023"></GROUP><GROUP TYPE="Assays" ID=" ">
<GROUP TYPE="Assay" ID="PROTIA Allergy-Q 96M" STATE="Host"/>
</GROUP>
</GROUP>
<GROUP TYPE="Sample">
<GROUP TYPE="Patient" ID="001921030428"></GROUP><GROUP TYPE="Assays" ID=" ">
<GROUP TYPE="Assay" ID="PROTIA Allergy-Q 96M" STATE="Host"/>
</GROUP>
</GROUP>
<GROUP TYPE="Sample">
<GROUP TYPE="Patient" ID="001925402726"></GROUP><GROUP TYPE="Assays" ID=" ">
<GROUP TYPE="Assay" ID="PROTIA Allergy-Q 96M" STATE="Host"/>
</GROUP>
</GROUP>
<GROUP TYPE="Sample">
<GROUP TYPE="Patient" ID="001925350829"></GROUP><GROUP TYPE="Assays" ID=" ">
<GROUP TYPE="Assay" ID="PROTIA Allergy-Q 96M" STATE="Host"/>
</GROUP>
</GROUP>
<GROUP TYPE="Sample">
<GROUP TYPE="Patient" ID="001925350720"></GROUP><GROUP TYPE="Assays" ID=" ">
<GROUP TYPE="Assay" ID="PROTIA Allergy-Q 96M" STATE="Host"/>
</GROUP>
</GROUP>
<GROUP TYPE="Sample">
<GROUP TYPE="Patient" ID="001925850824"></GROUP><GROUP TYPE="Assays" ID=" ">
<GROUP TYPE="Assay" ID="PROTIA Allergy-Q 96M" STATE="Host"/>
</GROUP>
</GROUP>
<GROUP TYPE="Sample">
<GROUP TYPE="Patient" ID="001921067820"></GROUP><GROUP TYPE="Assays" ID=" ">
<GROUP TYPE="Assay" ID="PROTIA Allergy-Q 96M" STATE="Host"/>
</GROUP>
</GROUP>
<GROUP TYPE="Sample">
<GROUP TYPE="Patient" ID="001921030329"></GROUP><GROUP TYPE="Assays" ID=" ">
<GROUP TYPE="Assay" ID="PROTIA Allergy-Q 96M" STATE="Host"/>
</GROUP>
</GROUP>
<GROUP TYPE="Sample">
<GROUP TYPE="Patient" ID="001921414822"></GROUP><GROUP TYPE="Assays" ID=" ">
<GROUP TYPE="Assay" ID="PROTIA Allergy-Q 96M" STATE="Host"/>
</GROUP>
</GROUP>
<GROUP TYPE="Sample">
<GROUP TYPE="Patient" ID="001920867728"></GROUP><GROUP TYPE="Assays" ID=" ">
<GROUP TYPE="Assay" ID="PROTIA Allergy-Q 96M" STATE="Host"/>
</GROUP>
</GROUP>
<GROUP TYPE="Sample">
<GROUP TYPE="Patient" ID="001925850725"></GROUP><GROUP TYPE="Assays" ID=" ">
<GROUP TYPE="Assay" ID="PROTIA Allergy-Q 96M" STATE="Host"/>
</GROUP>
</GROUP>
<GROUP TYPE="Sample">
<GROUP TYPE="Patient" ID="001925152720"></GROUP><GROUP TYPE="Assays" ID=" ">
<GROUP TYPE="Assay" ID="PROTIA Allergy-Q 96M" STATE="Host"/>
</GROUP>
</GROUP>
<GROUP TYPE="Sample">
<GROUP TYPE="Patient" ID="001924624327"></GROUP><GROUP TYPE="Assays" ID=" ">
<GROUP TYPE="Assay" ID="PROTIA Allergy-Q 96M" STATE="Host"/>
</GROUP>
</GROUP>
<GROUP TYPE="Sample">
<GROUP TYPE="Patient" ID="001923018424"></GROUP><GROUP TYPE="Assays" ID=" ">
<GROUP TYPE="Assay" ID="PROTIA Allergy-Q 96M" STATE="Host"/>
</GROUP>
</GROUP>
<GROUP TYPE="Sample">
<GROUP TYPE="Patient" ID="001925216620"></GROUP><GROUP TYPE="Assays" ID=" ">
<GROUP TYPE="Assay" ID="PROTIA Allergy-Q 96M" STATE="Host"/>
</GROUP>
</GROUP>
<GROUP TYPE="Sample">
<GROUP TYPE="Patient" ID="001926201021"></GROUP><GROUP TYPE="Assays" ID=" ">
<GROUP TYPE="Assay" ID="PROTIA Allergy-Q 96M" STATE="Host"/>
</GROUP>
</GROUP>
<GROUP TYPE="Sample">
<GROUP TYPE="Patient" ID="001922501620"></GROUP><GROUP TYPE="Assays" ID=" ">
<GROUP TYPE="Assay" ID="PROTIA Allergy-Q 96M" STATE="Host"/>
</GROUP>
</GROUP>
<GROUP TYPE="Sample">
<GROUP TYPE="Patient" ID="001922503327"></GROUP><GROUP TYPE="Assays" ID=" ">
<GROUP TYPE="Assay" ID="PROTIA Allergy-Q 96M" STATE="Host"/>
</GROUP>
</GROUP>
<GROUP TYPE="Sample">
<GROUP TYPE="Patient" ID="001922535328"></GROUP><GROUP TYPE="Assays" ID=" ">
<GROUP TYPE="Assay" ID="PROTIA Allergy-Q 96M" STATE="Host"/>
</GROUP>
</GROUP>
<GROUP TYPE="Sample">
<GROUP TYPE="Patient" ID="001922506427"></GROUP><GROUP TYPE="Assays" ID=" ">
<GROUP TYPE="Assay" ID="PROTIA Allergy-Q 96M" STATE="Host"/>
</GROUP>
</GROUP>
<GROUP TYPE="Sample">
<GROUP TYPE="Patient" ID="001922502726"></GROUP><GROUP TYPE="Assays" ID=" ">
<GROUP TYPE="Assay" ID="PROTIA Allergy-Q 96M" STATE="Host"/>
</GROUP>
</GROUP>
<GROUP TYPE="Sample">
<GROUP TYPE="Patient" ID="001926876328"></GROUP><GROUP TYPE="Assays" ID=" ">
<GROUP TYPE="Assay" ID="PROTIA Allergy-Q 96M" STATE="Host"/>
</GROUP>
</GROUP>
<GROUP TYPE="Sample">
<GROUP TYPE="Patient" ID="001926844822"></GROUP><GROUP TYPE="Assays" ID=" ">
<GROUP TYPE="Assay" ID="PROTIA Allergy-Q 96M" STATE="Host"/>
</GROUP>
</GROUP>
<GROUP TYPE="Sample">
<GROUP TYPE="Patient" ID="001926852124"></GROUP><GROUP TYPE="Assays" ID=" ">
<GROUP TYPE="Assay" ID="PROTIA Allergy-Q 96M" STATE="Host"/>
</GROUP>
</GROUP>
<GROUP TYPE="Sample">
<GROUP TYPE="Patient" ID="001921602823"></GROUP><GROUP TYPE="Assays" ID=" ">
<GROUP TYPE="Assay" ID="PROTIA Allergy-Q 96M" STATE="Host"/>
</GROUP>
</GROUP>
<GROUP TYPE="Sample">
<GROUP TYPE="Patient" ID="001926844525"></GROUP><GROUP TYPE="Assays" ID=" ">
<GROUP TYPE="Assay" ID="PROTIA Allergy-Q 96M" STATE="Host"/>
</GROUP>
</GROUP>
<GROUP TYPE="Sample">
<GROUP TYPE="Patient" ID="001926844624"></GROUP><GROUP TYPE="Assays" ID=" ">
<GROUP TYPE="Assay" ID="PROTIA Allergy-Q 96M" STATE="Host"/>
</GROUP>
</GROUP>
<GROUP TYPE="Sample">
<GROUP TYPE="Patient" ID="001926865025"></GROUP><GROUP TYPE="Assays" ID=" ">
<GROUP TYPE="Assay" ID="PROTIA Allergy-Q 96M" STATE="Host"/>
</GROUP>
</GROUP>
<GROUP TYPE="Sample">
<GROUP TYPE="Patient" ID="001925167021"></GROUP><GROUP TYPE="Assays" ID=" ">
<GROUP TYPE="Assay" ID="PROTIA Allergy-Q 96M" STATE="Host"/>
</GROUP>
</GROUP>
<GROUP TYPE="Sample">
<GROUP TYPE="Patient" ID="001921002425"></GROUP><GROUP TYPE="Assays" ID=" ">
<GROUP TYPE="Assay" ID="PROTIA Allergy-Q 96M" STATE="Host"/>
</GROUP>
</GROUP>
<GROUP TYPE="Sample">
<GROUP TYPE="Patient" ID="001925408728"></GROUP><GROUP TYPE="Assays" ID=" ">
<GROUP TYPE="Assay" ID="PROTIA Allergy-Q 96M" STATE="Host"/>
</GROUP>
</GROUP>
<GROUP TYPE="Sample">
<GROUP TYPE="Patient" ID="001923905625"></GROUP><GROUP TYPE="Assays" ID=" ">
<GROUP TYPE="Assay" ID="PROTIA Allergy-Q 96M" STATE="Host"/>
</GROUP>
</GROUP>
<GROUP TYPE="Sample">
<GROUP TYPE="Patient" ID="001927403622"></GROUP><GROUP TYPE="Assays" ID=" ">
<GROUP TYPE="Assay" ID="PROTIA Allergy-Q 96M" STATE="Host"/>
</GROUP>
</GROUP>
<GROUP TYPE="Sample">
<GROUP TYPE="Patient" ID="001923900125"></GROUP><GROUP TYPE="Assays" ID=" ">
<GROUP TYPE="Assay" ID="PROTIA Allergy-Q 96M" STATE="Host"/>
</GROUP>
</GROUP>
<GROUP TYPE="Sample">
<GROUP TYPE="Patient" ID="001923959727"></GROUP><GROUP TYPE="Assays" ID=" ">
<GROUP TYPE="Assay" ID="PROTIA Allergy-Q 96M" STATE="Host"/>
</GROUP>
</GROUP>
<GROUP TYPE="Sample">
<GROUP TYPE="Patient" ID="001925626429"></GROUP><GROUP TYPE="Assays" ID=" ">
<GROUP TYPE="Assay" ID="PROTIA Allergy-Q 96M" STATE="Host"/>
</GROUP>
</GROUP>
<GROUP TYPE="Sample">
<GROUP TYPE="Patient" ID="001927590827"></GROUP><GROUP TYPE="Assays" ID=" ">
<GROUP TYPE="Assay" ID="PROTIA Allergy-Q 96M" STATE="Host"/>
</GROUP>
</GROUP>
<GROUP TYPE="Sample">
<GROUP TYPE="Patient" ID="001925131923"></GROUP><GROUP TYPE="Assays" ID=" ">
<GROUP TYPE="Assay" ID="PROTIA Allergy-Q 96M" STATE="Host"/>
</GROUP>
</GROUP>
<GROUP TYPE="Sample">
<GROUP TYPE="Patient" ID="001925152829"></GROUP><GROUP TYPE="Assays" ID=" ">
<GROUP TYPE="Assay" ID="PROTIA Allergy-Q 96M" STATE="Host"/>
</GROUP>
</GROUP>
<GROUP TYPE="Sample">
<GROUP TYPE="Patient" ID="001924652429"></GROUP><GROUP TYPE="Assays" ID=" ">
<GROUP TYPE="Assay" ID="PROTIA Allergy-Q 96M" STATE="Host"/>
</GROUP>
</GROUP>
<GROUP TYPE="Sample">
<GROUP TYPE="Patient" ID="001921603127"></GROUP><GROUP TYPE="Assays" ID=" ">
<GROUP TYPE="Assay" ID="PROTIA Allergy-Q 96M" STATE="Host"/>
</GROUP>
</GROUP>
<GROUP TYPE="Sample">
<GROUP TYPE="Patient" ID="001922540322"></GROUP><GROUP TYPE="Assays" ID=" ">
<GROUP TYPE="Assay" ID="PROTIA Allergy-Q 96M" STATE="Host"/>
</GROUP>
</GROUP>
<GROUP TYPE="Sample">
<GROUP TYPE="Patient" ID="001922503822"></GROUP><GROUP TYPE="Assays" ID=" ">
<GROUP TYPE="Assay" ID="PROTIA Allergy-Q 96M" STATE="Host"/>
</GROUP>
</GROUP>
<GROUP TYPE="Sample">
<GROUP TYPE="Patient" ID="001923762327"></GROUP><GROUP TYPE="Assays" ID=" ">
<GROUP TYPE="Assay" ID="PROTIA Allergy-Q 96M" STATE="Host"/>
</GROUP>
</GROUP>
<GROUP TYPE="Sample">
<GROUP TYPE="Patient" ID="001925740224"></GROUP><GROUP TYPE="Assays" ID=" ">
<GROUP TYPE="Assay" ID="PROTIA Allergy-Q 96M" STATE="Host"/>
</GROUP>
</GROUP>
<GROUP TYPE="Sample">
<GROUP TYPE="Patient" ID="001923824629"></GROUP><GROUP TYPE="Assays" ID=" ">
<GROUP TYPE="Assay" ID="PROTIA Allergy-Q 96M" STATE="Host"/>
</GROUP>
</GROUP>
<GROUP TYPE="Sample">
<GROUP TYPE="Patient" ID="001923644326"></GROUP><GROUP TYPE="Assays" ID=" ">
<GROUP TYPE="Assay" ID="PROTIA Allergy-Q 96M" STATE="Host"/>
</GROUP>
</GROUP>
<GROUP TYPE="Sample">
<GROUP TYPE="Patient" ID="001925724521"></GROUP><GROUP TYPE="Assays" ID=" ">
<GROUP TYPE="Assay" ID="PROTIA Allergy-Q 96M" STATE="Host"/>
</GROUP>
</GROUP>
<GROUP TYPE="Sample">
<GROUP TYPE="Patient" ID="001925731123"></GROUP><GROUP TYPE="Assays" ID=" ">
<GROUP TYPE="Assay" ID="PROTIA Allergy-Q 96M" STATE="Host"/>
</GROUP>
</GROUP>
<GROUP TYPE="Sample">
<GROUP TYPE="Patient" ID="001925720226"></GROUP><GROUP TYPE="Assays" ID=" ">
<GROUP TYPE="Assay" ID="PROTIA Allergy-Q 96M" STATE="Host"/>
</GROUP>
</GROUP>
<GROUP TYPE="Sample">
<GROUP TYPE="Patient" ID="001925728727"></GROUP><GROUP TYPE="Assays" ID=" ">
<GROUP TYPE="Assay" ID="PROTIA Allergy-Q 96M" STATE="Host"/>
</GROUP>
</GROUP>
<GROUP TYPE="Sample">
<GROUP TYPE="Patient" ID="001925731024"></GROUP><GROUP TYPE="Assays" ID=" ">
<GROUP TYPE="Assay" ID="PROTIA Allergy-Q 96M" STATE="Host"/>
</GROUP>
</GROUP>
<GROUP TYPE="Sample">
<GROUP TYPE="Patient" ID="001923628425"></GROUP><GROUP TYPE="Assays" ID=" ">
<GROUP TYPE="Assay" ID="PROTIA Allergy-Q 96M" STATE="Host"/>
</GROUP>
</GROUP>
<GROUP TYPE="Sample">
<GROUP TYPE="Patient" ID="001925401026"></GROUP><GROUP TYPE="Assays" ID=" ">
<GROUP TYPE="Assay" ID="PROTIA Allergy-Q 96M" STATE="Host"/>
</GROUP>
</GROUP>
<GROUP TYPE="Sample">
<GROUP TYPE="Patient" ID="001925434628"></GROUP><GROUP TYPE="Assays" ID=" ">
<GROUP TYPE="Assay" ID="PROTIA Allergy-Q 96M" STATE="Host"/>
</GROUP>
</GROUP>
<GROUP TYPE="Sample">
<GROUP TYPE="Patient" ID="001927673223"></GROUP><GROUP TYPE="Assays" ID=" ">
<GROUP TYPE="Assay" ID="PROTIA Allergy-Q 96M" STATE="Host"/>
</GROUP>
</GROUP>
<GROUP TYPE="Sample">
<GROUP TYPE="Patient" ID="001925465127"></GROUP><GROUP TYPE="Assays" ID=" ">
<GROUP TYPE="Assay" ID="PROTIA Allergy-Q 96M" STATE="Host"/>
</GROUP>
</GROUP>
<GROUP TYPE="Sample">
<GROUP TYPE="Patient" ID="001924663623"></GROUP><GROUP TYPE="Assays" ID=" ">
<GROUP TYPE="Assay" ID="PROTIA Allergy-Q 96M" STATE="Host"/>
</GROUP>
</GROUP>
<GROUP TYPE="Sample">
<GROUP TYPE="Patient" ID="001927404025"></GROUP><GROUP TYPE="Assays" ID=" ">
<GROUP TYPE="Assay" ID="PROTIA Allergy-Q 96M" STATE="Host"/>
</GROUP>
</GROUP>
<GROUP TYPE="Sample">
<GROUP TYPE="Patient" ID="001920952820"></GROUP><GROUP TYPE="Assays" ID=" ">
<GROUP TYPE="Assay" ID="PROTIA Allergy-Q 96M" STATE="Host"/>
</GROUP>
</GROUP>
<GROUP TYPE="Sample">
<GROUP TYPE="Patient" ID="001925606124"></GROUP><GROUP TYPE="Assays" ID=" ">
<GROUP TYPE="Assay" ID="PROTIA Allergy-Q 96M" STATE="Host"/>
</GROUP>
</GROUP>
<GROUP TYPE="Sample">
<GROUP TYPE="Patient" ID="001927403424"></GROUP><GROUP TYPE="Assays" ID=" ">
<GROUP TYPE="Assay" ID="PROTIA Allergy-Q 96M" STATE="Host"/>
</GROUP>
</GROUP>
<GROUP TYPE="Sample">
<GROUP TYPE="Patient" ID="001922636827"></GROUP><GROUP TYPE="Assays" ID=" ">
<GROUP TYPE="Assay" ID="PROTIA Allergy-Q 96M" STATE="Host"/>
</GROUP>
</GROUP>
<GROUP TYPE="Sample">
<GROUP TYPE="Patient" ID="001927403820"></GROUP><GROUP TYPE="Assays" ID=" ">
<GROUP TYPE="Assay" ID="PROTIA Allergy-Q 96M" STATE="Host"/>
</GROUP>
</GROUP>
<GROUP TYPE="Sample">
<GROUP TYPE="Patient" ID="001925152027"></GROUP><GROUP TYPE="Assays" ID=" ">
<GROUP TYPE="Assay" ID="PROTIA Allergy-Q 96M" STATE="Host"/>
</GROUP>
</GROUP>
<GROUP TYPE="Sample">
<GROUP TYPE="Patient" ID="001925110829"></GROUP><GROUP TYPE="Assays" ID=" ">
<GROUP TYPE="Assay" ID="PROTIA Allergy-Q 96M" STATE="Host"/>
</GROUP>
</GROUP>
<GROUP TYPE="Sample">
<GROUP TYPE="Patient" ID="001927250127"></GROUP><GROUP TYPE="Assays" ID=" ">
<GROUP TYPE="Assay" ID="PROTIA Allergy-Q 96M" STATE="Host"/>
</GROUP>
</GROUP>
<GROUP TYPE="Sample">
<GROUP TYPE="Patient" ID="001920701329"></GROUP><GROUP TYPE="Assays" ID=" ">
<GROUP TYPE="Assay" ID="PROTIA Allergy-Q 96M" STATE="Host"/>
</GROUP>
</GROUP>
<GROUP TYPE="Sample">
<GROUP TYPE="Patient" ID="001925802021"></GROUP><GROUP TYPE="Assays" ID=" ">
<GROUP TYPE="Assay" ID="PROTIA Allergy-Q 96M" STATE="Host"/>
</GROUP>
</GROUP>
<GROUP TYPE="Sample">
<GROUP TYPE="Patient" ID="001924610825"></GROUP><GROUP TYPE="Assays" ID=" ">
<GROUP TYPE="Assay" ID="PROTIA Allergy-Q 96M" STATE="Host"/>
</GROUP>
</GROUP>
<GROUP TYPE="Sample">
<GROUP TYPE="Patient" ID="001925152225"></GROUP><GROUP TYPE="Assays" ID=" ">
<GROUP TYPE="Assay" ID="PROTIA Allergy-Q 96M" STATE="Host"/>
</GROUP>
</GROUP>
<GROUP TYPE="Sample">
<GROUP TYPE="Patient" ID="001926862420"></GROUP><GROUP TYPE="Assays" ID=" ">
<GROUP TYPE="Assay" ID="PROTIA Allergy-Q 96M" STATE="Host"/>
</GROUP>
</GROUP>
<GROUP TYPE="Sample">
<GROUP TYPE="Patient" ID="001920280923"></GROUP><GROUP TYPE="Assays" ID=" ">
<GROUP TYPE="Assay" ID="PROTIA Allergy-Q 96M" STATE="Host"/>
</GROUP>
</GROUP>
<GROUP TYPE="Sample">
<GROUP TYPE="Patient" ID="001922535229"></GROUP><GROUP TYPE="Assays" ID=" ">
<GROUP TYPE="Assay" ID="PROTIA Allergy-Q 96M" STATE="Host"/>
</GROUP>
</GROUP>
<GROUP TYPE="Sample">
<GROUP TYPE="Patient" ID="001922511926"></GROUP><GROUP TYPE="Assays" ID=" ">
<GROUP TYPE="Assay" ID="PROTIA Allergy-Q 96M" STATE="Host"/>
</GROUP>
</GROUP>
<GROUP TYPE="Sample">
<GROUP TYPE="Patient" ID="001922504423"></GROUP><GROUP TYPE="Assays" ID=" ">
<GROUP TYPE="Assay" ID="PROTIA Allergy-Q 96M" STATE="Host"/>
</GROUP>
</GROUP>
<GROUP TYPE="Sample">
<GROUP TYPE="Patient" ID="001923916027"></GROUP><GROUP TYPE="Assays" ID=" ">
<GROUP TYPE="Assay" ID="PROTIA Allergy-Q 96M" STATE="Host"/>
</GROUP>
</GROUP>
<GROUP TYPE="Sample">
<GROUP TYPE="Patient" ID="001922502528"></GROUP><GROUP TYPE="Assays" ID=" ">
<GROUP TYPE="Assay" ID="PROTIA Allergy-Q 96M" STATE="Host"/>
</GROUP>
</GROUP>
<GROUP TYPE="Sample">
<GROUP TYPE="Patient" ID="001922501729"></GROUP><GROUP TYPE="Assays" ID=" ">
<GROUP TYPE="Assay" ID="PROTIA Allergy-Q 96M" STATE="Host"/>
</GROUP>
</GROUP>
<GROUP TYPE="Sample">
<GROUP TYPE="Patient" ID="001923769029"></GROUP><GROUP TYPE="Assays" ID=" ">
<GROUP TYPE="Assay" ID="PROTIA Allergy-Q 96M" STATE="Host"/>
</GROUP>
</GROUP>
<GROUP TYPE="Sample">
<GROUP TYPE="Patient" ID="001923671124"></GROUP><GROUP TYPE="Assays" ID=" ">
<GROUP TYPE="Assay" ID="PROTIA Allergy-Q 96M" STATE="Host"/>
</GROUP>
</GROUP>
<GROUP TYPE="Sample">
<GROUP TYPE="Patient" ID="001923768725"></GROUP><GROUP TYPE="Assays" ID=" ">
<GROUP TYPE="Assay" ID="PROTIA Allergy-Q 96M" STATE="Host"/>
</GROUP>
</GROUP>
<GROUP TYPE="Sample">
<GROUP TYPE="Patient" ID="001923670127"></GROUP><GROUP TYPE="Assays" ID=" ">
<GROUP TYPE="Assay" ID="PROTIA Allergy-Q 96M" STATE="Host"/>
</GROUP>
</GROUP>
<GROUP TYPE="Sample">
<GROUP TYPE="Patient" ID="001923669725"></GROUP><GROUP TYPE="Assays" ID=" ">
<GROUP TYPE="Assay" ID="PROTIA Allergy-Q 96M" STATE="Host"/>
</GROUP>
</GROUP>
<GROUP TYPE="Sample">
<GROUP TYPE="Patient" ID="001922502627"></GROUP><GROUP TYPE="Assays" ID=" ">
<GROUP TYPE="Assay" ID="PROTIA Allergy-Q 96M" STATE="Host"/>
</GROUP>
</GROUP>
<GROUP TYPE="Sample">
<GROUP TYPE="Patient" ID="001923842920"></GROUP><GROUP TYPE="Assays" ID=" ">
<GROUP TYPE="Assay" ID="PROTIA Allergy-Q 96M" STATE="Host"/>
</GROUP>
</GROUP>
<GROUP TYPE="Sample">
<GROUP TYPE="Patient" ID="001923627725"></GROUP><GROUP TYPE="Assays" ID=" ">
<GROUP TYPE="Assay" ID="PROTIA Allergy-Q 96M" STATE="Host"/>
</GROUP>
</GROUP>
<GROUP TYPE="Sample">
<GROUP TYPE="Patient" ID="001923627527"></GROUP><GROUP TYPE="Assays" ID=" ">
<GROUP TYPE="Assay" ID="PROTIA Allergy-Q 96M" STATE="Host"/>
</GROUP>
</GROUP>
<GROUP TYPE="Sample">
<GROUP TYPE="Patient" ID="001923628623"></GROUP><GROUP TYPE="Assays" ID=" ">
<GROUP TYPE="Assay" ID="PROTIA Allergy-Q 96M" STATE="Host"/>
</GROUP>
</GROUP>
<GROUP TYPE="Sample">
<GROUP TYPE="Patient" ID="001927590124"></GROUP><GROUP TYPE="Assays" ID=" ">
<GROUP TYPE="Assay" ID="PROTIA Allergy-Q 96M" STATE="Host"/>
</GROUP>
</GROUP>
<GROUP TYPE="Sample">
<GROUP TYPE="Patient" ID="001923814323"></GROUP><GROUP TYPE="Assays" ID=" ">
<GROUP TYPE="Assay" ID="PROTIA Allergy-Q 96M" STATE="Host"/>
</GROUP>
</GROUP>
<GROUP TYPE="Sample">
<GROUP TYPE="Patient" ID="001926106524"></GROUP><GROUP TYPE="Assays" ID=" ">
<GROUP TYPE="Assay" ID="PROTIA Allergy-Q 96M" STATE="Host"/>
</GROUP>
</GROUP>
<GROUP TYPE="Sample">
<GROUP TYPE="Patient" ID="001923627824"></GROUP><GROUP TYPE="Assays" ID=" ">
<GROUP TYPE="Assay" ID="PROTIA Allergy-Q 96M" STATE="Host"/>
</GROUP>
</GROUP>
<GROUP TYPE="Sample">
<GROUP TYPE="Patient" ID="001923768527"></GROUP><GROUP TYPE="Assays" ID=" ">
<GROUP TYPE="Assay" ID="PROTIA Allergy-Q 96M" STATE="Host"/>
</GROUP>
</GROUP>
<GROUP TYPE="Sample">
<GROUP TYPE="Patient" ID="001921146020"></GROUP><GROUP TYPE="Assays" ID=" ">
<GROUP TYPE="Assay" ID="PROTIA Allergy-Q 96M" STATE="Host"/>
</GROUP>
</GROUP>
<GROUP TYPE="Sample">
<GROUP TYPE="Patient" ID="001921411524"></GROUP><GROUP TYPE="Assays" ID=" ">
<GROUP TYPE="Assay" ID="PROTIA Allergy-Q 96M" STATE="Host"/>
</GROUP>
</GROUP>
<GROUP TYPE="Sample">
<GROUP TYPE="Patient" ID="001921029323"></GROUP><GROUP TYPE="Assays" ID=" ">
<GROUP TYPE="Assay" ID="PROTIA Allergy-Q 96M" STATE="Host"/>
</GROUP>
</GROUP>
<GROUP TYPE="Sample">
<GROUP TYPE="Patient" ID="001920851420"></GROUP><GROUP TYPE="Assays" ID=" ">
<GROUP TYPE="Assay" ID="PROTIA Allergy-Q 96M" STATE="Host"/>
</GROUP>
</GROUP>
<GROUP TYPE="Sample">
<GROUP TYPE="Patient" ID="001920851727"></GROUP><GROUP TYPE="Assays" ID=" ">
<GROUP TYPE="Assay" ID="PROTIA Allergy-Q 96M" STATE="Host"/>
</GROUP>
</GROUP>
<GROUP TYPE="Sample">
<GROUP TYPE="Patient" ID="001921002524"></GROUP><GROUP TYPE="Assays" ID=" ">
<GROUP TYPE="Assay" ID="PROTIA Allergy-Q 96M" STATE="Host"/>
</GROUP>
</GROUP>
<GROUP TYPE="Sample">
<GROUP TYPE="Patient" ID="001920867124"></GROUP><GROUP TYPE="Assays" ID=" ">
<GROUP TYPE="Assay" ID="PROTIA Allergy-Q 96M" STATE="Host"/>
</GROUP>
</GROUP>
<GROUP TYPE="Sample">
<GROUP TYPE="Patient" ID="001920867520"></GROUP><GROUP TYPE="Assays" ID=" ">
<GROUP TYPE="Assay" ID="PROTIA Allergy-Q 96M" STATE="Host"/>
</GROUP>
</GROUP>
<GROUP TYPE="Sample">
<GROUP TYPE="Patient" ID="001925401125"></GROUP><GROUP TYPE="Assays" ID=" ">
<GROUP TYPE="Assay" ID="PROTIA Allergy-Q 96M" STATE="Host"/>
</GROUP>
</GROUP>
<GROUP TYPE="Sample">
<GROUP TYPE="Patient" ID="001927506125"></GROUP><GROUP TYPE="Assays" ID=" ">
<GROUP TYPE="Assay" ID="PROTIA Allergy-Q 96M" STATE="Host"/>
</GROUP>
</GROUP>
<GROUP TYPE="Sample">
<GROUP TYPE="Patient" ID="001927667420"></GROUP><GROUP TYPE="Assays" ID=" ">
<GROUP TYPE="Assay" ID="PROTIA Allergy-Q 96M" STATE="Host"/>
</GROUP>
</GROUP>
<GROUP TYPE="Sample">
<GROUP TYPE="Patient" ID="001925403129"></GROUP><GROUP TYPE="Assays" ID=" ">
<GROUP TYPE="Assay" ID="PROTIA Allergy-Q 96M" STATE="Host"/>
</GROUP>
</GROUP>
<GROUP TYPE="Sample">
<GROUP TYPE="Patient" ID="001921007222"></GROUP><GROUP TYPE="Assays" ID=" ">
<GROUP TYPE="Assay" ID="PROTIA Allergy-Q 96M" STATE="Host"/>
</GROUP>
</GROUP>
<GROUP TYPE="Sample">
<GROUP TYPE="Patient" ID="001925408322"></GROUP><GROUP TYPE="Assays" ID=" ">
<GROUP TYPE="Assay" ID="PROTIA Allergy-Q 96M" STATE="Host"/>
</GROUP>
</GROUP>
<GROUP TYPE="Sample">
<GROUP TYPE="Patient" ID="001920851628"></GROUP><GROUP TYPE="Assays" ID=" ">
<GROUP TYPE="Assay" ID="PROTIA Allergy-Q 96M" STATE="Host"/>
</GROUP>
</GROUP>
<GROUP TYPE="Sample">
<GROUP TYPE="Patient" ID="001925620427"></GROUP><GROUP TYPE="Assays" ID=" ">
<GROUP TYPE="Assay" ID="PROTIA Allergy-Q 96M" STATE="Host"/>
</GROUP>
</GROUP>
<GROUP TYPE="Sample">
<GROUP TYPE="Patient" ID="001925101322"></GROUP><GROUP TYPE="Assays" ID=" ">
<GROUP TYPE="Assay" ID="PROTIA Allergy-Q 96M" STATE="Host"/>
</GROUP>
</GROUP>
<GROUP TYPE="Sample">
<GROUP TYPE="Patient" ID="001925101421"></GROUP><GROUP TYPE="Assays" ID=" ">
<GROUP TYPE="Assay" ID="PROTIA Allergy-Q 96M" STATE="Host"/>
</GROUP>
</GROUP>
<GROUP TYPE="Sample">
<GROUP TYPE="Patient" ID="001925501528"></GROUP><GROUP TYPE="Assays" ID=" ">
<GROUP TYPE="Assay" ID="PROTIA Allergy-Q 96M" STATE="Host"/>
</GROUP>
</GROUP>
<GROUP TYPE="Sample">
<GROUP TYPE="Patient" ID="001925801925"></GROUP><GROUP TYPE="Assays" ID=" ">
<GROUP TYPE="Assay" ID="PROTIA Allergy-Q 96M" STATE="Host"/>
</GROUP>
</GROUP>
<GROUP TYPE="Sample">
<GROUP TYPE="Patient" ID="001925136720"></GROUP><GROUP TYPE="Assays" ID=" ">
<GROUP TYPE="Assay" ID="PROTIA Allergy-Q 96M" STATE="Host"/>
</GROUP>
</GROUP>
<GROUP TYPE="Sample">
<GROUP TYPE="Patient" ID="001926104728"></GROUP><GROUP TYPE="Assays" ID=" ">
<GROUP TYPE="Assay" ID="PROTIA Allergy-Q 96M" STATE="Host"/>
</GROUP>
</GROUP>
<GROUP TYPE="Sample">
<GROUP TYPE="Patient" ID="001926104827"></GROUP><GROUP TYPE="Assays" ID=" ">
<GROUP TYPE="Assay" ID="PROTIA Allergy-Q 96M" STATE="Host"/>
</GROUP>
</GROUP>
<GROUP TYPE="Sample">
<GROUP TYPE="Patient" ID="001923814224"></GROUP><GROUP TYPE="Assays" ID=" ">
<GROUP TYPE="Assay" ID="PROTIA Allergy-Q 96M" STATE="Host"/>
</GROUP>
</GROUP>
<GROUP TYPE="Sample">
<GROUP TYPE="Patient" ID="001923814422"></GROUP><GROUP TYPE="Assays" ID=" ">
<GROUP TYPE="Assay" ID="PROTIA Allergy-Q 96M" STATE="Host"/>
</GROUP>
</GROUP>
<GROUP TYPE="Sample">
<GROUP TYPE="Patient" ID="001922552721"></GROUP><GROUP TYPE="Assays" ID=" ">
<GROUP TYPE="Assay" ID="PROTIA Allergy-Q 96M" STATE="Host"/>
</GROUP>
</GROUP>
<GROUP TYPE="Sample">
<GROUP TYPE="Patient" ID="001922502221"></GROUP><GROUP TYPE="Assays" ID=" ">
<GROUP TYPE="Assay" ID="PROTIA Allergy-Q 96M" STATE="Host"/>
</GROUP>
</GROUP>
<GROUP TYPE="Sample">
<GROUP TYPE="Patient" ID="001922590327"></GROUP><GROUP TYPE="Assays" ID=" ">
<GROUP TYPE="Assay" ID="PROTIA Allergy-Q 96M" STATE="Host"/>
</GROUP>
</GROUP>
<GROUP TYPE="Sample">
<GROUP TYPE="Patient" ID="001922502429"></GROUP><GROUP TYPE="Assays" ID=" ">
<GROUP TYPE="Assay" ID="PROTIA Allergy-Q 96M" STATE="Host"/>
</GROUP>
</GROUP>
<GROUP TYPE="Sample">
<GROUP TYPE="Patient" ID="001922501521"></GROUP><GROUP TYPE="Assays" ID=" ">
<GROUP TYPE="Assay" ID="PROTIA Allergy-Q 96M" STATE="Host"/>
</GROUP>
</GROUP>
<GROUP TYPE="Sample">
<GROUP TYPE="Patient" ID="001923945720"></GROUP><GROUP TYPE="Assays" ID=" ">
<GROUP TYPE="Assay" ID="PROTIA Allergy-Q 96M" STATE="Host"/>
</GROUP>
</GROUP>
<GROUP TYPE="Sample">
<GROUP TYPE="Patient" ID="001925201329"></GROUP><GROUP TYPE="Assays" ID=" ">
<GROUP TYPE="Assay" ID="PROTIA Allergy-Q 96M" STATE="Host"/>
</GROUP>
</GROUP>
<GROUP TYPE="Sample">
<GROUP TYPE="Patient" ID="001926871620"></GROUP><GROUP TYPE="Assays" ID=" ">
<GROUP TYPE="Assay" ID="PROTIA Allergy-Q 96M" STATE="Host"/>
</GROUP>
</GROUP>
<GROUP TYPE="Sample">
<GROUP TYPE="Patient" ID="001936202124"></GROUP><GROUP TYPE="Assays" ID=" ">
<GROUP TYPE="Assay" ID="PROTIA Allergy-Q 96M" STATE="Host"/>
</GROUP>
</GROUP>
<GROUP TYPE="Sample">
<GROUP TYPE="Patient" ID="001935255725"></GROUP><GROUP TYPE="Assays" ID=" ">
<GROUP TYPE="Assay" ID="PROTIA Allergy-Q 96M" STATE="Host"/>
</GROUP>
</GROUP>
<GROUP TYPE="Sample">
<GROUP TYPE="Patient" ID="001935413927"></GROUP><GROUP TYPE="Assays" ID=" ">
<GROUP TYPE="Assay" ID="PROTIA Allergy-Q 96M" STATE="Host"/>
</GROUP>
</GROUP>
<GROUP TYPE="Sample">
<GROUP TYPE="Patient" ID="001930981926"></GROUP><GROUP TYPE="Assays" ID=" ">
<GROUP TYPE="Assay" ID="PROTIA Allergy-Q 96M" STATE="Host"/>
</GROUP>
</GROUP>
<GROUP TYPE="Sample">
<GROUP TYPE="Patient" ID="001935900724"></GROUP><GROUP TYPE="Assays" ID=" ">
<GROUP TYPE="Assay" ID="PROTIA Allergy-Q 96M" STATE="Host"/>
</GROUP>
</GROUP>
<GROUP TYPE="Sample">
<GROUP TYPE="Patient" ID="001934404025"></GROUP><GROUP TYPE="Assays" ID=" ">
<GROUP TYPE="Assay" ID="PROTIA Allergy-Q 96M" STATE="Host"/>
</GROUP>
</GROUP>
<GROUP TYPE="Sample">
<GROUP TYPE="Patient" ID="001931120522"></GROUP><GROUP TYPE="Assays" ID=" ">
<GROUP TYPE="Assay" ID="PROTIA Allergy-Q 96M" STATE="Host"/>
</GROUP>
</GROUP>
<GROUP TYPE="Sample">
<GROUP TYPE="Patient" ID="001930951226"></GROUP><GROUP TYPE="Assays" ID=" ">
<GROUP TYPE="Assay" ID="PROTIA Allergy-Q 96M" STATE="Host"/>
</GROUP>
</GROUP>
<GROUP TYPE="Sample">
<GROUP TYPE="Patient" ID="001930290622"></GROUP><GROUP TYPE="Assays" ID=" ">
<GROUP TYPE="Assay" ID="PROTIA Allergy-Q 96M" STATE="Host"/>
</GROUP>
</GROUP>
<GROUP TYPE="Sample">
<GROUP TYPE="Patient" ID="001931257228"></GROUP><GROUP TYPE="Assays" ID=" ">
<GROUP TYPE="Assay" ID="PROTIA Allergy-Q 96M" STATE="Host"/>
</GROUP>
</GROUP>
<GROUP TYPE="Sample">
<GROUP TYPE="Patient" ID="001931443829"></GROUP><GROUP TYPE="Assays" ID=" ">
<GROUP TYPE="Assay" ID="PROTIA Allergy-Q 96M" STATE="Host"/>
</GROUP>
</GROUP>
<GROUP TYPE="Sample">
<GROUP TYPE="Patient" ID="001934804320"></GROUP><GROUP TYPE="Assays" ID=" ">
<GROUP TYPE="Assay" ID="PROTIA Allergy-Q 96M" STATE="Host"/>
</GROUP>
</GROUP>
<GROUP TYPE="Sample">
<GROUP TYPE="Patient" ID="001934807420"></GROUP><GROUP TYPE="Assays" ID=" ">
<GROUP TYPE="Assay" ID="PROTIA Allergy-Q 96M" STATE="Host"/>
</GROUP>
</GROUP>
<GROUP TYPE="Sample">
<GROUP TYPE="Patient" ID="001934809424"></GROUP><GROUP TYPE="Assays" ID=" ">
<GROUP TYPE="Assay" ID="PROTIA Allergy-Q 96M" STATE="Host"/>
</GROUP>
</GROUP>
<GROUP TYPE="Sample">
<GROUP TYPE="Patient" ID="001935151621"></GROUP><GROUP TYPE="Assays" ID=" ">
<GROUP TYPE="Assay" ID="PROTIA Allergy-Q 96M" STATE="Host"/>
</GROUP>
</GROUP>
<GROUP TYPE="Sample">
<GROUP TYPE="Patient" ID="001931132822"></GROUP><GROUP TYPE="Assays" ID=" ">
<GROUP TYPE="Assay" ID="PROTIA Allergy-Q 96M" STATE="Host"/>
</GROUP>
</GROUP>
<GROUP TYPE="Sample">
<GROUP TYPE="Patient" ID="001935850326"></GROUP><GROUP TYPE="Assays" ID=" ">
<GROUP TYPE="Assay" ID="PROTIA Allergy-Q 96M" STATE="Host"/>
</GROUP>
</GROUP>
<GROUP TYPE="Sample">
<GROUP TYPE="Patient" ID="001937796028"></GROUP><GROUP TYPE="Assays" ID=" ">
<GROUP TYPE="Assay" ID="PROTIA Allergy-Q 96M" STATE="Host"/>
</GROUP>
</GROUP>
<GROUP TYPE="Sample">
<GROUP TYPE="Patient" ID="001934830220"></GROUP><GROUP TYPE="Assays" ID=" ">
<GROUP TYPE="Assay" ID="PROTIA Allergy-Q 96M" STATE="Host"/>
</GROUP>
</GROUP>
<GROUP TYPE="Sample">
<GROUP TYPE="Patient" ID="001937797223"></GROUP><GROUP TYPE="Assays" ID=" ">
<GROUP TYPE="Assay" ID="PROTIA Allergy-Q 96M" STATE="Host"/>
</GROUP>
</GROUP>
<GROUP TYPE="Sample">
<GROUP TYPE="Patient" ID="001934830121"></GROUP><GROUP TYPE="Assays" ID=" ">
<GROUP TYPE="Assay" ID="PROTIA Allergy-Q 96M" STATE="Host"/>
</GROUP>
</GROUP>
<GROUP TYPE="Sample">
<GROUP TYPE="Patient" ID="001930060027"></GROUP><GROUP TYPE="Assays" ID=" ">
<GROUP TYPE="Assay" ID="PROTIA Allergy-Q 96M" STATE="Host"/>
</GROUP>
</GROUP>
<GROUP TYPE="Sample">
<GROUP TYPE="Patient" ID="001934832521"></GROUP><GROUP TYPE="Assays" ID=" ">
<GROUP TYPE="Assay" ID="PROTIA Allergy-Q 96M" STATE="Host"/>
</GROUP>
</GROUP>
<GROUP TYPE="Sample">
<GROUP TYPE="Patient" ID="001930014921"></GROUP><GROUP TYPE="Assays" ID=" ">
<GROUP TYPE="Assay" ID="PROTIA Allergy-Q 96M" STATE="Host"/>
</GROUP>
</GROUP>
<GROUP TYPE="Sample">
<GROUP TYPE="Patient" ID="001930055320"></GROUP><GROUP TYPE="Assays" ID=" ">
<GROUP TYPE="Assay" ID="PROTIA Allergy-Q 96M" STATE="Host"/>
</GROUP>
</GROUP>
<GROUP TYPE="Sample">
<GROUP TYPE="Patient" ID="001935250225"></GROUP><GROUP TYPE="Assays" ID=" ">
<GROUP TYPE="Assay" ID="PROTIA Allergy-Q 96M" STATE="Host"/>
</GROUP>
</GROUP>
<GROUP TYPE="Sample">
<GROUP TYPE="Patient" ID="001936202421"></GROUP><GROUP TYPE="Assays" ID=" ">
<GROUP TYPE="Assay" ID="PROTIA Allergy-Q 96M" STATE="Host"/>
</GROUP>
</GROUP>
<GROUP TYPE="Sample">
<GROUP TYPE="Patient" ID="001934532124"></GROUP><GROUP TYPE="Assays" ID=" ">
<GROUP TYPE="Assay" ID="PROTIA Allergy-Q 96M" STATE="Host"/>
</GROUP>
</GROUP>
<GROUP TYPE="Sample">
<GROUP TYPE="Patient" ID="001936847523"></GROUP><GROUP TYPE="Assays" ID=" ">
<GROUP TYPE="Assay" ID="PROTIA Allergy-Q 96M" STATE="Host"/>
</GROUP>
</GROUP>
<GROUP TYPE="Sample">
<GROUP TYPE="Patient" ID="001932507520"></GROUP><GROUP TYPE="Assays" ID=" ">
<GROUP TYPE="Assay" ID="PROTIA Allergy-Q 96M" STATE="Host"/>
</GROUP>
</GROUP>
<GROUP TYPE="Sample">
<GROUP TYPE="Patient" ID="001932507124"></GROUP><GROUP TYPE="Assays" ID=" ">
<GROUP TYPE="Assay" ID="PROTIA Allergy-Q 96M" STATE="Host"/>
</GROUP>
</GROUP>
<GROUP TYPE="Sample">
<GROUP TYPE="Patient" ID="001932500729"></GROUP><GROUP TYPE="Assays" ID=" ">
<GROUP TYPE="Assay" ID="PROTIA Allergy-Q 96M" STATE="Host"/>
</GROUP>
</GROUP>
<GROUP TYPE="Sample">
<GROUP TYPE="Patient" ID="001938163928"></GROUP><GROUP TYPE="Assays" ID=" ">
<GROUP TYPE="Assay" ID="PROTIA Allergy-Q 96M" STATE="Host"/>
</GROUP>
</GROUP>
<GROUP TYPE="Sample">
<GROUP TYPE="Patient" ID="001932507629"></GROUP><GROUP TYPE="Assays" ID=" ">
<GROUP TYPE="Assay" ID="PROTIA Allergy-Q 96M" STATE="Host"/>
</GROUP>
</GROUP>
<GROUP TYPE="Sample">
<GROUP TYPE="Patient" ID="001932555125"></GROUP><GROUP TYPE="Assays" ID=" ">
<GROUP TYPE="Assay" ID="PROTIA Allergy-Q 96M" STATE="Host"/>
</GROUP>
</GROUP>
<GROUP TYPE="Sample">
<GROUP TYPE="Patient" ID="001934806324"></GROUP><GROUP TYPE="Assays" ID=" ">
<GROUP TYPE="Assay" ID="PROTIA Allergy-Q 96M" STATE="Host"/>
</GROUP>
</GROUP>
<GROUP TYPE="Sample">
<GROUP TYPE="Patient" ID="001932555026"></GROUP><GROUP TYPE="Assays" ID=" ">
<GROUP TYPE="Assay" ID="PROTIA Allergy-Q 96M" STATE="Host"/>
</GROUP>
</GROUP>
<GROUP TYPE="Sample">
<GROUP TYPE="Patient" ID="001935350925"></GROUP><GROUP TYPE="Assays" ID=" ">
<GROUP TYPE="Assay" ID="PROTIA Allergy-Q 96M" STATE="Host"/>
</GROUP>
</GROUP>
<GROUP TYPE="Sample">
<GROUP TYPE="Patient" ID="001935351229"></GROUP><GROUP TYPE="Assays" ID=" ">
<GROUP TYPE="Assay" ID="PROTIA Allergy-Q 96M" STATE="Host"/>
</GROUP>
</GROUP>
<GROUP TYPE="Sample">
<GROUP TYPE="Patient" ID="001935351328"></GROUP><GROUP TYPE="Assays" ID=" ">
<GROUP TYPE="Assay" ID="PROTIA Allergy-Q 96M" STATE="Host"/>
</GROUP>
</GROUP>
<GROUP TYPE="Sample">
<GROUP TYPE="Patient" ID="001937778420"></GROUP><GROUP TYPE="Assays" ID=" ">
<GROUP TYPE="Assay" ID="PROTIA Allergy-Q 96M" STATE="Host"/>
</GROUP>
</GROUP>
<GROUP TYPE="Sample">
<GROUP TYPE="Patient" ID="001930705324"></GROUP><GROUP TYPE="Assays" ID=" ">
<GROUP TYPE="Assay" ID="PROTIA Allergy-Q 96M" STATE="Host"/>
</GROUP>
</GROUP>
<GROUP TYPE="Sample">
<GROUP TYPE="Patient" ID="001935604226"></GROUP><GROUP TYPE="Assays" ID=" ">
<GROUP TYPE="Assay" ID="PROTIA Allergy-Q 96M" STATE="Host"/>
</GROUP>
</GROUP>
<GROUP TYPE="Sample">
<GROUP TYPE="Patient" ID="001935853327"></GROUP><GROUP TYPE="Assays" ID=" ">
<GROUP TYPE="Assay" ID="PROTIA Allergy-Q 96M" STATE="Host"/>
</GROUP>
</GROUP>
<GROUP TYPE="Sample">
<GROUP TYPE="Patient" ID="001935850128"></GROUP><GROUP TYPE="Assays" ID=" ">
<GROUP TYPE="Assay" ID="PROTIA Allergy-Q 96M" STATE="Host"/>
</GROUP>
</GROUP>
<GROUP TYPE="Sample">
<GROUP TYPE="Patient" ID="001930259322"></GROUP><GROUP TYPE="Assays" ID=" ">
<GROUP TYPE="Assay" ID="PROTIA Allergy-Q 96M" STATE="Host"/>
</GROUP>
</GROUP>
<GROUP TYPE="Sample">
<GROUP TYPE="Patient" ID="001935175528"></GROUP><GROUP TYPE="Assays" ID=" ">
<GROUP TYPE="Assay" ID="PROTIA Allergy-Q 96M" STATE="Host"/>
</GROUP>
</GROUP>
<GROUP TYPE="Sample">
<GROUP TYPE="Patient" ID="001931132624"></GROUP><GROUP TYPE="Assays" ID=" ">
<GROUP TYPE="Assay" ID="PROTIA Allergy-Q 96M" STATE="Host"/>
</GROUP>
</GROUP>
<GROUP TYPE="Sample">
<GROUP TYPE="Patient" ID="001935850227"></GROUP><GROUP TYPE="Assays" ID=" ">
<GROUP TYPE="Assay" ID="PROTIA Allergy-Q 96M" STATE="Host"/>
</GROUP>
</GROUP>
<GROUP TYPE="Sample">
<GROUP TYPE="Patient" ID="001933890324"></GROUP><GROUP TYPE="Assays" ID=" ">
<GROUP TYPE="Assay" ID="PROTIA Allergy-Q 96M" STATE="Host"/>
</GROUP>
</GROUP>
<GROUP TYPE="Sample">
<GROUP TYPE="Patient" ID="001935102722"></GROUP><GROUP TYPE="Assays" ID=" ">
<GROUP TYPE="Assay" ID="PROTIA Allergy-Q 96M" STATE="Host"/>
</GROUP>
</GROUP>
<GROUP TYPE="Sample">
<GROUP TYPE="Patient" ID="001931162027"></GROUP><GROUP TYPE="Assays" ID=" ">
<GROUP TYPE="Assay" ID="PROTIA Allergy-Q 96M" STATE="Host"/>
</GROUP>
</GROUP>
<GROUP TYPE="Sample">
<GROUP TYPE="Patient" ID="001931001821"></GROUP><GROUP TYPE="Assays" ID=" ">
<GROUP TYPE="Assay" ID="PROTIA Allergy-Q 96M" STATE="Host"/>
</GROUP>
</GROUP>
<GROUP TYPE="Sample">
<GROUP TYPE="Patient" ID="001936864025"></GROUP><GROUP TYPE="Assays" ID=" ">
<GROUP TYPE="Assay" ID="PROTIA Allergy-Q 96M" STATE="Host"/>
</GROUP>
</GROUP>
<GROUP TYPE="Sample">
<GROUP TYPE="Patient" ID="001936866920"></GROUP><GROUP TYPE="Assays" ID=" ">
<GROUP TYPE="Assay" ID="PROTIA Allergy-Q 96M" STATE="Host"/>
</GROUP>
</GROUP>
<GROUP TYPE="Sample">
<GROUP TYPE="Patient" ID="001936881022"></GROUP><GROUP TYPE="Assays" ID=" ">
<GROUP TYPE="Assay" ID="PROTIA Allergy-Q 96M" STATE="Host"/>
</GROUP>
</GROUP>
<GROUP TYPE="Sample">
<GROUP TYPE="Patient" ID="001936037726"></GROUP><GROUP TYPE="Assays" ID=" ">
<GROUP TYPE="Assay" ID="PROTIA Allergy-Q 96M" STATE="Host"/>
</GROUP>
</GROUP>
<GROUP TYPE="Sample">
<GROUP TYPE="Patient" ID="001933680123"></GROUP><GROUP TYPE="Assays" ID=" ">
<GROUP TYPE="Assay" ID="PROTIA Allergy-Q 96M" STATE="Host"/>
</GROUP>
</GROUP>
<GROUP TYPE="Sample">
<GROUP TYPE="Patient" ID="001933783022"></GROUP><GROUP TYPE="Assays" ID=" ">
<GROUP TYPE="Assay" ID="PROTIA Allergy-Q 96M" STATE="Host"/>
</GROUP>
</GROUP>
<GROUP TYPE="Sample">
<GROUP TYPE="Patient" ID="001933784425"></GROUP><GROUP TYPE="Assays" ID=" ">
<GROUP TYPE="Assay" ID="PROTIA Allergy-Q 96M" STATE="Host"/>
</GROUP>
</GROUP>
<GROUP TYPE="Sample">
<GROUP TYPE="Patient" ID="001933643623"></GROUP><GROUP TYPE="Assays" ID=" ">
<GROUP TYPE="Assay" ID="PROTIA Allergy-Q 96M" STATE="Host"/>
</GROUP>
</GROUP>
<GROUP TYPE="Sample">
<GROUP TYPE="Patient" ID="001935710828"></GROUP><GROUP TYPE="Assays" ID=" ">
<GROUP TYPE="Assay" ID="PROTIA Allergy-Q 96M" STATE="Host"/>
</GROUP>
</GROUP>
<GROUP TYPE="Sample">
<GROUP TYPE="Patient" ID="001935703820"></GROUP><GROUP TYPE="Assays" ID=" ">
<GROUP TYPE="Assay" ID="PROTIA Allergy-Q 96M" STATE="Host"/>
</GROUP>
</GROUP>
<GROUP TYPE="Sample">
<GROUP TYPE="Patient" ID="001933667520"></GROUP><GROUP TYPE="Assays" ID=" ">
<GROUP TYPE="Assay" ID="PROTIA Allergy-Q 96M" STATE="Host"/>
</GROUP>
</GROUP>
<GROUP TYPE="Sample">
<GROUP TYPE="Patient" ID="001935703929"></GROUP><GROUP TYPE="Assays" ID=" ">
<GROUP TYPE="Assay" ID="PROTIA Allergy-Q 96M" STATE="Host"/>
</GROUP>
</GROUP>
<GROUP TYPE="Sample">
<GROUP TYPE="Patient" ID="001935703721"></GROUP><GROUP TYPE="Assays" ID=" ">
<GROUP TYPE="Assay" ID="PROTIA Allergy-Q 96M" STATE="Host"/>
</GROUP>
</GROUP>
<GROUP TYPE="Sample">
<GROUP TYPE="Patient" ID="001933755326"></GROUP><GROUP TYPE="Assays" ID=" ">
<GROUP TYPE="Assay" ID="PROTIA Allergy-Q 96M" STATE="Host"/>
</GROUP>
</GROUP>
<GROUP TYPE="Sample">
<GROUP TYPE="Patient" ID="001936104329"></GROUP><GROUP TYPE="Assays" ID=" ">
<GROUP TYPE="Assay" ID="PROTIA Allergy-Q 96M" STATE="Host"/>
</GROUP>
</GROUP>
<GROUP TYPE="Sample">
<GROUP TYPE="Patient" ID="001933782025"></GROUP><GROUP TYPE="Assays" ID=" ">
<GROUP TYPE="Assay" ID="PROTIA Allergy-Q 96M" STATE="Host"/>
</GROUP>
</GROUP>
<GROUP TYPE="Sample">
<GROUP TYPE="Patient" ID="001933782926"></GROUP><GROUP TYPE="Assays" ID=" ">
<GROUP TYPE="Assay" ID="PROTIA Allergy-Q 96M" STATE="Host"/>
</GROUP>
</GROUP>
<GROUP TYPE="Sample">
<GROUP TYPE="Patient" ID="001933643722"></GROUP><GROUP TYPE="Assays" ID=" ">
<GROUP TYPE="Assay" ID="PROTIA Allergy-Q 96M" STATE="Host"/>
</GROUP>
</GROUP>
<GROUP TYPE="Sample">
<GROUP TYPE="Patient" ID="001933841029"></GROUP><GROUP TYPE="Assays" ID=" ">
<GROUP TYPE="Assay" ID="PROTIA Allergy-Q 96M" STATE="Host"/>
</GROUP>
</GROUP>
<GROUP TYPE="Sample">
<GROUP TYPE="Patient" ID="001934228720"></GROUP><GROUP TYPE="Assays" ID=" ">
<GROUP TYPE="Assay" ID="PROTIA Allergy-Q 96M" STATE="Host"/>
</GROUP>
</GROUP>
<GROUP TYPE="Sample">
<GROUP TYPE="Patient" ID="001935175221"></GROUP><GROUP TYPE="Assays" ID=" ">
<GROUP TYPE="Assay" ID="PROTIA Allergy-Q 96M" STATE="Host"/>
</GROUP>
</GROUP>
<GROUP TYPE="Sample">
<GROUP TYPE="Patient" ID="001936847226"></GROUP><GROUP TYPE="Assays" ID=" ">
<GROUP TYPE="Assay" ID="PROTIA Allergy-Q 96M" STATE="Host"/>
</GROUP>
</GROUP>
<GROUP TYPE="Sample">
<GROUP TYPE="Patient" ID="001935857325"></GROUP><GROUP TYPE="Assays" ID=" ">
<GROUP TYPE="Assay" ID="PROTIA Allergy-Q 96M" STATE="Host"/>
</GROUP>
</GROUP>
<GROUP TYPE="Sample">
<GROUP TYPE="Patient" ID="001931444123"></GROUP><GROUP TYPE="Assays" ID=" ">
<GROUP TYPE="Assay" ID="PROTIA Allergy-Q 96M" STATE="Host"/>
</GROUP>
</GROUP>
<GROUP TYPE="Sample">
<GROUP TYPE="Patient" ID="001931002026"></GROUP><GROUP TYPE="Assays" ID=" ">
<GROUP TYPE="Assay" ID="PROTIA Allergy-Q 96M" STATE="Host"/>
</GROUP>
</GROUP>
<GROUP TYPE="Sample">
<GROUP TYPE="Patient" ID="001933012924"></GROUP><GROUP TYPE="Assays" ID=" ">
<GROUP TYPE="Assay" ID="PROTIA Allergy-Q 96M" STATE="Host"/>
</GROUP>
</GROUP>
<GROUP TYPE="Sample">
<GROUP TYPE="Patient" ID="001937796325"></GROUP><GROUP TYPE="Assays" ID=" ">
<GROUP TYPE="Assay" ID="PROTIA Allergy-Q 96M" STATE="Host"/>
</GROUP>
</GROUP>
<GROUP TYPE="Sample">
<GROUP TYPE="Patient" ID="001931001128"></GROUP><GROUP TYPE="Assays" ID=" ">
<GROUP TYPE="Assay" ID="PROTIA Allergy-Q 96M" STATE="Host"/>
</GROUP>
</GROUP>
<GROUP TYPE="Sample">
<GROUP TYPE="Patient" ID="001935254827"></GROUP><GROUP TYPE="Assays" ID=" ">
<GROUP TYPE="Assay" ID="PROTIA Allergy-Q 96M" STATE="Host"/>
</GROUP>
</GROUP>
<GROUP TYPE="Sample">
<GROUP TYPE="Patient" ID="001932506127"></GROUP><GROUP TYPE="Assays" ID=" ">
<GROUP TYPE="Assay" ID="PROTIA Allergy-Q 96M" STATE="Host"/>
</GROUP>
</GROUP>
<GROUP TYPE="Sample">
<GROUP TYPE="Patient" ID="001932506226"></GROUP><GROUP TYPE="Assays" ID=" ">
<GROUP TYPE="Assay" ID="PROTIA Allergy-Q 96M" STATE="Host"/>
</GROUP>
</GROUP>
<GROUP TYPE="Sample">
<GROUP TYPE="Patient" ID="001932571729"></GROUP><GROUP TYPE="Assays" ID=" ">
<GROUP TYPE="Assay" ID="PROTIA Allergy-Q 96M" STATE="Host"/>
</GROUP>
</GROUP>
<GROUP TYPE="Sample">
<GROUP TYPE="Patient" ID="001932508923"></GROUP><GROUP TYPE="Assays" ID=" ">
<GROUP TYPE="Assay" ID="PROTIA Allergy-Q 96M" STATE="Host"/>
</GROUP>
</GROUP>
<GROUP TYPE="Sample">
<GROUP TYPE="Patient" ID="001932507025"></GROUP><GROUP TYPE="Assays" ID=" ">
<GROUP TYPE="Assay" ID="PROTIA Allergy-Q 96M" STATE="Host"/>
</GROUP>
</GROUP>
<GROUP TYPE="Sample">
<GROUP TYPE="Patient" ID="001932500521"></GROUP><GROUP TYPE="Assays" ID=" ">
<GROUP TYPE="Assay" ID="PROTIA Allergy-Q 96M" STATE="Host"/>
</GROUP>
</GROUP>
<GROUP TYPE="Sample">
<GROUP TYPE="Patient" ID="001933782124"></GROUP><GROUP TYPE="Assays" ID=" ">
<GROUP TYPE="Assay" ID="PROTIA Allergy-Q 96M" STATE="Host"/>
</GROUP>
</GROUP>
<GROUP TYPE="Sample">
<GROUP TYPE="Patient" ID="001933755722"></GROUP><GROUP TYPE="Assays" ID=" ">
<GROUP TYPE="Assay" ID="PROTIA Allergy-Q 96M" STATE="Host"/>
</GROUP>
</GROUP>
<GROUP TYPE="Sample">
<GROUP TYPE="Patient" ID="001933755524"></GROUP><GROUP TYPE="Assays" ID=" ">
<GROUP TYPE="Assay" ID="PROTIA Allergy-Q 96M" STATE="Host"/>
</GROUP>
</GROUP>
<GROUP TYPE="Sample">
<GROUP TYPE="Patient" ID="001933625827"></GROUP><GROUP TYPE="Assays" ID=" ">
<GROUP TYPE="Assay" ID="PROTIA Allergy-Q 96M" STATE="Host"/>
</GROUP>
</GROUP>
<GROUP TYPE="Sample">
<GROUP TYPE="Patient" ID="001933666721"></GROUP><GROUP TYPE="Assays" ID=" ">
<GROUP TYPE="Assay" ID="PROTIA Allergy-Q 96M" STATE="Host"/>
</GROUP>
</GROUP>
<GROUP TYPE="Sample">
<GROUP TYPE="Patient" ID="001933666622"></GROUP><GROUP TYPE="Assays" ID=" ">
<GROUP TYPE="Assay" ID="PROTIA Allergy-Q 96M" STATE="Host"/>
</GROUP>
</GROUP>
<GROUP TYPE="Sample">
<GROUP TYPE="Patient" ID="001933513926"></GROUP><GROUP TYPE="Assays" ID=" ">
<GROUP TYPE="Assay" ID="PROTIA Allergy-Q 96M" STATE="Host"/>
</GROUP>
</GROUP>
<GROUP TYPE="Sample">
<GROUP TYPE="Patient" ID="001934105724"></GROUP><GROUP TYPE="Assays" ID=" ">
<GROUP TYPE="Assay" ID="PROTIA Allergy-Q 96M" STATE="Host"/>
</GROUP>
</GROUP>
<GROUP TYPE="Sample">
<GROUP TYPE="Patient" ID="001931328126"></GROUP><GROUP TYPE="Assays" ID=" ">
<GROUP TYPE="Assay" ID="PROTIA Allergy-Q 96M" STATE="Host"/>
</GROUP>
</GROUP>
<GROUP TYPE="Sample">
<GROUP TYPE="Patient" ID="001933622222"></GROUP><GROUP TYPE="Assays" ID=" ">
<GROUP TYPE="Assay" ID="PROTIA Allergy-Q 96M" STATE="Host"/>
</GROUP>
</GROUP>
<GROUP TYPE="Sample">
<GROUP TYPE="Patient" ID="001931162126"></GROUP><GROUP TYPE="Assays" ID=" ">
<GROUP TYPE="Assay" ID="PROTIA Allergy-Q 96M" STATE="Host"/>
</GROUP>
</GROUP>
<GROUP TYPE="Sample">
<GROUP TYPE="Patient" ID="001937666321"></GROUP><GROUP TYPE="Assays" ID=" ">
<GROUP TYPE="Assay" ID="PROTIA Allergy-Q 96M" STATE="Host"/>
</GROUP>
</GROUP>
<GROUP TYPE="Sample">
<GROUP TYPE="Patient" ID="001930276824"></GROUP><GROUP TYPE="Assays" ID=" ">
<GROUP TYPE="Assay" ID="PROTIA Allergy-Q 96M" STATE="Host"/>
</GROUP>
</GROUP>
<GROUP TYPE="Sample">
<GROUP TYPE="Patient" ID="001931002125"></GROUP><GROUP TYPE="Assays" ID=" ">
<GROUP TYPE="Assay" ID="PROTIA Allergy-Q 96M" STATE="Host"/>
</GROUP>
</GROUP>
<GROUP TYPE="Sample">
<GROUP TYPE="Patient" ID="001931000923"></GROUP><GROUP TYPE="Assays" ID=" ">
<GROUP TYPE="Assay" ID="PROTIA Allergy-Q 96M" STATE="Host"/>
</GROUP>
</GROUP>
<GROUP TYPE="Sample">
<GROUP TYPE="Patient" ID="001937796622"></GROUP><GROUP TYPE="Assays" ID=" ">
<GROUP TYPE="Assay" ID="PROTIA Allergy-Q 96M" STATE="Host"/>
</GROUP>
</GROUP>
<GROUP TYPE="Sample">
<GROUP TYPE="Patient" ID="001934802425"></GROUP><GROUP TYPE="Assays" ID=" ">
<GROUP TYPE="Assay" ID="PROTIA Allergy-Q 96M" STATE="Host"/>
</GROUP>
</GROUP>
<GROUP TYPE="Sample">
<GROUP TYPE="Patient" ID="001932508626"></GROUP><GROUP TYPE="Assays" ID=" ">
<GROUP TYPE="Assay" ID="PROTIA Allergy-Q 96M" STATE="Host"/>
</GROUP>
</GROUP>
<GROUP TYPE="Sample">
<GROUP TYPE="Patient" ID="001932505526"></GROUP><GROUP TYPE="Assays" ID=" ">
<GROUP TYPE="Assay" ID="PROTIA Allergy-Q 96M" STATE="Host"/>
</GROUP>
</GROUP>
<GROUP TYPE="Sample">
<GROUP TYPE="Patient" ID="001937250322"></GROUP><GROUP TYPE="Assays" ID=" ">
<GROUP TYPE="Assay" ID="PROTIA Allergy-Q 96M" STATE="Host"/>
</GROUP>
</GROUP>
<GROUP TYPE="Sample">
<GROUP TYPE="Patient" ID="001934622924"></GROUP><GROUP TYPE="Assays" ID=" ">
<GROUP TYPE="Assay" ID="PROTIA Allergy-Q 96M" STATE="Host"/>
</GROUP>
</GROUP>
<GROUP TYPE="Sample">
<GROUP TYPE="Patient" ID="001934622825"></GROUP><GROUP TYPE="Assays" ID=" ">
<GROUP TYPE="Assay" ID="PROTIA Allergy-Q 96M" STATE="Host"/>
</GROUP>
</GROUP>
<GROUP TYPE="Sample">
<GROUP TYPE="Patient" ID="001931570426"></GROUP><GROUP TYPE="Assays" ID=" ">
<GROUP TYPE="Assay" ID="PROTIA Allergy-Q 96M" STATE="Host"/>
</GROUP>
</GROUP>
<GROUP TYPE="Sample">
<GROUP TYPE="Patient" ID="001931540924"></GROUP><GROUP TYPE="Assays" ID=" ">
<GROUP TYPE="Assay" ID="PROTIA Allergy-Q 96M" STATE="Host"/>
</GROUP>
</GROUP>
<GROUP TYPE="Sample">
<GROUP TYPE="Patient" ID="001931514529"></GROUP><GROUP TYPE="Assays" ID=" ">
<GROUP TYPE="Assay" ID="PROTIA Allergy-Q 96M" STATE="Host"/>
</GROUP>
</GROUP>
<GROUP TYPE="Sample">
<GROUP TYPE="Patient" ID="001934336227"></GROUP><GROUP TYPE="Assays" ID=" ">
<GROUP TYPE="Assay" ID="PROTIA Allergy-Q 96M" STATE="Host"/>
</GROUP>
</GROUP>
<GROUP TYPE="Sample">
<GROUP TYPE="Patient" ID="001931513720"></GROUP><GROUP TYPE="Assays" ID=" ">
<GROUP TYPE="Assay" ID="PROTIA Allergy-Q 96M" STATE="Host"/>
</GROUP>
</GROUP>
<GROUP TYPE="Sample">
<GROUP TYPE="Patient" ID="001930542820"></GROUP><GROUP TYPE="Assays" ID=" ">
<GROUP TYPE="Assay" ID="PROTIA Allergy-Q 96M" STATE="Host"/>
</GROUP>
</GROUP>
<GROUP TYPE="Sample">
<GROUP TYPE="Patient" ID="001930702620"></GROUP><GROUP TYPE="Assays" ID=" ">
<GROUP TYPE="Assay" ID="PROTIA Allergy-Q 96M" STATE="Host"/>
</GROUP>
</GROUP>
<GROUP TYPE="Sample">
<GROUP TYPE="Patient" ID="001934228928"></GROUP><GROUP TYPE="Assays" ID=" ">
<GROUP TYPE="Assay" ID="PROTIA Allergy-Q 96M" STATE="Host"/>
</GROUP>
</GROUP>
<GROUP TYPE="Sample">
<GROUP TYPE="Patient" ID="001933913320"></GROUP><GROUP TYPE="Assays" ID=" ">
<GROUP TYPE="Assay" ID="PROTIA Allergy-Q 96M" STATE="Host"/>
</GROUP>
</GROUP>
<GROUP TYPE="Sample">
<GROUP TYPE="Patient" ID="001935413125"></GROUP><GROUP TYPE="Assays" ID=" ">
<GROUP TYPE="Assay" ID="PROTIA Allergy-Q 96M" STATE="Host"/>
</GROUP>
</GROUP>
<GROUP TYPE="Sample">
<GROUP TYPE="Patient" ID="001935405120"></GROUP><GROUP TYPE="Assays" ID=" ">
<GROUP TYPE="Assay" ID="PROTIA Allergy-Q 96M" STATE="Host"/>
</GROUP>
</GROUP>
<GROUP TYPE="Sample">
<GROUP TYPE="Patient" ID="001930981629"></GROUP><GROUP TYPE="Assays" ID=" ">
<GROUP TYPE="Assay" ID="PROTIA Allergy-Q 96M" STATE="Host"/>
</GROUP>
</GROUP>
<GROUP TYPE="Sample">
<GROUP TYPE="Patient" ID="001937406620"></GROUP><GROUP TYPE="Assays" ID=" ">
<GROUP TYPE="Assay" ID="PROTIA Allergy-Q 96M" STATE="Host"/>
</GROUP>
</GROUP>
<GROUP TYPE="Sample">
<GROUP TYPE="Patient" ID="001937250827"></GROUP><GROUP TYPE="Assays" ID=" ">
<GROUP TYPE="Assay" ID="PROTIA Allergy-Q 96M" STATE="Host"/>
</GROUP>
</GROUP>
<GROUP TYPE="Sample">
<GROUP TYPE="Patient" ID="001935604028"></GROUP><GROUP TYPE="Assays" ID=" ">
<GROUP TYPE="Assay" ID="PROTIA Allergy-Q 96M" STATE="Host"/>
</GROUP>
</GROUP>
<GROUP TYPE="Sample">
<GROUP TYPE="Patient" ID="001936324727"></GROUP><GROUP TYPE="Assays" ID=" ">
<GROUP TYPE="Assay" ID="PROTIA Allergy-Q 96M" STATE="Host"/>
</GROUP>
</GROUP>
<GROUP TYPE="Sample">
<GROUP TYPE="Patient" ID="001931604626"></GROUP><GROUP TYPE="Assays" ID=" ">
<GROUP TYPE="Assay" ID="PROTIA Allergy-Q 96M" STATE="Host"/>
</GROUP>
</GROUP>
<GROUP TYPE="Sample">
<GROUP TYPE="Patient" ID="001936324024"></GROUP><GROUP TYPE="Assays" ID=" ">
<GROUP TYPE="Assay" ID="PROTIA Allergy-Q 96M" STATE="Host"/>
</GROUP>
</GROUP>
<GROUP TYPE="Sample">
<GROUP TYPE="Patient" ID="001933960621"></GROUP><GROUP TYPE="Assays" ID=" ">
<GROUP TYPE="Assay" ID="PROTIA Allergy-Q 96M" STATE="Host"/>
</GROUP>
</GROUP>
<GROUP TYPE="Sample">
<GROUP TYPE="Patient" ID="001936310621"></GROUP><GROUP TYPE="Assays" ID=" ">
<GROUP TYPE="Assay" ID="PROTIA Allergy-Q 96M" STATE="Host"/>
</GROUP>
</GROUP>
<GROUP TYPE="Sample">
<GROUP TYPE="Patient" ID="001934607822"></GROUP><GROUP TYPE="Assays" ID=" ">
<GROUP TYPE="Assay" ID="PROTIA Allergy-Q 96M" STATE="Host"/>
</GROUP>
</GROUP>
<GROUP TYPE="Sample">
<GROUP TYPE="Patient" ID="001934607624"></GROUP><GROUP TYPE="Assays" ID=" ">
<GROUP TYPE="Assay" ID="PROTIA Allergy-Q 96M" STATE="Host"/>
</GROUP>
</GROUP>
<GROUP TYPE="Sample">
<GROUP TYPE="Patient" ID="001936310720"></GROUP><GROUP TYPE="Assays" ID=" ">
<GROUP TYPE="Assay" ID="PROTIA Allergy-Q 96M" STATE="Host"/>
</GROUP>
</GROUP>
<GROUP TYPE="Sample">
<GROUP TYPE="Patient" ID="001934337323"></GROUP><GROUP TYPE="Assays" ID=" ">
<GROUP TYPE="Assay" ID="PROTIA Allergy-Q 96M" STATE="Host"/>
</GROUP>
</GROUP>
<GROUP TYPE="Sample">
<GROUP TYPE="Patient" ID="001930557329"></GROUP><GROUP TYPE="Assays" ID=" ">
<GROUP TYPE="Assay" ID="PROTIA Allergy-Q 96M" STATE="Host"/>
</GROUP>
</GROUP>
<GROUP TYPE="Sample">
<GROUP TYPE="Patient" ID="001930488623"></GROUP><GROUP TYPE="Assays" ID=" ">
<GROUP TYPE="Assay" ID="PROTIA Allergy-Q 96M" STATE="Host"/>
</GROUP>
</GROUP>
<GROUP TYPE="Sample">
<GROUP TYPE="Patient" ID="001930375329"></GROUP><GROUP TYPE="Assays" ID=" ">
<GROUP TYPE="Assay" ID="PROTIA Allergy-Q 96M" STATE="Host"/>
</GROUP>
</GROUP>
<GROUP TYPE="Sample">
<GROUP TYPE="Patient" ID="001930603125"></GROUP><GROUP TYPE="Assays" ID=" ">
<GROUP TYPE="Assay" ID="PROTIA Allergy-Q 96M" STATE="Host"/>
</GROUP>
</GROUP>
<GROUP TYPE="Sample">
<GROUP TYPE="Patient" ID="001930702521"></GROUP><GROUP TYPE="Assays" ID=" ">
<GROUP TYPE="Assay" ID="PROTIA Allergy-Q 96M" STATE="Host"/>
</GROUP>
</GROUP>
<GROUP TYPE="Sample">
<GROUP TYPE="Patient" ID="001934607426"></GROUP><GROUP TYPE="Assays" ID=" ">
<GROUP TYPE="Assay" ID="PROTIA Allergy-Q 96M" STATE="Host"/>
</GROUP>
</GROUP>
<GROUP TYPE="Sample">
<GROUP TYPE="Patient" ID="001937250421"></GROUP><GROUP TYPE="Assays" ID=" ">
<GROUP TYPE="Assay" ID="PROTIA Allergy-Q 96M" STATE="Host"/>
</GROUP>
</GROUP>
<GROUP TYPE="Sample">
<GROUP TYPE="Patient" ID="001934108022"></GROUP><GROUP TYPE="Assays" ID=" ">
<GROUP TYPE="Assay" ID="PROTIA Allergy-Q 96M" STATE="Host"/>
</GROUP>
</GROUP>
<GROUP TYPE="Sample">
<GROUP TYPE="Patient" ID="001933937227"></GROUP><GROUP TYPE="Assays" ID=" ">
<GROUP TYPE="Assay" ID="PROTIA Allergy-Q 96M" STATE="Host"/>
</GROUP>
</GROUP>
<GROUP TYPE="Sample">
<GROUP TYPE="Patient" ID="001933937128"></GROUP><GROUP TYPE="Assays" ID=" ">
<GROUP TYPE="Assay" ID="PROTIA Allergy-Q 96M" STATE="Host"/>
</GROUP>
</GROUP>
<GROUP TYPE="Sample">
<GROUP TYPE="Patient" ID="001933937425"></GROUP><GROUP TYPE="Assays" ID=" ">
<GROUP TYPE="Assay" ID="PROTIA Allergy-Q 96M" STATE="Host"/>
</GROUP>
</GROUP>
<GROUP TYPE="Sample">
<GROUP TYPE="Patient" ID="001934268320"></GROUP><GROUP TYPE="Assays" ID=" ">
<GROUP TYPE="Assay" ID="PROTIA Allergy-Q 96M" STATE="Host"/>
</GROUP>
</GROUP>
<GROUP TYPE="Sample">
<GROUP TYPE="Patient" ID="001934470921"></GROUP><GROUP TYPE="Assays" ID=" ">
<GROUP TYPE="Assay" ID="PROTIA Allergy-Q 96M" STATE="Host"/>
</GROUP>
</GROUP>
<GROUP TYPE="Sample">
<GROUP TYPE="Patient" ID="001930972320"></GROUP><GROUP TYPE="Assays" ID=" ">
<GROUP TYPE="Assay" ID="PROTIA Allergy-Q 96M" STATE="Host"/>
</GROUP>
</GROUP>
<GROUP TYPE="Sample">
<GROUP TYPE="Patient" ID="001934523023"></GROUP><GROUP TYPE="Assays" ID=" ">
<GROUP TYPE="Assay" ID="PROTIA Allergy-Q 96M" STATE="Host"/>
</GROUP>
</GROUP>
<GROUP TYPE="Sample">
<GROUP TYPE="Patient" ID="001931443928"></GROUP><GROUP TYPE="Assays" ID=" ">
<GROUP TYPE="Assay" ID="PROTIA Allergy-Q 96M" STATE="Host"/>
</GROUP>
</GROUP>
</GROUP>