<?xml version="1.0" encoding="utf-8"?><GROUP NAME="WORKLIST" TYPE="HOST" VERSION="00.00.00.00">
<GROUP TYPE="Sample">
<GROUP TYPE="Patient" ID="012000491320"></GROUP><GROUP TYPE="Assays" ID=" ">
<GROUP TYPE="Assay" ID="PROTIA Allergy-Q Atopy" STATE="Host"/>
</GROUP>
</GROUP>
<GROUP TYPE="Sample">
<GROUP TYPE="Patient" ID="012000809729"></GROUP><GROUP TYPE="Assays" ID=" ">
<GROUP TYPE="Assay" ID="PROTIA Allergy-Q 96M" STATE="Host"/>
</GROUP>
</GROUP>
<GROUP TYPE="Sample">
<GROUP TYPE="Patient" ID="012001021823"></GROUP><GROUP TYPE="Assays" ID=" ">
<GROUP TYPE="Assay" ID="PROTIA Allergy-Q 96M" STATE="Host"/>
</GROUP>
</GROUP>
<GROUP TYPE="Sample">
<GROUP TYPE="Patient" ID="012001250421"></GROUP><GROUP TYPE="Assays" ID=" ">
<GROUP TYPE="Assay" ID="PROTIA Allergy-Q 96M" STATE="Host"/>
</GROUP>
</GROUP>
<GROUP TYPE="Sample">
<GROUP TYPE="Patient" ID="012001361127"></GROUP><GROUP TYPE="Assays" ID=" ">
<GROUP TYPE="Assay" ID="PROTIA Allergy-Q 96M" STATE="Host"/>
</GROUP>
</GROUP>
<GROUP TYPE="Sample">
<GROUP TYPE="Patient" ID="012001374523"></GROUP><GROUP TYPE="Assays" ID=" ">
<GROUP TYPE="Assay" ID="PROTIA Allergy-Q 96M" STATE="Host"/>
</GROUP>
</GROUP>
<GROUP TYPE="Sample">
<GROUP TYPE="Patient" ID="012001374721"></GROUP><GROUP TYPE="Assays" ID=" ">
<GROUP TYPE="Assay" ID="PROTIA Allergy-Q 96M" STATE="Host"/>
</GROUP>
</GROUP>
<GROUP TYPE="Sample">
<GROUP TYPE="Patient" ID="012001551627"></GROUP><GROUP TYPE="Assays" ID=" ">
<GROUP TYPE="Assay" ID="PROTIA Allergy-Q 96M" STATE="Host"/>
</GROUP>
</GROUP>
<GROUP TYPE="Sample">
<GROUP TYPE="Patient" ID="012001551825"></GROUP><GROUP TYPE="Assays" ID=" ">
<GROUP TYPE="Assay" ID="PROTIA Allergy-Q 96M" STATE="Host"/>
</GROUP>
</GROUP>
<GROUP TYPE="Sample">
<GROUP TYPE="Patient" ID="012001552020"></GROUP><GROUP TYPE="Assays" ID=" ">
<GROUP TYPE="Assay" ID="PROTIA Allergy-Q 96M" STATE="Host"/>
</GROUP>
</GROUP>
<GROUP TYPE="Sample">
<GROUP TYPE="Patient" ID="012001552228"></GROUP><GROUP TYPE="Assays" ID=" ">
<GROUP TYPE="Assay" ID="PROTIA Allergy-Q 96M" STATE="Host"/>
</GROUP>
</GROUP>
<GROUP TYPE="Sample">
<GROUP TYPE="Patient" ID="012001552426"></GROUP><GROUP TYPE="Assays" ID=" ">
<GROUP TYPE="Assay" ID="PROTIA Allergy-Q 96M" STATE="Host"/>
</GROUP>
</GROUP>
<GROUP TYPE="Sample">
<GROUP TYPE="Patient" ID="012001556523"></GROUP><GROUP TYPE="Assays" ID=" ">
<GROUP TYPE="Assay" ID="PROTIA Allergy-Q 96M" STATE="Host"/>
</GROUP>
</GROUP>
<GROUP TYPE="Sample">
<GROUP TYPE="Patient" ID="012001560025"></GROUP><GROUP TYPE="Assays" ID=" ">
<GROUP TYPE="Assay" ID="PROTIA Allergy-Q 96M" STATE="Host"/>
</GROUP>
</GROUP>
<GROUP TYPE="Sample">
<GROUP TYPE="Patient" ID="012001612922"></GROUP><GROUP TYPE="Assays" ID=" ">
<GROUP TYPE="Assay" ID="PROTIA Allergy-Q 96M" STATE="Host"/>
</GROUP>
</GROUP>
<GROUP TYPE="Sample">
<GROUP TYPE="Patient" ID="012001699428"></GROUP><GROUP TYPE="Assays" ID=" ">
<GROUP TYPE="Assay" ID="PROTIA Allergy-Q 96M" STATE="Host"/>
</GROUP>
</GROUP>
<GROUP TYPE="Sample">
<GROUP TYPE="Patient" ID="012003101325"></GROUP><GROUP TYPE="Assays" ID=" ">
<GROUP TYPE="Assay" ID="PROTIA Allergy-Q 96M" STATE="Host"/>
</GROUP>
</GROUP>
<GROUP TYPE="Sample">
<GROUP TYPE="Patient" ID="012004300529"></GROUP><GROUP TYPE="Assays" ID=" ">
<GROUP TYPE="Assay" ID="PROTIA Allergy-Q 96M" STATE="Host"/>
</GROUP>
</GROUP>
<GROUP TYPE="Sample">
<GROUP TYPE="Patient" ID="012004300628"></GROUP><GROUP TYPE="Assays" ID=" ">
<GROUP TYPE="Assay" ID="PROTIA Allergy-Q 96M" STATE="Host"/>
</GROUP>
</GROUP>
<GROUP TYPE="Sample">
<GROUP TYPE="Patient" ID="012004316124"></GROUP><GROUP TYPE="Assays" ID=" ">
<GROUP TYPE="Assay" ID="PROTIA Allergy-Q 96M" STATE="Host"/>
</GROUP>
</GROUP>
<GROUP TYPE="Sample">
<GROUP TYPE="Patient" ID="012004758429"></GROUP><GROUP TYPE="Assays" ID=" ">
<GROUP TYPE="Assay" ID="PROTIA Allergy-Q 96M" STATE="Host"/>
</GROUP>
</GROUP>
<GROUP TYPE="Sample">
<GROUP TYPE="Patient" ID="012005325521"></GROUP><GROUP TYPE="Assays" ID=" ">
<GROUP TYPE="Assay" ID="PROTIA Allergy-Q 96M" STATE="Host"/>
</GROUP>
</GROUP>
<GROUP TYPE="Sample">
<GROUP TYPE="Patient" ID="012005439624"></GROUP><GROUP TYPE="Assays" ID=" ">
<GROUP TYPE="Assay" ID="PROTIA Allergy-Q 96M" STATE="Host"/>
</GROUP>
</GROUP>
<GROUP TYPE="Sample">
<GROUP TYPE="Patient" ID="012006843727"></GROUP><GROUP TYPE="Assays" ID=" ">
<GROUP TYPE="Assay" ID="PROTIA Allergy-Q 96M" STATE="Host"/>
</GROUP>
</GROUP>
<GROUP TYPE="Sample">
<GROUP TYPE="Patient" ID="012006860021"></GROUP><GROUP TYPE="Assays" ID=" ">
<GROUP TYPE="Assay" ID="PROTIA Allergy-Q 96M" STATE="Host"/>
</GROUP>
</GROUP>
<GROUP TYPE="Sample">
<GROUP TYPE="Patient" ID="012007250128"></GROUP><GROUP TYPE="Assays" ID=" ">
<GROUP TYPE="Assay" ID="PROTIA Allergy-Q 96M" STATE="Host"/>
</GROUP>
</GROUP>
<GROUP TYPE="Sample">
<GROUP TYPE="Patient" ID="012008154821"></GROUP><GROUP TYPE="Assays" ID=" ">
<GROUP TYPE="Assay" ID="PROTIA Allergy-Q 96M" STATE="Host"/>
</GROUP>
</GROUP>
<GROUP TYPE="Sample">
<GROUP TYPE="Patient" ID="012004830224"></GROUP><GROUP TYPE="Assays" ID=" ">
<GROUP TYPE="Assay" ID="PROTIA Allergy-Q 96M" STATE="Host"/>
</GROUP>
</GROUP>
<GROUP TYPE="Sample">
<GROUP TYPE="Patient" ID="012004830323"></GROUP><GROUP TYPE="Assays" ID=" ">
<GROUP TYPE="Assay" ID="PROTIA Allergy-Q 96M" STATE="Host"/>
</GROUP>
</GROUP>
<GROUP TYPE="Sample">
<GROUP TYPE="Patient" ID="012004830422"></GROUP><GROUP TYPE="Assays" ID=" ">
<GROUP TYPE="Assay" ID="PROTIA Allergy-Q 96M" STATE="Host"/>
</GROUP>
</GROUP>
<GROUP TYPE="Sample">
<GROUP TYPE="Patient" ID="012004830125"></GROUP><GROUP TYPE="Assays" ID=" ">
<GROUP TYPE="Assay" ID="PROTIA Allergy-Q 96M" STATE="Host"/>
</GROUP>
</GROUP>
<GROUP TYPE="Sample">
<GROUP TYPE="Patient" ID="012004872620"></GROUP><GROUP TYPE="Assays" ID=" ">
<GROUP TYPE="Assay" ID="PROTIA Allergy-Q 96M" STATE="Host"/>
</GROUP>
</GROUP>
<GROUP TYPE="Sample">
<GROUP TYPE="Patient" ID="012004870725"></GROUP><GROUP TYPE="Assays" ID=" ">
<GROUP TYPE="Assay" ID="PROTIA Allergy-Q 96M" STATE="Host"/>
</GROUP>
</GROUP>
<GROUP TYPE="Sample">
<GROUP TYPE="Patient" ID="012004509328"></GROUP><GROUP TYPE="Assays" ID=" ">
<GROUP TYPE="Assay" ID="PROTIA Allergy-Q 96M" STATE="Host"/>
</GROUP>
</GROUP>
<GROUP TYPE="Sample">
<GROUP TYPE="Patient" ID="012001324221"></GROUP><GROUP TYPE="Assays" ID=" ">
<GROUP TYPE="Assay" ID="PROTIA Allergy-Q 96M" STATE="Host"/>
</GROUP>
</GROUP>
<GROUP TYPE="Sample">
<GROUP TYPE="Patient" ID="012001483720"></GROUP><GROUP TYPE="Assays" ID=" ">
<GROUP TYPE="Assay" ID="PROTIA Allergy-Q 96M" STATE="Host"/>
</GROUP>
</GROUP>
<GROUP TYPE="Sample">
<GROUP TYPE="Patient" ID="012001324320"></GROUP><GROUP TYPE="Assays" ID=" ">
<GROUP TYPE="Assay" ID="PROTIA Allergy-Q 96M" STATE="Host"/>
</GROUP>
</GROUP>
<GROUP TYPE="Sample">
<GROUP TYPE="Patient" ID="012001445322"></GROUP><GROUP TYPE="Assays" ID=" ">
<GROUP TYPE="Assay" ID="PROTIA Allergy-Q 96M" STATE="Host"/>
</GROUP>
</GROUP>
<GROUP TYPE="Sample">
<GROUP TYPE="Patient" ID="012001402721"></GROUP><GROUP TYPE="Assays" ID=" ">
<GROUP TYPE="Assay" ID="PROTIA Allergy-Q 96M" STATE="Host"/>
</GROUP>
</GROUP>
<GROUP TYPE="Sample">
<GROUP TYPE="Patient" ID="012004400625"></GROUP><GROUP TYPE="Assays" ID=" ">
<GROUP TYPE="Assay" ID="PROTIA Allergy-Q 96M" STATE="Host"/>
</GROUP>
</GROUP>
<GROUP TYPE="Sample">
<GROUP TYPE="Patient" ID="012001165329"></GROUP><GROUP TYPE="Assays" ID=" ">
<GROUP TYPE="Assay" ID="PROTIA Allergy-Q 96M" STATE="Host"/>
</GROUP>
</GROUP>
<GROUP TYPE="Sample">
<GROUP TYPE="Patient" ID="012004318128"></GROUP><GROUP TYPE="Assays" ID=" ">
<GROUP TYPE="Assay" ID="PROTIA Allergy-Q 96M" STATE="Host"/>
</GROUP>
</GROUP>
<GROUP TYPE="Sample">
<GROUP TYPE="Patient" ID="012004319026"></GROUP><GROUP TYPE="Assays" ID=" ">
<GROUP TYPE="Assay" ID="PROTIA Allergy-Q 96M" STATE="Host"/>
</GROUP>
</GROUP>
<GROUP TYPE="Sample">
<GROUP TYPE="Patient" ID="012004314328"></GROUP><GROUP TYPE="Assays" ID=" ">
<GROUP TYPE="Assay" ID="PROTIA Allergy-Q 96M" STATE="Host"/>
</GROUP>
</GROUP>
<GROUP TYPE="Sample">
<GROUP TYPE="Patient" ID="012004318920"></GROUP><GROUP TYPE="Assays" ID=" ">
<GROUP TYPE="Assay" ID="PROTIA Allergy-Q 96M" STATE="Host"/>
</GROUP>
</GROUP>
<GROUP TYPE="Sample">
<GROUP TYPE="Patient" ID="012004315622"></GROUP><GROUP TYPE="Assays" ID=" ">
<GROUP TYPE="Assay" ID="PROTIA Allergy-Q 96M" STATE="Host"/>
</GROUP>
</GROUP>
<GROUP TYPE="Sample">
<GROUP TYPE="Patient" ID="012004313925"></GROUP><GROUP TYPE="Assays" ID=" ">
<GROUP TYPE="Assay" ID="PROTIA Allergy-Q 96M" STATE="Host"/>
</GROUP>
</GROUP>
<GROUP TYPE="Sample">
<GROUP TYPE="Patient" ID="012004313727"></GROUP><GROUP TYPE="Assays" ID=" ">
<GROUP TYPE="Assay" ID="PROTIA Allergy-Q 96M" STATE="Host"/>
</GROUP>
</GROUP>
<GROUP TYPE="Sample">
<GROUP TYPE="Patient" ID="012004318326"></GROUP><GROUP TYPE="Assays" ID=" ">
<GROUP TYPE="Assay" ID="PROTIA Allergy-Q 96M" STATE="Host"/>
</GROUP>
</GROUP>
<GROUP TYPE="Sample">
<GROUP TYPE="Patient" ID="012004314724"></GROUP><GROUP TYPE="Assays" ID=" ">
<GROUP TYPE="Assay" ID="PROTIA Allergy-Q 96M" STATE="Host"/>
</GROUP>
</GROUP>
<GROUP TYPE="Sample">
<GROUP TYPE="Patient" ID="012004316421"></GROUP><GROUP TYPE="Assays" ID=" ">
<GROUP TYPE="Assay" ID="PROTIA Allergy-Q 96M" STATE="Host"/>
</GROUP>
</GROUP>
<GROUP TYPE="Sample">
<GROUP TYPE="Patient" ID="012004314526"></GROUP><GROUP TYPE="Assays" ID=" ">
<GROUP TYPE="Assay" ID="PROTIA Allergy-Q 96M" STATE="Host"/>
</GROUP>
</GROUP>
<GROUP TYPE="Sample">
<GROUP TYPE="Patient" ID="012000268526"></GROUP><GROUP TYPE="Assays" ID=" ">
<GROUP TYPE="Assay" ID="PROTIA Allergy-Q 96M" STATE="Host"/>
</GROUP>
</GROUP>
<GROUP TYPE="Sample">
<GROUP TYPE="Patient" ID="012000268328"></GROUP><GROUP TYPE="Assays" ID=" ">
<GROUP TYPE="Assay" ID="PROTIA Allergy-Q 96M" STATE="Host"/>
</GROUP>
</GROUP>
<GROUP TYPE="Sample">
<GROUP TYPE="Patient" ID="012000470424"></GROUP><GROUP TYPE="Assays" ID=" ">
<GROUP TYPE="Assay" ID="PROTIA Allergy-Q 96M" STATE="Host"/>
</GROUP>
</GROUP>
<GROUP TYPE="Sample">
<GROUP TYPE="Patient" ID="012000433528"></GROUP><GROUP TYPE="Assays" ID=" ">
<GROUP TYPE="Assay" ID="PROTIA Allergy-Q 96M" STATE="Host"/>
</GROUP>
</GROUP>
<GROUP TYPE="Sample">
<GROUP TYPE="Patient" ID="012000470325"></GROUP><GROUP TYPE="Assays" ID=" ">
<GROUP TYPE="Assay" ID="PROTIA Allergy-Q 96M" STATE="Host"/>
</GROUP>
</GROUP>
<GROUP TYPE="Sample">
<GROUP TYPE="Patient" ID="012000472824"></GROUP><GROUP TYPE="Assays" ID=" ">
<GROUP TYPE="Assay" ID="PROTIA Allergy-Q 96M" STATE="Host"/>
</GROUP>
</GROUP>
<GROUP TYPE="Sample">
<GROUP TYPE="Patient" ID="012000433429"></GROUP><GROUP TYPE="Assays" ID=" ">
<GROUP TYPE="Assay" ID="PROTIA Allergy-Q 96M" STATE="Host"/>
</GROUP>
</GROUP>
<GROUP TYPE="Sample">
<GROUP TYPE="Patient" ID="012000433726"></GROUP><GROUP TYPE="Assays" ID=" ">
<GROUP TYPE="Assay" ID="PROTIA Allergy-Q 96M" STATE="Host"/>
</GROUP>
</GROUP>
<GROUP TYPE="Sample">
<GROUP TYPE="Patient" ID="012000470523"></GROUP><GROUP TYPE="Assays" ID=" ">
<GROUP TYPE="Assay" ID="PROTIA Allergy-Q 96M" STATE="Host"/>
</GROUP>
</GROUP>
<GROUP TYPE="Sample">
<GROUP TYPE="Patient" ID="012004978025"></GROUP><GROUP TYPE="Assays" ID=" ">
<GROUP TYPE="Assay" ID="PROTIA Allergy-Q 96M" STATE="Host"/>
</GROUP>
</GROUP>
<GROUP TYPE="Sample">
<GROUP TYPE="Patient" ID="012004976526"></GROUP><GROUP TYPE="Assays" ID=" ">
<GROUP TYPE="Assay" ID="PROTIA Allergy-Q 96M" STATE="Host"/>
</GROUP>
</GROUP>
<GROUP TYPE="Sample">
<GROUP TYPE="Patient" ID="012004977325"></GROUP><GROUP TYPE="Assays" ID=" ">
<GROUP TYPE="Assay" ID="PROTIA Allergy-Q 96M" STATE="Host"/>
</GROUP>
</GROUP>
<GROUP TYPE="Sample">
<GROUP TYPE="Patient" ID="012004969429"></GROUP><GROUP TYPE="Assays" ID=" ">
<GROUP TYPE="Assay" ID="PROTIA Allergy-Q 96M" STATE="Host"/>
</GROUP>
</GROUP>
<GROUP TYPE="Sample">
<GROUP TYPE="Patient" ID="012004971323"></GROUP><GROUP TYPE="Assays" ID=" ">
<GROUP TYPE="Assay" ID="PROTIA Allergy-Q 96M" STATE="Host"/>
</GROUP>
</GROUP>
<GROUP TYPE="Sample">
<GROUP TYPE="Patient" ID="012004838527"></GROUP><GROUP TYPE="Assays" ID=" ">
<GROUP TYPE="Assay" ID="PROTIA Allergy-Q 96M" STATE="Host"/>
</GROUP>
</GROUP>
<GROUP TYPE="Sample">
<GROUP TYPE="Patient" ID="012004838626"></GROUP><GROUP TYPE="Assays" ID=" ">
<GROUP TYPE="Assay" ID="PROTIA Allergy-Q 96M" STATE="Host"/>
</GROUP>
</GROUP>
<GROUP TYPE="Sample">
<GROUP TYPE="Patient" ID="012000742323"></GROUP><GROUP TYPE="Assays" ID=" ">
<GROUP TYPE="Assay" ID="PROTIA Allergy-Q 96M" STATE="Host"/>
</GROUP>
</GROUP>
<GROUP TYPE="Sample">
<GROUP TYPE="Patient" ID="012006849521"></GROUP><GROUP TYPE="Assays" ID=" ">
<GROUP TYPE="Assay" ID="PROTIA Allergy-Q 96M" STATE="Host"/>
</GROUP>
</GROUP>
<GROUP TYPE="Sample">
<GROUP TYPE="Patient" ID="012006860120"></GROUP><GROUP TYPE="Assays" ID=" ">
<GROUP TYPE="Assay" ID="PROTIA Allergy-Q 96M" STATE="Host"/>
</GROUP>
</GROUP>
<GROUP TYPE="Sample">
<GROUP TYPE="Patient" ID="012004584820"></GROUP><GROUP TYPE="Assays" ID=" ">
<GROUP TYPE="Assay" ID="PROTIA Allergy-Q 96M" STATE="Host"/>
</GROUP>
</GROUP>
<GROUP TYPE="Sample">
<GROUP TYPE="Patient" ID="012004531220"></GROUP><GROUP TYPE="Assays" ID=" ">
<GROUP TYPE="Assay" ID="PROTIA Allergy-Q 96M" STATE="Host"/>
</GROUP>
</GROUP>
<GROUP TYPE="Sample">
<GROUP TYPE="Patient" ID="012000277528"></GROUP><GROUP TYPE="Assays" ID=" ">
<GROUP TYPE="Assay" ID="PROTIA Allergy-Q 96M" STATE="Host"/>
</GROUP>
</GROUP>
<GROUP TYPE="Sample">
<GROUP TYPE="Patient" ID="012000070921"></GROUP><GROUP TYPE="Assays" ID=" ">
<GROUP TYPE="Assay" ID="PROTIA Allergy-Q 96M" STATE="Host"/>
</GROUP>
</GROUP>
<GROUP TYPE="Sample">
<GROUP TYPE="Patient" ID="012000256820"></GROUP><GROUP TYPE="Assays" ID=" ">
<GROUP TYPE="Assay" ID="PROTIA Allergy-Q 96M" STATE="Host"/>
</GROUP>
</GROUP>
<GROUP TYPE="Sample">
<GROUP TYPE="Patient" ID="012000269127"></GROUP><GROUP TYPE="Assays" ID=" ">
<GROUP TYPE="Assay" ID="PROTIA Allergy-Q 96M" STATE="Host"/>
</GROUP>
</GROUP>
<GROUP TYPE="Sample">
<GROUP TYPE="Patient" ID="012006842423"></GROUP><GROUP TYPE="Assays" ID=" ">
<GROUP TYPE="Assay" ID="PROTIA Allergy-Q 96M" STATE="Host"/>
</GROUP>
</GROUP>
<GROUP TYPE="Sample">
<GROUP TYPE="Patient" ID="012006811924"></GROUP><GROUP TYPE="Assays" ID=" ">
<GROUP TYPE="Assay" ID="PROTIA Allergy-Q 96M" STATE="Host"/>
</GROUP>
</GROUP>
<GROUP TYPE="Sample">
<GROUP TYPE="Patient" ID="012004303827"></GROUP><GROUP TYPE="Assays" ID=" ">
<GROUP TYPE="Assay" ID="PROTIA Allergy-Q 96M" STATE="Host"/>
</GROUP>
</GROUP>
<GROUP TYPE="Sample">
<GROUP TYPE="Patient" ID="012000093920"></GROUP><GROUP TYPE="Assays" ID=" ">
<GROUP TYPE="Assay" ID="PROTIA Allergy-Q 96M" STATE="Host"/>
</GROUP>
</GROUP>
<GROUP TYPE="Sample">
<GROUP TYPE="Patient" ID="012000089329"></GROUP><GROUP TYPE="Assays" ID=" ">
<GROUP TYPE="Assay" ID="PROTIA Allergy-Q 96M" STATE="Host"/>
</GROUP>
</GROUP>
<GROUP TYPE="Sample">
<GROUP TYPE="Patient" ID="012000089626"></GROUP><GROUP TYPE="Assays" ID=" ">
<GROUP TYPE="Assay" ID="PROTIA Allergy-Q 96M" STATE="Host"/>
</GROUP>
</GROUP>
<GROUP TYPE="Sample">
<GROUP TYPE="Patient" ID="012000691423"></GROUP><GROUP TYPE="Assays" ID=" ">
<GROUP TYPE="Assay" ID="PROTIA Allergy-Q 96M" STATE="Host"/>
</GROUP>
</GROUP>
<GROUP TYPE="Sample">
<GROUP TYPE="Patient" ID="012000693922"></GROUP><GROUP TYPE="Assays" ID=" ">
<GROUP TYPE="Assay" ID="PROTIA Allergy-Q 96M" STATE="Host"/>
</GROUP>
</GROUP>
<GROUP TYPE="Sample">
<GROUP TYPE="Patient" ID="012006828328"></GROUP><GROUP TYPE="Assays" ID=" ">
<GROUP TYPE="Assay" ID="PROTIA Allergy-Q 96M" STATE="Host"/>
</GROUP>
</GROUP>
<GROUP TYPE="Sample">
<GROUP TYPE="Patient" ID="012004812022"></GROUP><GROUP TYPE="Assays" ID=" ">
<GROUP TYPE="Assay" ID="PROTIA Allergy-Q 96M" STATE="Host"/>
</GROUP>
</GROUP>
<GROUP TYPE="Sample">
<GROUP TYPE="Patient" ID="012004812121"></GROUP><GROUP TYPE="Assays" ID=" ">
<GROUP TYPE="Assay" ID="PROTIA Allergy-Q 96M" STATE="Host"/>
</GROUP>
</GROUP>
<GROUP TYPE="Sample">
<GROUP TYPE="Patient" ID="012004812428"></GROUP><GROUP TYPE="Assays" ID=" ">
<GROUP TYPE="Assay" ID="PROTIA Allergy-Q 96M" STATE="Host"/>
</GROUP>
</GROUP>
<GROUP TYPE="Sample">
<GROUP TYPE="Patient" ID="012000475528"></GROUP><GROUP TYPE="Assays" ID=" ">
<GROUP TYPE="Assay" ID="PROTIA Allergy-Q 96M" STATE="Host"/>
</GROUP>
</GROUP>
<GROUP TYPE="Sample">
<GROUP TYPE="Patient" ID="012000433825"></GROUP><GROUP TYPE="Assays" ID=" ">
<GROUP TYPE="Assay" ID="PROTIA Allergy-Q 96M" STATE="Host"/>
</GROUP>
</GROUP>
<GROUP TYPE="Sample">
<GROUP TYPE="Patient" ID="012004977424"></GROUP><GROUP TYPE="Assays" ID=" ">
<GROUP TYPE="Assay" ID="PROTIA Allergy-Q 96M" STATE="Host"/>
</GROUP>
</GROUP>
<GROUP TYPE="Sample">
<GROUP TYPE="Patient" ID="012004977929"></GROUP><GROUP TYPE="Assays" ID=" ">
<GROUP TYPE="Assay" ID="PROTIA Allergy-Q 96M" STATE="Host"/>
</GROUP>
</GROUP>
<GROUP TYPE="Sample">
<GROUP TYPE="Patient" ID="012004980028"></GROUP><GROUP TYPE="Assays" ID=" ">
<GROUP TYPE="Assay" ID="PROTIA Allergy-Q 96M" STATE="Host"/>
</GROUP>
</GROUP>
<GROUP TYPE="Sample">
<GROUP TYPE="Patient" ID="012004980127"></GROUP><GROUP TYPE="Assays" ID=" ">
<GROUP TYPE="Assay" ID="PROTIA Allergy-Q 96M" STATE="Host"/>
</GROUP>
</GROUP>
<GROUP TYPE="Sample">
<GROUP TYPE="Patient" ID="012004972122"></GROUP><GROUP TYPE="Assays" ID=" ">
<GROUP TYPE="Assay" ID="PROTIA Allergy-Q 96M" STATE="Host"/>
</GROUP>
</GROUP>
<GROUP TYPE="Sample">
<GROUP TYPE="Patient" ID="012004930726"></GROUP><GROUP TYPE="Assays" ID=" ">
<GROUP TYPE="Assay" ID="PROTIA Allergy-Q 96M" STATE="Host"/>
</GROUP>
</GROUP>
<GROUP TYPE="Sample">
<GROUP TYPE="Patient" ID="012000485725"></GROUP><GROUP TYPE="Assays" ID=" ">
<GROUP TYPE="Assay" ID="PROTIA Allergy-Q 96M" STATE="Host"/>
</GROUP>
</GROUP>
<GROUP TYPE="Sample">
<GROUP TYPE="Patient" ID="012004930825"></GROUP><GROUP TYPE="Assays" ID=" ">
<GROUP TYPE="Assay" ID="PROTIA Allergy-Q 96M" STATE="Host"/>
</GROUP>
</GROUP>
<GROUP TYPE="Sample">
<GROUP TYPE="Patient" ID="012004930627"></GROUP><GROUP TYPE="Assays" ID=" ">
<GROUP TYPE="Assay" ID="PROTIA Allergy-Q 96M" STATE="Host"/>
</GROUP>
</GROUP>
<GROUP TYPE="Sample">
<GROUP TYPE="Patient" ID="012000380327"></GROUP><GROUP TYPE="Assays" ID=" ">
<GROUP TYPE="Assay" ID="PROTIA Allergy-Q 96M" STATE="Host"/>
</GROUP>
</GROUP>
<GROUP TYPE="Sample">
<GROUP TYPE="Patient" ID="012000712623"></GROUP><GROUP TYPE="Assays" ID=" ">
<GROUP TYPE="Assay" ID="PROTIA Allergy-Q 96M" STATE="Host"/>
</GROUP>
</GROUP>
<GROUP TYPE="Sample">
<GROUP TYPE="Patient" ID="012000712326"></GROUP><GROUP TYPE="Assays" ID=" ">
<GROUP TYPE="Assay" ID="PROTIA Allergy-Q 96M" STATE="Host"/>
</GROUP>
</GROUP>
<GROUP TYPE="Sample">
<GROUP TYPE="Patient" ID="012000712425"></GROUP><GROUP TYPE="Assays" ID=" ">
<GROUP TYPE="Assay" ID="PROTIA Allergy-Q 96M" STATE="Host"/>
</GROUP>
</GROUP>
<GROUP TYPE="Sample">
<GROUP TYPE="Patient" ID="012004488029"></GROUP><GROUP TYPE="Assays" ID=" ">
<GROUP TYPE="Assay" ID="PROTIA Allergy-Q 96M" STATE="Host"/>
</GROUP>
</GROUP>
<GROUP TYPE="Sample">
<GROUP TYPE="Patient" ID="012004584721"></GROUP><GROUP TYPE="Assays" ID=" ">
<GROUP TYPE="Assay" ID="PROTIA Allergy-Q 96M" STATE="Host"/>
</GROUP>
</GROUP>
<GROUP TYPE="Sample">
<GROUP TYPE="Patient" ID="012000316920"></GROUP><GROUP TYPE="Assays" ID=" ">
<GROUP TYPE="Assay" ID="PROTIA Allergy-Q 96M" STATE="Host"/>
</GROUP>
</GROUP>
<GROUP TYPE="Sample">
<GROUP TYPE="Patient" ID="012000313523"></GROUP><GROUP TYPE="Assays" ID=" ">
<GROUP TYPE="Assay" ID="PROTIA Allergy-Q 96M" STATE="Host"/>
</GROUP>
</GROUP>
<GROUP TYPE="Sample">
<GROUP TYPE="Patient" ID="012000275326"></GROUP><GROUP TYPE="Assays" ID=" ">
<GROUP TYPE="Assay" ID="PROTIA Allergy-Q 96M" STATE="Host"/>
</GROUP>
</GROUP>
<GROUP TYPE="Sample">
<GROUP TYPE="Patient" ID="012006803523"></GROUP><GROUP TYPE="Assays" ID=" ">
<GROUP TYPE="Assay" ID="PROTIA Allergy-Q 96M" STATE="Host"/>
</GROUP>
</GROUP>
<GROUP TYPE="Sample">
<GROUP TYPE="Patient" ID="012004812626"></GROUP><GROUP TYPE="Assays" ID=" ">
<GROUP TYPE="Assay" ID="PROTIA Allergy-Q 96M" STATE="Host"/>
</GROUP>
</GROUP>
<GROUP TYPE="Sample">
<GROUP TYPE="Patient" ID="012004812329"></GROUP><GROUP TYPE="Assays" ID=" ">
<GROUP TYPE="Assay" ID="PROTIA Allergy-Q 96M" STATE="Host"/>
</GROUP>
</GROUP>
<GROUP TYPE="Sample">
<GROUP TYPE="Patient" ID="012004811421"></GROUP><GROUP TYPE="Assays" ID=" ">
<GROUP TYPE="Assay" ID="PROTIA Allergy-Q 96M" STATE="Host"/>
</GROUP>
</GROUP>
<GROUP TYPE="Sample">
<GROUP TYPE="Patient" ID="012000472725"></GROUP><GROUP TYPE="Assays" ID=" ">
<GROUP TYPE="Assay" ID="PROTIA Allergy-Q 96M" STATE="Host"/>
</GROUP>
</GROUP>
<GROUP TYPE="Sample">
<GROUP TYPE="Patient" ID="012004967821"></GROUP><GROUP TYPE="Assays" ID=" ">
<GROUP TYPE="Assay" ID="PROTIA Allergy-Q 96M" STATE="Host"/>
</GROUP>
</GROUP>
<GROUP TYPE="Sample">
<GROUP TYPE="Patient" ID="012000318429"></GROUP><GROUP TYPE="Assays" ID=" ">
<GROUP TYPE="Assay" ID="PROTIA Allergy-Q 96M" STATE="Host"/>
</GROUP>
</GROUP>
<GROUP TYPE="Sample">
<GROUP TYPE="Patient" ID="012004521528"></GROUP><GROUP TYPE="Assays" ID=" ">
<GROUP TYPE="Assay" ID="PROTIA Allergy-Q 96M" STATE="Host"/>
</GROUP>
</GROUP>
<GROUP TYPE="Sample">
<GROUP TYPE="Patient" ID="012000316821"></GROUP><GROUP TYPE="Assays" ID=" ">
<GROUP TYPE="Assay" ID="PROTIA Allergy-Q 96M" STATE="Host"/>
</GROUP>
</GROUP>
<GROUP TYPE="Sample">
<GROUP TYPE="Patient" ID="012000286025"></GROUP><GROUP TYPE="Assays" ID=" ">
<GROUP TYPE="Assay" ID="PROTIA Allergy-Q 96M" STATE="Host"/>
</GROUP>
</GROUP>
<GROUP TYPE="Sample">
<GROUP TYPE="Patient" ID="012000210525"></GROUP><GROUP TYPE="Assays" ID=" ">
<GROUP TYPE="Assay" ID="PROTIA Allergy-Q 96M" STATE="Host"/>
</GROUP>
</GROUP>
<GROUP TYPE="Sample">
<GROUP TYPE="Patient" ID="012004531626"></GROUP><GROUP TYPE="Assays" ID=" ">
<GROUP TYPE="Assay" ID="PROTIA Allergy-Q 96M" STATE="Host"/>
</GROUP>
</GROUP>
<GROUP TYPE="Sample">
<GROUP TYPE="Patient" ID="012004555523"></GROUP><GROUP TYPE="Assays" ID=" ">
<GROUP TYPE="Assay" ID="PROTIA Allergy-Q 96M" STATE="Host"/>
</GROUP>
</GROUP>
<GROUP TYPE="Sample">
<GROUP TYPE="Patient" ID="012000278020"></GROUP><GROUP TYPE="Assays" ID=" ">
<GROUP TYPE="Assay" ID="PROTIA Allergy-Q 96M" STATE="Host"/>
</GROUP>
</GROUP>
<GROUP TYPE="Sample">
<GROUP TYPE="Patient" ID="012004496123"></GROUP><GROUP TYPE="Assays" ID=" ">
<GROUP TYPE="Assay" ID="PROTIA Allergy-Q 96M" STATE="Host"/>
</GROUP>
</GROUP>
<GROUP TYPE="Sample">
<GROUP TYPE="Patient" ID="012004540420"></GROUP><GROUP TYPE="Assays" ID=" ">
<GROUP TYPE="Assay" ID="PROTIA Allergy-Q 96M" STATE="Host"/>
</GROUP>
</GROUP>
<GROUP TYPE="Sample">
<GROUP TYPE="Patient" ID="012007300229"></GROUP><GROUP TYPE="Assays" ID=" ">
<GROUP TYPE="Assay" ID="PROTIA Allergy-Q 96M" STATE="Host"/>
</GROUP>
</GROUP>
<GROUP TYPE="Sample">
<GROUP TYPE="Patient" ID="012000037726"></GROUP><GROUP TYPE="Assays" ID=" ">
<GROUP TYPE="Assay" ID="PROTIA Allergy-Q 96M" STATE="Host"/>
</GROUP>
</GROUP>
<GROUP TYPE="Sample">
<GROUP TYPE="Patient" ID="012000281129"></GROUP><GROUP TYPE="Assays" ID=" ">
<GROUP TYPE="Assay" ID="PROTIA Allergy-Q 96M" STATE="Host"/>
</GROUP>
</GROUP>
<GROUP TYPE="Sample">
<GROUP TYPE="Patient" ID="012000294723"></GROUP><GROUP TYPE="Assays" ID=" ">
<GROUP TYPE="Assay" ID="PROTIA Allergy-Q 96M" STATE="Host"/>
</GROUP>
</GROUP>
<GROUP TYPE="Sample">
<GROUP TYPE="Patient" ID="012000065828"></GROUP><GROUP TYPE="Assays" ID=" ">
<GROUP TYPE="Assay" ID="PROTIA Allergy-Q 96M" STATE="Host"/>
</GROUP>
</GROUP>
<GROUP TYPE="Sample">
<GROUP TYPE="Patient" ID="012004062625"></GROUP><GROUP TYPE="Assays" ID=" ">
<GROUP TYPE="Assay" ID="PROTIA Allergy-Q 96M" STATE="Host"/>
</GROUP>
</GROUP>
<GROUP TYPE="Sample">
<GROUP TYPE="Patient" ID="012004062526"></GROUP><GROUP TYPE="Assays" ID=" ">
<GROUP TYPE="Assay" ID="PROTIA Allergy-Q 96M" STATE="Host"/>
</GROUP>
</GROUP>
<GROUP TYPE="Sample">
<GROUP TYPE="Patient" ID="012004062427"></GROUP><GROUP TYPE="Assays" ID=" ">
<GROUP TYPE="Assay" ID="PROTIA Allergy-Q 96M" STATE="Host"/>
</GROUP>
</GROUP>
<GROUP TYPE="Sample">
<GROUP TYPE="Patient" ID="012004165623"></GROUP><GROUP TYPE="Assays" ID=" ">
<GROUP TYPE="Assay" ID="PROTIA Allergy-Q 96M" STATE="Host"/>
</GROUP>
</GROUP>
<GROUP TYPE="Sample">
<GROUP TYPE="Patient" ID="012000470226"></GROUP><GROUP TYPE="Assays" ID=" ">
<GROUP TYPE="Assay" ID="PROTIA Allergy-Q 96M" STATE="Host"/>
</GROUP>
</GROUP>
<GROUP TYPE="Sample">
<GROUP TYPE="Patient" ID="012003100724"></GROUP><GROUP TYPE="Assays" ID=" ">
<GROUP TYPE="Assay" ID="PROTIA Allergy-Q 96M" STATE="Host"/>
</GROUP>
</GROUP>
<GROUP TYPE="Sample">
<GROUP TYPE="Patient" ID="012003101523"></GROUP><GROUP TYPE="Assays" ID=" ">
<GROUP TYPE="Assay" ID="PROTIA Allergy-Q 96M" STATE="Host"/>
</GROUP>
</GROUP>
<GROUP TYPE="Sample">
<GROUP TYPE="Patient" ID="012003101424"></GROUP><GROUP TYPE="Assays" ID=" ">
<GROUP TYPE="Assay" ID="PROTIA Allergy-Q 96M" STATE="Host"/>
</GROUP>
</GROUP>
<GROUP TYPE="Sample">
<GROUP TYPE="Patient" ID="012000542923"></GROUP><GROUP TYPE="Assays" ID=" ">
<GROUP TYPE="Assay" ID="PROTIA Allergy-Q 96M" STATE="Host"/>
</GROUP>
</GROUP>
<GROUP TYPE="Sample">
<GROUP TYPE="Patient" ID="012004972023"></GROUP><GROUP TYPE="Assays" ID=" ">
<GROUP TYPE="Assay" ID="PROTIA Allergy-Q 96M" STATE="Host"/>
</GROUP>
</GROUP>
<GROUP TYPE="Sample">
<GROUP TYPE="Patient" ID="012004881929"></GROUP><GROUP TYPE="Assays" ID=" ">
<GROUP TYPE="Assay" ID="PROTIA Allergy-Q 96M" STATE="Host"/>
</GROUP>
</GROUP>
<GROUP TYPE="Sample">
<GROUP TYPE="Patient" ID="012000484827"></GROUP><GROUP TYPE="Assays" ID=" ">
<GROUP TYPE="Assay" ID="PROTIA Allergy-Q 96M" STATE="Host"/>
</GROUP>
</GROUP>
<GROUP TYPE="Sample">
<GROUP TYPE="Patient" ID="012000380129"></GROUP><GROUP TYPE="Assays" ID=" ">
<GROUP TYPE="Assay" ID="PROTIA Allergy-Q 96M" STATE="Host"/>
</GROUP>
</GROUP>
<GROUP TYPE="Sample">
<GROUP TYPE="Patient" ID="012000772627"></GROUP><GROUP TYPE="Assays" ID=" ">
<GROUP TYPE="Assay" ID="PROTIA Allergy-Q 96M" STATE="Host"/>
</GROUP>
</GROUP>
<GROUP TYPE="Sample">
<GROUP TYPE="Patient" ID="012000742422"></GROUP><GROUP TYPE="Assays" ID=" ">
<GROUP TYPE="Assay" ID="PROTIA Allergy-Q 96M" STATE="Host"/>
</GROUP>
</GROUP>
<GROUP TYPE="Sample">
<GROUP TYPE="Patient" ID="012006868027"></GROUP><GROUP TYPE="Assays" ID=" ">
<GROUP TYPE="Assay" ID="PROTIA Allergy-Q 96M" STATE="Host"/>
</GROUP>
</GROUP>
<GROUP TYPE="Sample">
<GROUP TYPE="Patient" ID="012004418620"></GROUP><GROUP TYPE="Assays" ID=" ">
<GROUP TYPE="Assay" ID="PROTIA Allergy-Q 96M" STATE="Host"/>
</GROUP>
</GROUP>
<GROUP TYPE="Sample">
<GROUP TYPE="Patient" ID="012004564525"></GROUP><GROUP TYPE="Assays" ID=" ">
<GROUP TYPE="Assay" ID="PROTIA Allergy-Q 96M" STATE="Host"/>
</GROUP>
</GROUP>
<GROUP TYPE="Sample">
<GROUP TYPE="Patient" ID="012004570922"></GROUP><GROUP TYPE="Assays" ID=" ">
<GROUP TYPE="Assay" ID="PROTIA Allergy-Q 96M" STATE="Host"/>
</GROUP>
</GROUP>
<GROUP TYPE="Sample">
<GROUP TYPE="Patient" ID="012004565225"></GROUP><GROUP TYPE="Assays" ID=" ">
<GROUP TYPE="Assay" ID="PROTIA Allergy-Q 96M" STATE="Host"/>
</GROUP>
</GROUP>
<GROUP TYPE="Sample">
<GROUP TYPE="Patient" ID="012000690525"></GROUP><GROUP TYPE="Assays" ID=" ">
<GROUP TYPE="Assay" ID="PROTIA Allergy-Q 96M" STATE="Host"/>
</GROUP>
</GROUP>
<GROUP TYPE="Sample">
<GROUP TYPE="Patient" ID="012005534022"></GROUP><GROUP TYPE="Assays" ID=" ">
<GROUP TYPE="Assay" ID="PROTIA Allergy-Q 96M" STATE="Host"/>
</GROUP>
</GROUP>
<GROUP TYPE="Sample">
<GROUP TYPE="Patient" ID="012005533827"></GROUP><GROUP TYPE="Assays" ID=" ">
<GROUP TYPE="Assay" ID="PROTIA Allergy-Q 96M" STATE="Host"/>
</GROUP>
</GROUP>
<GROUP TYPE="Sample">
<GROUP TYPE="Patient" ID="012000088827"></GROUP><GROUP TYPE="Assays" ID=" ">
<GROUP TYPE="Assay" ID="PROTIA Allergy-Q 96M" STATE="Host"/>
</GROUP>
</GROUP>
<GROUP TYPE="Sample">
<GROUP TYPE="Patient" ID="012000093623"></GROUP><GROUP TYPE="Assays" ID=" ">
<GROUP TYPE="Assay" ID="PROTIA Allergy-Q 96M" STATE="Host"/>
</GROUP>
</GROUP>
<GROUP TYPE="Sample">
<GROUP TYPE="Patient" ID="012000089428"></GROUP><GROUP TYPE="Assays" ID=" ">
<GROUP TYPE="Assay" ID="PROTIA Allergy-Q 96M" STATE="Host"/>
</GROUP>
</GROUP>
<GROUP TYPE="Sample">
<GROUP TYPE="Patient" ID="012000089527"></GROUP><GROUP TYPE="Assays" ID=" ">
<GROUP TYPE="Assay" ID="PROTIA Allergy-Q 96M" STATE="Host"/>
</GROUP>
</GROUP>
<GROUP TYPE="Sample">
<GROUP TYPE="Patient" ID="012000092626"></GROUP><GROUP TYPE="Assays" ID=" ">
<GROUP TYPE="Assay" ID="PROTIA Allergy-Q 96M" STATE="Host"/>
</GROUP>
</GROUP>
<GROUP TYPE="Sample">
<GROUP TYPE="Patient" ID="012004304923"></GROUP><GROUP TYPE="Assays" ID=" ">
<GROUP TYPE="Assay" ID="PROTIA Allergy-Q 96M" STATE="Host"/>
</GROUP>
</GROUP>
<GROUP TYPE="Sample">
<GROUP TYPE="Patient" ID="012004315929"></GROUP><GROUP TYPE="Assays" ID=" ">
<GROUP TYPE="Assay" ID="PROTIA Allergy-Q 96M" STATE="Host"/>
</GROUP>
</GROUP>
<GROUP TYPE="Sample">
<GROUP TYPE="Patient" ID="012004305227"></GROUP><GROUP TYPE="Assays" ID=" ">
<GROUP TYPE="Assay" ID="PROTIA Allergy-Q 96M" STATE="Host"/>
</GROUP>
</GROUP>
<GROUP TYPE="Sample">
<GROUP TYPE="Patient" ID="012004229127"></GROUP><GROUP TYPE="Assays" ID=" ">
<GROUP TYPE="Assay" ID="PROTIA Allergy-Q 96M" STATE="Host"/>
</GROUP>
</GROUP>
<GROUP TYPE="Sample">
<GROUP TYPE="Patient" ID="012004226423"></GROUP><GROUP TYPE="Assays" ID=" ">
<GROUP TYPE="Assay" ID="PROTIA Allergy-Q 96M" STATE="Host"/>
</GROUP>
</GROUP>
<GROUP TYPE="Sample">
<GROUP TYPE="Patient" ID="012004303124"></GROUP><GROUP TYPE="Assays" ID=" ">
<GROUP TYPE="Assay" ID="PROTIA Allergy-Q 96M" STATE="Host"/>
</GROUP>
</GROUP>
<GROUP TYPE="Sample">
<GROUP TYPE="Patient" ID="012001261427"></GROUP><GROUP TYPE="Assays" ID=" ">
<GROUP TYPE="Assay" ID="PROTIA Allergy-Q 96M" STATE="Host"/>
</GROUP>
</GROUP>
<GROUP TYPE="Sample">
<GROUP TYPE="Patient" ID="012004278323"></GROUP><GROUP TYPE="Assays" ID=" ">
<GROUP TYPE="Assay" ID="PROTIA Allergy-Q 96M" STATE="Host"/>
</GROUP>
</GROUP>
<GROUP TYPE="Sample">
<GROUP TYPE="Patient" ID="012004346121"></GROUP><GROUP TYPE="Assays" ID=" ">
<GROUP TYPE="Assay" ID="PROTIA Allergy-Q 96M" STATE="Host"/>
</GROUP>
</GROUP>
<GROUP TYPE="Sample">
<GROUP TYPE="Patient" ID="012000705021"></GROUP><GROUP TYPE="Assays" ID=" ">
<GROUP TYPE="Assay" ID="PROTIA Allergy-Q 96M" STATE="Host"/>
</GROUP>
</GROUP>
<GROUP TYPE="Sample">
<GROUP TYPE="Patient" ID="012001471024"></GROUP><GROUP TYPE="Assays" ID=" ">
<GROUP TYPE="Assay" ID="PROTIA Allergy-Q 96M" STATE="Host"/>
</GROUP>
</GROUP>
<GROUP TYPE="Sample">
<GROUP TYPE="Patient" ID="012000875328"></GROUP><GROUP TYPE="Assays" ID=" ">
<GROUP TYPE="Assay" ID="PROTIA Allergy-Q 96M" STATE="Host"/>
</GROUP>
</GROUP>
<GROUP TYPE="Sample">
<GROUP TYPE="Patient" ID="012004317428"></GROUP><GROUP TYPE="Assays" ID=" ">
<GROUP TYPE="Assay" ID="PROTIA Allergy-Q 96M" STATE="Host"/>
</GROUP>
</GROUP>
<GROUP TYPE="Sample">
<GROUP TYPE="Patient" ID="012004305326"></GROUP><GROUP TYPE="Assays" ID=" ">
<GROUP TYPE="Assay" ID="PROTIA Allergy-Q 96M" STATE="Host"/>
</GROUP>
</GROUP>
<GROUP TYPE="Sample">
<GROUP TYPE="Patient" ID="012004315820"></GROUP><GROUP TYPE="Assays" ID=" ">
<GROUP TYPE="Assay" ID="PROTIA Allergy-Q 96M" STATE="Host"/>
</GROUP>
</GROUP>
<GROUP TYPE="Sample">
<GROUP TYPE="Patient" ID="012004319927"></GROUP><GROUP TYPE="Assays" ID=" ">
<GROUP TYPE="Assay" ID="PROTIA Allergy-Q 96M" STATE="Host"/>
</GROUP>
</GROUP>
<GROUP TYPE="Sample">
<GROUP TYPE="Patient" ID="012004315721"></GROUP><GROUP TYPE="Assays" ID=" ">
<GROUP TYPE="Assay" ID="PROTIA Allergy-Q 96M" STATE="Host"/>
</GROUP>
</GROUP>
<GROUP TYPE="Sample">
<GROUP TYPE="Patient" ID="012001220127"></GROUP><GROUP TYPE="Assays" ID=" ">
<GROUP TYPE="Assay" ID="PROTIA Allergy-Q 96M" STATE="Host"/>
</GROUP>
</GROUP>
<GROUP TYPE="Sample">
<GROUP TYPE="Patient" ID="012000267123"></GROUP><GROUP TYPE="Assays" ID=" ">
<GROUP TYPE="Assay" ID="PROTIA Allergy-Q 96M" STATE="Host"/>
</GROUP>
</GROUP>
<GROUP TYPE="Sample">
<GROUP TYPE="Patient" ID="012000089121"></GROUP><GROUP TYPE="Assays" ID=" ">
<GROUP TYPE="Assay" ID="PROTIA Allergy-Q 96M" STATE="Host"/>
</GROUP>
</GROUP>
<GROUP TYPE="Sample">
<GROUP TYPE="Patient" ID="012004279825"></GROUP><GROUP TYPE="Assays" ID=" ">
<GROUP TYPE="Assay" ID="PROTIA Allergy-Q 96M" STATE="Host"/>
</GROUP>
</GROUP>
<GROUP TYPE="Sample">
<GROUP TYPE="Patient" ID="012004280326"></GROUP><GROUP TYPE="Assays" ID=" ">
<GROUP TYPE="Assay" ID="PROTIA Allergy-Q 96M" STATE="Host"/>
</GROUP>
</GROUP>
<GROUP TYPE="Sample">
<GROUP TYPE="Patient" ID="012005558622"></GROUP><GROUP TYPE="Assays" ID=" ">
<GROUP TYPE="Assay" ID="PROTIA Allergy-Q 96M" STATE="Host"/>
</GROUP>
</GROUP>
<GROUP TYPE="Sample">
<GROUP TYPE="Patient" ID="012001211422"></GROUP><GROUP TYPE="Assays" ID=" ">
<GROUP TYPE="Assay" ID="PROTIA Allergy-Q 96M" STATE="Host"/>
</GROUP>
</GROUP>
<GROUP TYPE="Sample">
<GROUP TYPE="Patient" ID="012001378422"></GROUP><GROUP TYPE="Assays" ID=" ">
<GROUP TYPE="Assay" ID="PROTIA Allergy-Q 96M" STATE="Host"/>
</GROUP>
</GROUP>
<GROUP TYPE="Sample">
<GROUP TYPE="Patient" ID="012001254429"></GROUP><GROUP TYPE="Assays" ID=" ">
<GROUP TYPE="Assay" ID="PROTIA Allergy-Q 96M" STATE="Host"/>
</GROUP>
</GROUP>
<GROUP TYPE="Sample">
<GROUP TYPE="Patient" ID="012001129925"></GROUP><GROUP TYPE="Assays" ID=" ">
<GROUP TYPE="Assay" ID="PROTIA Allergy-Q 96M" STATE="Host"/>
</GROUP>
</GROUP>
<GROUP TYPE="Sample">
<GROUP TYPE="Patient" ID="012004701227"></GROUP><GROUP TYPE="Assays" ID=" ">
<GROUP TYPE="Assay" ID="PROTIA Allergy-Q 96M" STATE="Host"/>
</GROUP>
</GROUP>
<GROUP TYPE="Sample">
<GROUP TYPE="Patient" ID="012000811128"></GROUP><GROUP TYPE="Assays" ID=" ">
<GROUP TYPE="Assay" ID="PROTIA Allergy-Q 96M" STATE="Host"/>
</GROUP>
</GROUP>
<GROUP TYPE="Sample">
<GROUP TYPE="Patient" ID="012005566924"></GROUP><GROUP TYPE="Assays" ID=" ">
<GROUP TYPE="Assay" ID="PROTIA Allergy-Q 96M" STATE="Host"/>
</GROUP>
</GROUP>
<GROUP TYPE="Sample">
<GROUP TYPE="Patient" ID="012001221827"></GROUP><GROUP TYPE="Assays" ID=" ">
<GROUP TYPE="Assay" ID="PROTIA Allergy-Q 96M" STATE="Host"/>
</GROUP>
</GROUP>
<GROUP TYPE="Sample">
<GROUP TYPE="Patient" ID="012001219923"></GROUP><GROUP TYPE="Assays" ID=" ">
<GROUP TYPE="Assay" ID="PROTIA Allergy-Q 96M" STATE="Host"/>
</GROUP>
</GROUP>
<GROUP TYPE="Sample">
<GROUP TYPE="Patient" ID="012001229526"></GROUP><GROUP TYPE="Assays" ID=" ">
<GROUP TYPE="Assay" ID="PROTIA Allergy-Q 96M" STATE="Host"/>
</GROUP>
</GROUP>
<GROUP TYPE="Sample">
<GROUP TYPE="Patient" ID="012001221728"></GROUP><GROUP TYPE="Assays" ID=" ">
<GROUP TYPE="Assay" ID="PROTIA Allergy-Q 96M" STATE="Host"/>
</GROUP>
</GROUP>
<GROUP TYPE="Sample">
<GROUP TYPE="Patient" ID="012001136527"></GROUP><GROUP TYPE="Assays" ID=" ">
<GROUP TYPE="Assay" ID="PROTIA Allergy-Q 96M" STATE="Host"/>
</GROUP>
</GROUP>
<GROUP TYPE="Sample">
<GROUP TYPE="Patient" ID="012001411921"></GROUP><GROUP TYPE="Assays" ID=" ">
<GROUP TYPE="Assay" ID="PROTIA Allergy-Q 96M" STATE="Host"/>
</GROUP>
</GROUP>
<GROUP TYPE="Sample">
<GROUP TYPE="Patient" ID="012001412225"></GROUP><GROUP TYPE="Assays" ID=" ">
<GROUP TYPE="Assay" ID="PROTIA Allergy-Q 96M" STATE="Host"/>
</GROUP>
</GROUP>
<GROUP TYPE="Sample">
<GROUP TYPE="Patient" ID="012001424327"></GROUP><GROUP TYPE="Assays" ID=" ">
<GROUP TYPE="Assay" ID="PROTIA Allergy-Q 96M" STATE="Host"/>
</GROUP>
</GROUP>
<GROUP TYPE="Sample">
<GROUP TYPE="Patient" ID="012001424020"></GROUP><GROUP TYPE="Assays" ID=" ">
<GROUP TYPE="Assay" ID="PROTIA Allergy-Q 96M" STATE="Host"/>
</GROUP>
</GROUP>
<GROUP TYPE="Sample">
<GROUP TYPE="Patient" ID="012001421326"></GROUP><GROUP TYPE="Assays" ID=" ">
<GROUP TYPE="Assay" ID="PROTIA Allergy-Q 96M" STATE="Host"/>
</GROUP>
</GROUP>
<GROUP TYPE="Sample">
<GROUP TYPE="Patient" ID="012001034922"></GROUP><GROUP TYPE="Assays" ID=" ">
<GROUP TYPE="Assay" ID="PROTIA Allergy-Q 96M" STATE="Host"/>
</GROUP>
</GROUP>
<GROUP TYPE="Sample">
<GROUP TYPE="Patient" ID="012006201725"></GROUP><GROUP TYPE="Assays" ID=" ">
<GROUP TYPE="Assay" ID="PROTIA Allergy-Q 96M" STATE="Host"/>
</GROUP>
</GROUP>
<GROUP TYPE="Sample">
<GROUP TYPE="Patient" ID="012005256122"></GROUP><GROUP TYPE="Assays" ID=" ">
<GROUP TYPE="Assay" ID="PROTIA Allergy-Q 96M" STATE="Host"/>
</GROUP>
</GROUP>
<GROUP TYPE="Sample">
<GROUP TYPE="Patient" ID="012003706926"></GROUP><GROUP TYPE="Assays" ID=" ">
<GROUP TYPE="Assay" ID="PROTIA Allergy-Q 96M" STATE="Host"/>
</GROUP>
</GROUP>
<GROUP TYPE="Sample">
<GROUP TYPE="Patient" ID="012003647120"></GROUP><GROUP TYPE="Assays" ID=" ">
<GROUP TYPE="Assay" ID="PROTIA Allergy-Q 96M" STATE="Host"/>
</GROUP>
</GROUP>
<GROUP TYPE="Sample">
<GROUP TYPE="Patient" ID="012003650427"></GROUP><GROUP TYPE="Assays" ID=" ">
<GROUP TYPE="Assay" ID="PROTIA Allergy-Q 96M" STATE="Host"/>
</GROUP>
</GROUP>
<GROUP TYPE="Sample">
<GROUP TYPE="Patient" ID="012002594623"></GROUP><GROUP TYPE="Assays" ID=" ">
<GROUP TYPE="Assay" ID="PROTIA Allergy-Q 96M" STATE="Host"/>
</GROUP>
</GROUP>
<GROUP TYPE="Sample">
<GROUP TYPE="Patient" ID="012003681926"></GROUP><GROUP TYPE="Assays" ID=" ">
<GROUP TYPE="Assay" ID="PROTIA Allergy-Q 96M" STATE="Host"/>
</GROUP>
</GROUP>
<GROUP TYPE="Sample">
<GROUP TYPE="Patient" ID="012003681827"></GROUP><GROUP TYPE="Assays" ID=" ">
<GROUP TYPE="Assay" ID="PROTIA Allergy-Q 96M" STATE="Host"/>
</GROUP>
</GROUP>
<GROUP TYPE="Sample">
<GROUP TYPE="Patient" ID="012003975520"></GROUP><GROUP TYPE="Assays" ID=" ">
<GROUP TYPE="Assay" ID="PROTIA Allergy-Q 96M" STATE="Host"/>
</GROUP>
</GROUP>
<GROUP TYPE="Sample">
<GROUP TYPE="Patient" ID="012003693424"></GROUP><GROUP TYPE="Assays" ID=" ">
<GROUP TYPE="Assay" ID="PROTIA Allergy-Q 96M" STATE="Host"/>
</GROUP>
</GROUP>
<GROUP TYPE="Sample">
<GROUP TYPE="Patient" ID="012003952422"></GROUP><GROUP TYPE="Assays" ID=" ">
<GROUP TYPE="Assay" ID="PROTIA Allergy-Q 96M" STATE="Host"/>
</GROUP>
</GROUP>
<GROUP TYPE="Sample">
<GROUP TYPE="Patient" ID="012005702421"></GROUP><GROUP TYPE="Assays" ID=" ">
<GROUP TYPE="Assay" ID="PROTIA Allergy-Q 96M" STATE="Host"/>
</GROUP>
</GROUP>
<GROUP TYPE="Sample">
<GROUP TYPE="Patient" ID="012003785020"></GROUP><GROUP TYPE="Assays" ID=" ">
<GROUP TYPE="Assay" ID="PROTIA Allergy-Q 96M" STATE="Host"/>
</GROUP>
</GROUP>
<GROUP TYPE="Sample">
<GROUP TYPE="Patient" ID="012002570924"></GROUP><GROUP TYPE="Assays" ID=" ">
<GROUP TYPE="Assay" ID="PROTIA Allergy-Q 96M" STATE="Host"/>
</GROUP>
</GROUP>
<GROUP TYPE="Sample">
<GROUP TYPE="Patient" ID="012003767323"></GROUP><GROUP TYPE="Assays" ID=" ">
<GROUP TYPE="Assay" ID="PROTIA Allergy-Q 96M" STATE="Host"/>
</GROUP>
</GROUP>
<GROUP TYPE="Sample">
<GROUP TYPE="Patient" ID="012003948029"></GROUP><GROUP TYPE="Assays" ID=" ">
<GROUP TYPE="Assay" ID="PROTIA Allergy-Q 96M" STATE="Host"/>
</GROUP>
</GROUP>
<GROUP TYPE="Sample">
<GROUP TYPE="Patient" ID="012003856324"></GROUP><GROUP TYPE="Assays" ID=" ">
<GROUP TYPE="Assay" ID="PROTIA Allergy-Q 96M" STATE="Host"/>
</GROUP>
</GROUP>
<GROUP TYPE="Sample">
<GROUP TYPE="Patient" ID="012003977425"></GROUP><GROUP TYPE="Assays" ID=" ">
<GROUP TYPE="Assay" ID="PROTIA Allergy-Q 96M" STATE="Host"/>
</GROUP>
</GROUP>
<GROUP TYPE="Sample">
<GROUP TYPE="Patient" ID="012003841528"></GROUP><GROUP TYPE="Assays" ID=" ">
<GROUP TYPE="Assay" ID="PROTIA Allergy-Q 96M" STATE="Host"/>
</GROUP>
</GROUP>
<GROUP TYPE="Sample">
<GROUP TYPE="Patient" ID="012003977524"></GROUP><GROUP TYPE="Assays" ID=" ">
<GROUP TYPE="Assay" ID="PROTIA Allergy-Q 96M" STATE="Host"/>
</GROUP>
</GROUP>
<GROUP TYPE="Sample">
<GROUP TYPE="Patient" ID="012003767026"></GROUP><GROUP TYPE="Assays" ID=" ">
<GROUP TYPE="Assay" ID="PROTIA Allergy-Q 96M" STATE="Host"/>
</GROUP>
</GROUP>
<GROUP TYPE="Sample">
<GROUP TYPE="Patient" ID="012000833427"></GROUP><GROUP TYPE="Assays" ID=" ">
<GROUP TYPE="Assay" ID="PROTIA Allergy-Q 96M" STATE="Host"/>
</GROUP>
</GROUP>
<GROUP TYPE="Sample">
<GROUP TYPE="Patient" ID="012001131225"></GROUP><GROUP TYPE="Assays" ID=" ">
<GROUP TYPE="Assay" ID="PROTIA Allergy-Q 96M" STATE="Host"/>
</GROUP>
</GROUP>
<GROUP TYPE="Sample">
<GROUP TYPE="Patient" ID="012000840623"></GROUP><GROUP TYPE="Assays" ID=" ">
<GROUP TYPE="Assay" ID="PROTIA Allergy-Q 96M" STATE="Host"/>
</GROUP>
</GROUP>
<GROUP TYPE="Sample">
<GROUP TYPE="Patient" ID="012000978425"></GROUP><GROUP TYPE="Assays" ID=" ">
<GROUP TYPE="Assay" ID="PROTIA Allergy-Q 96M" STATE="Host"/>
</GROUP>
</GROUP>
<GROUP TYPE="Sample">
<GROUP TYPE="Patient" ID="012006873526"></GROUP><GROUP TYPE="Assays" ID=" ">
<GROUP TYPE="Assay" ID="PROTIA Allergy-Q 96M" STATE="Host"/>
</GROUP>
</GROUP>
<GROUP TYPE="Sample">
<GROUP TYPE="Patient" ID="012000978326"></GROUP><GROUP TYPE="Assays" ID=" ">
<GROUP TYPE="Assay" ID="PROTIA Allergy-Q 96M" STATE="Host"/>
</GROUP>
</GROUP>
<GROUP TYPE="Sample">
<GROUP TYPE="Patient" ID="012000961229"></GROUP><GROUP TYPE="Assays" ID=" ">
<GROUP TYPE="Assay" ID="PROTIA Allergy-Q 96M" STATE="Host"/>
</GROUP>
</GROUP>
<GROUP TYPE="Sample">
<GROUP TYPE="Patient" ID="012000962226"></GROUP><GROUP TYPE="Assays" ID=" ">
<GROUP TYPE="Assay" ID="PROTIA Allergy-Q 96M" STATE="Host"/>
</GROUP>
</GROUP>
<GROUP TYPE="Sample">
<GROUP TYPE="Patient" ID="012004188325"></GROUP><GROUP TYPE="Assays" ID=" ">
<GROUP TYPE="Assay" ID="PROTIA Allergy-Q 96M" STATE="Host"/>
</GROUP>
</GROUP>
<GROUP TYPE="Sample">
<GROUP TYPE="Patient" ID="012000825224"></GROUP><GROUP TYPE="Assays" ID=" ">
<GROUP TYPE="Assay" ID="PROTIA Allergy-Q 96M" STATE="Host"/>
</GROUP>
</GROUP>
<GROUP TYPE="Sample">
<GROUP TYPE="Patient" ID="012001527929"></GROUP><GROUP TYPE="Assays" ID=" ">
<GROUP TYPE="Assay" ID="PROTIA Allergy-Q 96M" STATE="Host"/>
</GROUP>
</GROUP>
<GROUP TYPE="Sample">
<GROUP TYPE="Patient" ID="012005878423"></GROUP><GROUP TYPE="Assays" ID=" ">
<GROUP TYPE="Assay" ID="PROTIA Allergy-Q 96M" STATE="Host"/>
</GROUP>
</GROUP>
<GROUP TYPE="Sample">
<GROUP TYPE="Patient" ID="012000373527"></GROUP><GROUP TYPE="Assays" ID=" ">
<GROUP TYPE="Assay" ID="PROTIA Allergy-Q 96M" STATE="Host"/>
</GROUP>
</GROUP>
<GROUP TYPE="Sample">
<GROUP TYPE="Patient" ID="012005854427"></GROUP><GROUP TYPE="Assays" ID=" ">
<GROUP TYPE="Assay" ID="PROTIA Allergy-Q 96M" STATE="Host"/>
</GROUP>
</GROUP>
<GROUP TYPE="Sample">
<GROUP TYPE="Patient" ID="012001500120"></GROUP><GROUP TYPE="Assays" ID=" ">
<GROUP TYPE="Assay" ID="PROTIA Allergy-Q 96M" STATE="Host"/>
</GROUP>
</GROUP>
<GROUP TYPE="Sample">
<GROUP TYPE="Patient" ID="012007682325"></GROUP><GROUP TYPE="Assays" ID=" ">
<GROUP TYPE="Assay" ID="PROTIA Allergy-Q 96M" STATE="Host"/>
</GROUP>
</GROUP>
<GROUP TYPE="Sample">
<GROUP TYPE="Patient" ID="012007682226"></GROUP><GROUP TYPE="Assays" ID=" ">
<GROUP TYPE="Assay" ID="PROTIA Allergy-Q 96M" STATE="Host"/>
</GROUP>
</GROUP>
<GROUP TYPE="Sample">
<GROUP TYPE="Patient" ID="012005403823"></GROUP><GROUP TYPE="Assays" ID=" ">
<GROUP TYPE="Assay" ID="PROTIA Allergy-Q 96M" STATE="Host"/>
</GROUP>
</GROUP>
<GROUP TYPE="Sample">
<GROUP TYPE="Patient" ID="012005604725"></GROUP><GROUP TYPE="Assays" ID=" ">
<GROUP TYPE="Assay" ID="PROTIA Allergy-Q 96M" STATE="Host"/>
</GROUP>
</GROUP>
<GROUP TYPE="Sample">
<GROUP TYPE="Patient" ID="012007640721"></GROUP><GROUP TYPE="Assays" ID=" ">
<GROUP TYPE="Assay" ID="PROTIA Allergy-Q 96M" STATE="Host"/>
</GROUP>
</GROUP>
<GROUP TYPE="Sample">
<GROUP TYPE="Patient" ID="012006101926"></GROUP><GROUP TYPE="Assays" ID=" ">
<GROUP TYPE="Assay" ID="PROTIA Allergy-Q 96M" STATE="Host"/>
</GROUP>
</GROUP>
<GROUP TYPE="Sample">
<GROUP TYPE="Patient" ID="012003705127"></GROUP><GROUP TYPE="Assays" ID=" ">
<GROUP TYPE="Assay" ID="PROTIA Allergy-Q 96M" STATE="Host"/>
</GROUP>
</GROUP>
<GROUP TYPE="Sample">
<GROUP TYPE="Patient" ID="012003825429"></GROUP><GROUP TYPE="Assays" ID=" ">
<GROUP TYPE="Assay" ID="PROTIA Allergy-Q 96M" STATE="Host"/>
</GROUP>
</GROUP>
<GROUP TYPE="Sample">
<GROUP TYPE="Patient" ID="012003825221"></GROUP><GROUP TYPE="Assays" ID=" ">
<GROUP TYPE="Assay" ID="PROTIA Allergy-Q 96M" STATE="Host"/>
</GROUP>
</GROUP>
<GROUP TYPE="Sample">
<GROUP TYPE="Patient" ID="012002501522"></GROUP><GROUP TYPE="Assays" ID=" ">
<GROUP TYPE="Assay" ID="PROTIA Allergy-Q 96M" STATE="Host"/>
</GROUP>
</GROUP>
<GROUP TYPE="Sample">
<GROUP TYPE="Patient" ID="012003858229"></GROUP><GROUP TYPE="Assays" ID=" ">
<GROUP TYPE="Assay" ID="PROTIA Allergy-Q 96M" STATE="Host"/>
</GROUP>
</GROUP>
<GROUP TYPE="Sample">
<GROUP TYPE="Patient" ID="012003767927"></GROUP><GROUP TYPE="Assays" ID=" ">
<GROUP TYPE="Assay" ID="PROTIA Allergy-Q 96M" STATE="Host"/>
</GROUP>
</GROUP>
<GROUP TYPE="Sample">
<GROUP TYPE="Patient" ID="012002571020"></GROUP><GROUP TYPE="Assays" ID=" ">
<GROUP TYPE="Assay" ID="PROTIA Allergy-Q 96M" STATE="Host"/>
</GROUP>
</GROUP>
<GROUP TYPE="Sample">
<GROUP TYPE="Patient" ID="012003694629"></GROUP><GROUP TYPE="Assays" ID=" ">
<GROUP TYPE="Assay" ID="PROTIA Allergy-Q 96M" STATE="Host"/>
</GROUP>
</GROUP>
<GROUP TYPE="Sample">
<GROUP TYPE="Patient" ID="012003651226"></GROUP><GROUP TYPE="Assays" ID=" ">
<GROUP TYPE="Assay" ID="PROTIA Allergy-Q 96M" STATE="Host"/>
</GROUP>
</GROUP>
<GROUP TYPE="Sample">
<GROUP TYPE="Patient" ID="012001054128"></GROUP><GROUP TYPE="Assays" ID=" ">
<GROUP TYPE="Assay" ID="PROTIA Allergy-Q 96M" STATE="Host"/>
</GROUP>
</GROUP>
<GROUP TYPE="Sample">
<GROUP TYPE="Patient" ID="012000870323"></GROUP><GROUP TYPE="Assays" ID=" ">
<GROUP TYPE="Assay" ID="PROTIA Allergy-Q 96M" STATE="Host"/>
</GROUP>
</GROUP>
<GROUP TYPE="Sample">
<GROUP TYPE="Patient" ID="012000844928"></GROUP><GROUP TYPE="Assays" ID=" ">
<GROUP TYPE="Assay" ID="PROTIA Allergy-Q 96M" STATE="Host"/>
</GROUP>
</GROUP>
<GROUP TYPE="Sample">
<GROUP TYPE="Patient" ID="012000844324"></GROUP><GROUP TYPE="Assays" ID=" ">
<GROUP TYPE="Assay" ID="PROTIA Allergy-Q 96M" STATE="Host"/>
</GROUP>
</GROUP>
<GROUP TYPE="Sample">
<GROUP TYPE="Patient" ID="012000833625"></GROUP><GROUP TYPE="Assays" ID=" ">
<GROUP TYPE="Assay" ID="PROTIA Allergy-Q 96M" STATE="Host"/>
</GROUP>
</GROUP>
<GROUP TYPE="Sample">
<GROUP TYPE="Patient" ID="012001021922"></GROUP><GROUP TYPE="Assays" ID=" ">
<GROUP TYPE="Assay" ID="PROTIA Allergy-Q 96M" STATE="Host"/>
</GROUP>
</GROUP>
<GROUP TYPE="Sample">
<GROUP TYPE="Patient" ID="012000875021"></GROUP><GROUP TYPE="Assays" ID=" ">
<GROUP TYPE="Assay" ID="PROTIA Allergy-Q 96M" STATE="Host"/>
</GROUP>
</GROUP>
<GROUP TYPE="Sample">
<GROUP TYPE="Patient" ID="012000875922"></GROUP><GROUP TYPE="Assays" ID=" ">
<GROUP TYPE="Assay" ID="PROTIA Allergy-Q 96M" STATE="Host"/>
</GROUP>
</GROUP>
<GROUP TYPE="Sample">
<GROUP TYPE="Patient" ID="012001412126"></GROUP><GROUP TYPE="Assays" ID=" ">
<GROUP TYPE="Assay" ID="PROTIA Allergy-Q 96M" STATE="Host"/>
</GROUP>
</GROUP>
<GROUP TYPE="Sample">
<GROUP TYPE="Patient" ID="012000978524"></GROUP><GROUP TYPE="Assays" ID=" ">
<GROUP TYPE="Assay" ID="PROTIA Allergy-Q 96M" STATE="Host"/>
</GROUP>
</GROUP>
<GROUP TYPE="Sample">
<GROUP TYPE="Patient" ID="012000978623"></GROUP><GROUP TYPE="Assays" ID=" ">
<GROUP TYPE="Assay" ID="PROTIA Allergy-Q 96M" STATE="Host"/>
</GROUP>
</GROUP>
<GROUP TYPE="Sample">
<GROUP TYPE="Patient" ID="012001568922"></GROUP><GROUP TYPE="Assays" ID=" ">
<GROUP TYPE="Assay" ID="PROTIA Allergy-Q 96M" STATE="Host"/>
</GROUP>
</GROUP>
<GROUP TYPE="Sample">
<GROUP TYPE="Patient" ID="012001528124"></GROUP><GROUP TYPE="Assays" ID=" ">
<GROUP TYPE="Assay" ID="PROTIA Allergy-Q 96M" STATE="Host"/>
</GROUP>
</GROUP>
<GROUP TYPE="Sample">
<GROUP TYPE="Patient" ID="012001528025"></GROUP><GROUP TYPE="Assays" ID=" ">
<GROUP TYPE="Assay" ID="PROTIA Allergy-Q 96M" STATE="Host"/>
</GROUP>
</GROUP>
<GROUP TYPE="Sample">
<GROUP TYPE="Patient" ID="012001555922"></GROUP><GROUP TYPE="Assays" ID=" ">
<GROUP TYPE="Assay" ID="PROTIA Allergy-Q 96M" STATE="Host"/>
</GROUP>
</GROUP>
<GROUP TYPE="Sample">
<GROUP TYPE="Patient" ID="012001528421"></GROUP><GROUP TYPE="Assays" ID=" ">
<GROUP TYPE="Assay" ID="PROTIA Allergy-Q 96M" STATE="Host"/>
</GROUP>
</GROUP>
<GROUP TYPE="Sample">
<GROUP TYPE="Patient" ID="012001636126"></GROUP><GROUP TYPE="Assays" ID=" ">
<GROUP TYPE="Assay" ID="PROTIA Allergy-Q 96M" STATE="Host"/>
</GROUP>
</GROUP>
<GROUP TYPE="Sample">
<GROUP TYPE="Patient" ID="012001556028"></GROUP><GROUP TYPE="Assays" ID=" ">
<GROUP TYPE="Assay" ID="PROTIA Allergy-Q 96M" STATE="Host"/>
</GROUP>
</GROUP>
<GROUP TYPE="Sample">
<GROUP TYPE="Patient" ID="012005854526"></GROUP><GROUP TYPE="Assays" ID=" ">
<GROUP TYPE="Assay" ID="PROTIA Allergy-Q 96M" STATE="Host"/>
</GROUP>
</GROUP>
<GROUP TYPE="Sample">
<GROUP TYPE="Patient" ID="012005955926"></GROUP><GROUP TYPE="Assays" ID=" ">
<GROUP TYPE="Assay" ID="PROTIA Allergy-Q 96M" STATE="Host"/>
</GROUP>
</GROUP>
<GROUP TYPE="Sample">
<GROUP TYPE="Patient" ID="012007423225"></GROUP><GROUP TYPE="Assays" ID=" ">
<GROUP TYPE="Assay" ID="PROTIA Allergy-Q 96M" STATE="Host"/>
</GROUP>
</GROUP>
<GROUP TYPE="Sample">
<GROUP TYPE="Patient" ID="012004622928"></GROUP><GROUP TYPE="Assays" ID=" ">
<GROUP TYPE="Assay" ID="PROTIA Allergy-Q 96M" STATE="Host"/>
</GROUP>
</GROUP>
<GROUP TYPE="Sample">
<GROUP TYPE="Patient" ID="012005804927"></GROUP><GROUP TYPE="Assays" ID=" ">
<GROUP TYPE="Assay" ID="PROTIA Allergy-Q 96M" STATE="Host"/>
</GROUP>
</GROUP>
<GROUP TYPE="Sample">
<GROUP TYPE="Patient" ID="012007682523"></GROUP><GROUP TYPE="Assays" ID=" ">
<GROUP TYPE="Assay" ID="PROTIA Allergy-Q 96M" STATE="Host"/>
</GROUP>
</GROUP>
<GROUP TYPE="Sample">
<GROUP TYPE="Patient" ID="012007250524"></GROUP><GROUP TYPE="Assays" ID=" ">
<GROUP TYPE="Assay" ID="PROTIA Allergy-Q 96M" STATE="Host"/>
</GROUP>
</GROUP>
<GROUP TYPE="Sample">
<GROUP TYPE="Patient" ID="012007251828"></GROUP><GROUP TYPE="Assays" ID=" ">
<GROUP TYPE="Assay" ID="PROTIA Allergy-Q 96M" STATE="Host"/>
</GROUP>
</GROUP>
<GROUP TYPE="Sample">
<GROUP TYPE="Patient" ID="012007682622"></GROUP><GROUP TYPE="Assays" ID=" ">
<GROUP TYPE="Assay" ID="PROTIA Allergy-Q 96M" STATE="Host"/>
</GROUP>
</GROUP>
<GROUP TYPE="Sample">
<GROUP TYPE="Patient" ID="012005464329"></GROUP><GROUP TYPE="Assays" ID=" ">
<GROUP TYPE="Assay" ID="PROTIA Allergy-Q 96M" STATE="Host"/>
</GROUP>
</GROUP>
<GROUP TYPE="Sample">
<GROUP TYPE="Patient" ID="012005410128"></GROUP><GROUP TYPE="Assays" ID=" ">
<GROUP TYPE="Assay" ID="PROTIA Allergy-Q 96M" STATE="Host"/>
</GROUP>
</GROUP>
<GROUP TYPE="Sample">
<GROUP TYPE="Patient" ID="012001473028"></GROUP><GROUP TYPE="Assays" ID=" ">
<GROUP TYPE="Assay" ID="PROTIA Allergy-Q 96M" STATE="Host"/>
</GROUP>
</GROUP>
<GROUP TYPE="Sample">
<GROUP TYPE="Patient" ID="012001033727"></GROUP><GROUP TYPE="Assays" ID=" ">
<GROUP TYPE="Assay" ID="PROTIA Allergy-Q 96M" STATE="Host"/>
</GROUP>
</GROUP>
<GROUP TYPE="Sample">
<GROUP TYPE="Patient" ID="012001412027"></GROUP><GROUP TYPE="Assays" ID=" ">
<GROUP TYPE="Assay" ID="PROTIA Allergy-Q 96M" STATE="Host"/>
</GROUP>
</GROUP>
<GROUP TYPE="Sample">
<GROUP TYPE="Patient" ID="012001424228"></GROUP><GROUP TYPE="Assays" ID=" ">
<GROUP TYPE="Assay" ID="PROTIA Allergy-Q 96M" STATE="Host"/>
</GROUP>
</GROUP>
<GROUP TYPE="Sample">
<GROUP TYPE="Patient" ID="012001411822"></GROUP><GROUP TYPE="Assays" ID=" ">
<GROUP TYPE="Assay" ID="PROTIA Allergy-Q 96M" STATE="Host"/>
</GROUP>
</GROUP>
<GROUP TYPE="Sample">
<GROUP TYPE="Patient" ID="012000808920"></GROUP><GROUP TYPE="Assays" ID=" ">
<GROUP TYPE="Assay" ID="PROTIA Allergy-Q 96M" STATE="Host"/>
</GROUP>
</GROUP>
<GROUP TYPE="Sample">
<GROUP TYPE="Patient" ID="012000862328"></GROUP><GROUP TYPE="Assays" ID=" ">
<GROUP TYPE="Assay" ID="PROTIA Allergy-Q 96M" STATE="Host"/>
</GROUP>
</GROUP>
<GROUP TYPE="Sample">
<GROUP TYPE="Patient" ID="012000863523"></GROUP><GROUP TYPE="Assays" ID=" ">
<GROUP TYPE="Assay" ID="PROTIA Allergy-Q 96M" STATE="Host"/>
</GROUP>
</GROUP>
<GROUP TYPE="Sample">
<GROUP TYPE="Patient" ID="012004309225"></GROUP><GROUP TYPE="Assays" ID=" ">
<GROUP TYPE="Assay" ID="PROTIA Allergy-Q 96M" STATE="Host"/>
</GROUP>
</GROUP>
<GROUP TYPE="Sample">
<GROUP TYPE="Patient" ID="012000807121"></GROUP><GROUP TYPE="Assays" ID=" ">
<GROUP TYPE="Assay" ID="PROTIA Allergy-Q 96M" STATE="Host"/>
</GROUP>
</GROUP>
<GROUP TYPE="Sample">
<GROUP TYPE="Patient" ID="012000808722"></GROUP><GROUP TYPE="Assays" ID=" ">
<GROUP TYPE="Assay" ID="PROTIA Allergy-Q 96M" STATE="Host"/>
</GROUP>
</GROUP>
<GROUP TYPE="Sample">
<GROUP TYPE="Patient" ID="012000805028"></GROUP><GROUP TYPE="Assays" ID=" ">
<GROUP TYPE="Assay" ID="PROTIA Allergy-Q 96M" STATE="Host"/>
</GROUP>
</GROUP>
<GROUP TYPE="Sample">
<GROUP TYPE="Patient" ID="012001636324"></GROUP><GROUP TYPE="Assays" ID=" ">
<GROUP TYPE="Assay" ID="PROTIA Allergy-Q 96M" STATE="Host"/>
</GROUP>
</GROUP>
<GROUP TYPE="Sample">
<GROUP TYPE="Patient" ID="012001556127"></GROUP><GROUP TYPE="Assays" ID=" ">
<GROUP TYPE="Assay" ID="PROTIA Allergy-Q 96M" STATE="Host"/>
</GROUP>
</GROUP>
<GROUP TYPE="Sample">
<GROUP TYPE="Patient" ID="012001637727"></GROUP><GROUP TYPE="Assays" ID=" ">
<GROUP TYPE="Assay" ID="PROTIA Allergy-Q 96M" STATE="Host"/>
</GROUP>
</GROUP>
<GROUP TYPE="Sample">
<GROUP TYPE="Patient" ID="012001600226"></GROUP><GROUP TYPE="Assays" ID=" ">
<GROUP TYPE="Assay" ID="PROTIA Allergy-Q 96M" STATE="Host"/>
</GROUP>
</GROUP>
<GROUP TYPE="Sample">
<GROUP TYPE="Patient" ID="012001545022"></GROUP><GROUP TYPE="Assays" ID=" ">
<GROUP TYPE="Assay" ID="PROTIA Allergy-Q 96M" STATE="Host"/>
</GROUP>
</GROUP>
<GROUP TYPE="Sample">
<GROUP TYPE="Patient" ID="012001559623"></GROUP><GROUP TYPE="Assays" ID=" ">
<GROUP TYPE="Assay" ID="PROTIA Allergy-Q 96M" STATE="Host"/>
</GROUP>
</GROUP>
<GROUP TYPE="Sample">
<GROUP TYPE="Patient" ID="012005874326"></GROUP><GROUP TYPE="Assays" ID=" ">
<GROUP TYPE="Assay" ID="PROTIA Allergy-Q 96M" STATE="Host"/>
</GROUP>
</GROUP>
<GROUP TYPE="Sample">
<GROUP TYPE="Patient" ID="012005874425"></GROUP><GROUP TYPE="Assays" ID=" ">
<GROUP TYPE="Assay" ID="PROTIA Allergy-Q 96M" STATE="Host"/>
</GROUP>
</GROUP>
<GROUP TYPE="Sample">
<GROUP TYPE="Patient" ID="012005854724"></GROUP><GROUP TYPE="Assays" ID=" ">
<GROUP TYPE="Assay" ID="PROTIA Allergy-Q 96M" STATE="Host"/>
</GROUP>
</GROUP>
<GROUP TYPE="Sample">
<GROUP TYPE="Patient" ID="012005854625"></GROUP><GROUP TYPE="Assays" ID=" ">
<GROUP TYPE="Assay" ID="PROTIA Allergy-Q 96M" STATE="Host"/>
</GROUP>
</GROUP>
<GROUP TYPE="Sample">
<GROUP TYPE="Patient" ID="012004623024"></GROUP><GROUP TYPE="Assays" ID=" ">
<GROUP TYPE="Assay" ID="PROTIA Allergy-Q 96M" STATE="Host"/>
</GROUP>
</GROUP>
<GROUP TYPE="Sample">
<GROUP TYPE="Patient" ID="012004622829"></GROUP><GROUP TYPE="Assays" ID=" ">
<GROUP TYPE="Assay" ID="PROTIA Allergy-Q 96M" STATE="Host"/>
</GROUP>
</GROUP>
<GROUP TYPE="Sample">
<GROUP TYPE="Patient" ID="012004623222"></GROUP><GROUP TYPE="Assays" ID=" ">
<GROUP TYPE="Assay" ID="PROTIA Allergy-Q 96M" STATE="Host"/>
</GROUP>
</GROUP>
<GROUP TYPE="Sample">
<GROUP TYPE="Patient" ID="012004622720"></GROUP><GROUP TYPE="Assays" ID=" ">
<GROUP TYPE="Assay" ID="PROTIA Allergy-Q 96M" STATE="Host"/>
</GROUP>
</GROUP>
<GROUP TYPE="Sample">
<GROUP TYPE="Patient" ID="012004623123"></GROUP><GROUP TYPE="Assays" ID=" ">
<GROUP TYPE="Assay" ID="PROTIA Allergy-Q 96M" STATE="Host"/>
</GROUP>
</GROUP>
<GROUP TYPE="Sample">
<GROUP TYPE="Patient" ID="012005412924"></GROUP><GROUP TYPE="Assays" ID=" ">
<GROUP TYPE="Assay" ID="PROTIA Allergy-Q 96M" STATE="Host"/>
</GROUP>
</GROUP>
<GROUP TYPE="Sample">
<GROUP TYPE="Patient" ID="012005840420"></GROUP><GROUP TYPE="Assays" ID=" ">
<GROUP TYPE="Assay" ID="PROTIA Allergy-Q 96M" STATE="Host"/>
</GROUP>
</GROUP>
<GROUP TYPE="Sample">
<GROUP TYPE="Patient" ID="012005400228"></GROUP><GROUP TYPE="Assays" ID=" ">
<GROUP TYPE="Assay" ID="PROTIA Allergy-Q 96M" STATE="Host"/>
</GROUP>
</GROUP>
<GROUP TYPE="Sample">
<GROUP TYPE="Patient" ID="012005400327"></GROUP><GROUP TYPE="Assays" ID=" ">
<GROUP TYPE="Assay" ID="PROTIA Allergy-Q 96M" STATE="Host"/>
</GROUP>
</GROUP>
<GROUP TYPE="Sample">
<GROUP TYPE="Patient" ID="012007721529"></GROUP><GROUP TYPE="Assays" ID=" ">
<GROUP TYPE="Assay" ID="PROTIA Allergy-Q 96M" STATE="Host"/>
</GROUP>
</GROUP>
<GROUP TYPE="Sample">
<GROUP TYPE="Patient" ID="012004662221"></GROUP><GROUP TYPE="Assays" ID=" ">
<GROUP TYPE="Assay" ID="PROTIA Allergy-Q 96M" STATE="Host"/>
</GROUP>
</GROUP>
<GROUP TYPE="Sample">
<GROUP TYPE="Patient" ID="012006320327"></GROUP><GROUP TYPE="Assays" ID=" ">
<GROUP TYPE="Assay" ID="PROTIA Allergy-Q 96M" STATE="Host"/>
</GROUP>
</GROUP>
<GROUP TYPE="Sample">
<GROUP TYPE="Patient" ID="012004585827"></GROUP><GROUP TYPE="Assays" ID=" ">
<GROUP TYPE="Assay" ID="PROTIA Allergy-Q 96M" STATE="Host"/>
</GROUP>
</GROUP>
<GROUP TYPE="Sample">
<GROUP TYPE="Patient" ID="012000811227"></GROUP><GROUP TYPE="Assays" ID=" ">
<GROUP TYPE="Assay" ID="PROTIA Allergy-Q 96M" STATE="Host"/>
</GROUP>
</GROUP>
<GROUP TYPE="Sample">
<GROUP TYPE="Patient" ID="012001365521"></GROUP><GROUP TYPE="Assays" ID=" ">
<GROUP TYPE="Assay" ID="PROTIA Allergy-Q 96M" STATE="Host"/>
</GROUP>
</GROUP>
<GROUP TYPE="Sample">
<GROUP TYPE="Patient" ID="012006874028"></GROUP><GROUP TYPE="Assays" ID=" ">
<GROUP TYPE="Assay" ID="PROTIA Allergy-Q 96M" STATE="Host"/>
</GROUP>
</GROUP>
<GROUP TYPE="Sample">
<GROUP TYPE="Patient" ID="012006873120"></GROUP><GROUP TYPE="Assays" ID=" ">
<GROUP TYPE="Assay" ID="PROTIA Allergy-Q 96M" STATE="Host"/>
</GROUP>
</GROUP>
<GROUP TYPE="Sample">
<GROUP TYPE="Patient" ID="012000952722"></GROUP><GROUP TYPE="Assays" ID=" ">
<GROUP TYPE="Assay" ID="PROTIA Allergy-Q 96M" STATE="Host"/>
</GROUP>
</GROUP>
<GROUP TYPE="Sample">
<GROUP TYPE="Patient" ID="012001530226"></GROUP><GROUP TYPE="Assays" ID=" ">
<GROUP TYPE="Assay" ID="PROTIA Allergy-Q 96M" STATE="Host"/>
</GROUP>
</GROUP>
<GROUP TYPE="Sample">
<GROUP TYPE="Patient" ID="012001610720"></GROUP><GROUP TYPE="Assays" ID=" ">
<GROUP TYPE="Assay" ID="PROTIA Allergy-Q 96M" STATE="Host"/>
</GROUP>
</GROUP>
<GROUP TYPE="Sample">
<GROUP TYPE="Patient" ID="012001552822"></GROUP><GROUP TYPE="Assays" ID=" ">
<GROUP TYPE="Assay" ID="PROTIA Allergy-Q 96M" STATE="Host"/>
</GROUP>
</GROUP>
<GROUP TYPE="Sample">
<GROUP TYPE="Patient" ID="012007427025"></GROUP><GROUP TYPE="Assays" ID=" ">
<GROUP TYPE="Assay" ID="PROTIA Allergy-Q 96M" STATE="Host"/>
</GROUP>
</GROUP>
<GROUP TYPE="Sample">
<GROUP TYPE="Patient" ID="012007422723"></GROUP><GROUP TYPE="Assays" ID=" ">
<GROUP TYPE="Assay" ID="PROTIA Allergy-Q 96M" STATE="Host"/>
</GROUP>
</GROUP>
<GROUP TYPE="Sample">
<GROUP TYPE="Patient" ID="012007422624"></GROUP><GROUP TYPE="Assays" ID=" ">
<GROUP TYPE="Assay" ID="PROTIA Allergy-Q 96M" STATE="Host"/>
</GROUP>
</GROUP>
<GROUP TYPE="Sample">
<GROUP TYPE="Patient" ID="012007427124"></GROUP><GROUP TYPE="Assays" ID=" ">
<GROUP TYPE="Assay" ID="PROTIA Allergy-Q 96M" STATE="Host"/>
</GROUP>
</GROUP>
<GROUP TYPE="Sample">
<GROUP TYPE="Patient" ID="012007413028"></GROUP><GROUP TYPE="Assays" ID=" ">
<GROUP TYPE="Assay" ID="PROTIA Allergy-Q 96M" STATE="Host"/>
</GROUP>
</GROUP>
<GROUP TYPE="Sample">
<GROUP TYPE="Patient" ID="012007413127"></GROUP><GROUP TYPE="Assays" ID=" ">
<GROUP TYPE="Assay" ID="PROTIA Allergy-Q 96M" STATE="Host"/>
</GROUP>
</GROUP>
<GROUP TYPE="Sample">
<GROUP TYPE="Patient" ID="012007422822"></GROUP><GROUP TYPE="Assays" ID=" ">
<GROUP TYPE="Assay" ID="PROTIA Allergy-Q 96M" STATE="Host"/>
</GROUP>
</GROUP>
<GROUP TYPE="Sample">
<GROUP TYPE="Patient" ID="012007412922"></GROUP><GROUP TYPE="Assays" ID=" ">
<GROUP TYPE="Assay" ID="PROTIA Allergy-Q 96M" STATE="Host"/>
</GROUP>
</GROUP>
<GROUP TYPE="Sample">
<GROUP TYPE="Patient" ID="012007648628"></GROUP><GROUP TYPE="Assays" ID=" ">
<GROUP TYPE="Assay" ID="PROTIA Allergy-Q 96M" STATE="Host"/>
</GROUP>
</GROUP>
<GROUP TYPE="Sample">
<GROUP TYPE="Patient" ID="012007649427"></GROUP><GROUP TYPE="Assays" ID=" ">
<GROUP TYPE="Assay" ID="PROTIA Allergy-Q 96M" STATE="Host"/>
</GROUP>
</GROUP>
<GROUP TYPE="Sample">
<GROUP TYPE="Patient" ID="012007648123"></GROUP><GROUP TYPE="Assays" ID=" ">
<GROUP TYPE="Assay" ID="PROTIA Allergy-Q 96M" STATE="Host"/>
</GROUP>
</GROUP>
<GROUP TYPE="Sample">
<GROUP TYPE="Patient" ID="012005139029"></GROUP><GROUP TYPE="Assays" ID=" ">
<GROUP TYPE="Assay" ID="PROTIA Allergy-Q 96M" STATE="Host"/>
</GROUP>
</GROUP>
<GROUP TYPE="Sample">
<GROUP TYPE="Patient" ID="012004620320"></GROUP><GROUP TYPE="Assays" ID=" ">
<GROUP TYPE="Assay" ID="PROTIA Allergy-Q 96M" STATE="Host"/>
</GROUP>
</GROUP>
<GROUP TYPE="Sample">
<GROUP TYPE="Patient" ID="012005800127"></GROUP><GROUP TYPE="Assays" ID=" ">
<GROUP TYPE="Assay" ID="PROTIA Allergy-Q 96M" STATE="Host"/>
</GROUP>
</GROUP>
<GROUP TYPE="Sample">
<GROUP TYPE="Patient" ID="012006317822"></GROUP><GROUP TYPE="Assays" ID=" ">
<GROUP TYPE="Assay" ID="PROTIA Allergy-Q 96M" STATE="Host"/>
</GROUP>
</GROUP>
<GROUP TYPE="Sample">
<GROUP TYPE="Patient" ID="012005601021"></GROUP><GROUP TYPE="Assays" ID=" ">
<GROUP TYPE="Assay" ID="PROTIA Allergy-Q 96M" STATE="Host"/>
</GROUP>
</GROUP>
<GROUP TYPE="Sample">
<GROUP TYPE="Patient" ID="012006841921"></GROUP><GROUP TYPE="Assays" ID=" ">
<GROUP TYPE="Assay" ID="PROTIA Allergy-Q 96M" STATE="Host"/>
</GROUP>
</GROUP>
<GROUP TYPE="Sample">
<GROUP TYPE="Patient" ID="012005167121"></GROUP><GROUP TYPE="Assays" ID=" ">
<GROUP TYPE="Assay" ID="PROTIA Allergy-Q 96M" STATE="Host"/>
</GROUP>
</GROUP>
<GROUP TYPE="Sample">
<GROUP TYPE="Patient" ID="012000244629"></GROUP><GROUP TYPE="Assays" ID=" ">
<GROUP TYPE="Assay" ID="PROTIA Allergy-Q 96M" STATE="Host"/>
</GROUP>
</GROUP>
<GROUP TYPE="Sample">
<GROUP TYPE="Patient" ID="012004148923"></GROUP><GROUP TYPE="Assays" ID=" ">
<GROUP TYPE="Assay" ID="PROTIA Allergy-Q 96M" STATE="Host"/>
</GROUP>
</GROUP>
<GROUP TYPE="Sample">
<GROUP TYPE="Patient" ID="012005643229"></GROUP><GROUP TYPE="Assays" ID=" ">
<GROUP TYPE="Assay" ID="PROTIA Allergy-Q 96M" STATE="Host"/>
</GROUP>
</GROUP>
<GROUP TYPE="Sample">
<GROUP TYPE="Patient" ID="012006310526"></GROUP><GROUP TYPE="Assays" ID=" ">
<GROUP TYPE="Assay" ID="PROTIA Allergy-Q 96M" STATE="Host"/>
</GROUP>
</GROUP>
<GROUP TYPE="Sample">
<GROUP TYPE="Patient" ID="012003692625"></GROUP><GROUP TYPE="Assays" ID=" ">
<GROUP TYPE="Assay" ID="PROTIA Allergy-Q 96M" STATE="Host"/>
</GROUP>
</GROUP>
<GROUP TYPE="Sample">
<GROUP TYPE="Patient" ID="012005752129"></GROUP><GROUP TYPE="Assays" ID=" ">
<GROUP TYPE="Assay" ID="PROTIA Allergy-Q 96M" STATE="Host"/>
</GROUP>
</GROUP>
<GROUP TYPE="Sample">
<GROUP TYPE="Patient" ID="012005755229"></GROUP><GROUP TYPE="Assays" ID=" ">
<GROUP TYPE="Assay" ID="PROTIA Allergy-Q 96M" STATE="Host"/>
</GROUP>
</GROUP>
<GROUP TYPE="Sample">
<GROUP TYPE="Patient" ID="012005752020"></GROUP><GROUP TYPE="Assays" ID=" ">
<GROUP TYPE="Assay" ID="PROTIA Allergy-Q 96M" STATE="Host"/>
</GROUP>
</GROUP>
<GROUP TYPE="Sample">
<GROUP TYPE="Patient" ID="012006218426"></GROUP><GROUP TYPE="Assays" ID=" ">
<GROUP TYPE="Assay" ID="PROTIA Allergy-Q 96M" STATE="Host"/>
</GROUP>
</GROUP>
<GROUP TYPE="Sample">
<GROUP TYPE="Patient" ID="012005716220"></GROUP><GROUP TYPE="Assays" ID=" ">
<GROUP TYPE="Assay" ID="PROTIA Allergy-Q 96M" STATE="Host"/>
</GROUP>
</GROUP>
<GROUP TYPE="Sample">
<GROUP TYPE="Patient" ID="012005751924"></GROUP><GROUP TYPE="Assays" ID=" ">
<GROUP TYPE="Assay" ID="PROTIA Allergy-Q 96M" STATE="Host"/>
</GROUP>
</GROUP>
<GROUP TYPE="Sample">
<GROUP TYPE="Patient" ID="012006218228"></GROUP><GROUP TYPE="Assays" ID=" ">
<GROUP TYPE="Assay" ID="PROTIA Allergy-Q 96M" STATE="Host"/>
</GROUP>
</GROUP>
<GROUP TYPE="Sample">
<GROUP TYPE="Patient" ID="012006218327"></GROUP><GROUP TYPE="Assays" ID=" ">
<GROUP TYPE="Assay" ID="PROTIA Allergy-Q 96M" STATE="Host"/>
</GROUP>
</GROUP>
<GROUP TYPE="Sample">
<GROUP TYPE="Patient" ID="012006218525"></GROUP><GROUP TYPE="Assays" ID=" ">
<GROUP TYPE="Assay" ID="PROTIA Allergy-Q 96M" STATE="Host"/>
</GROUP>
</GROUP>
<GROUP TYPE="Sample">
<GROUP TYPE="Patient" ID="012005756028"></GROUP><GROUP TYPE="Assays" ID=" ">
<GROUP TYPE="Assay" ID="PROTIA Allergy-Q 96M" STATE="Host"/>
</GROUP>
</GROUP>
<GROUP TYPE="Sample">
<GROUP TYPE="Patient" ID="012005726625"></GROUP><GROUP TYPE="Assays" ID=" ">
<GROUP TYPE="Assay" ID="PROTIA Allergy-Q 96M" STATE="Host"/>
</GROUP>
</GROUP>
<GROUP TYPE="Sample">
<GROUP TYPE="Patient" ID="012005726229"></GROUP><GROUP TYPE="Assays" ID=" ">
<GROUP TYPE="Assay" ID="PROTIA Allergy-Q 96M" STATE="Host"/>
</GROUP>
</GROUP>
<GROUP TYPE="Sample">
<GROUP TYPE="Patient" ID="012003825122"></GROUP><GROUP TYPE="Assays" ID=" ">
<GROUP TYPE="Assay" ID="PROTIA Allergy-Q 96M" STATE="Host"/>
</GROUP>
</GROUP>
<GROUP TYPE="Sample">
<GROUP TYPE="Patient" ID="012005724126"></GROUP><GROUP TYPE="Assays" ID=" ">
<GROUP TYPE="Assay" ID="PROTIA Allergy-Q 96M" STATE="Host"/>
</GROUP>
</GROUP>
<GROUP TYPE="Sample">
<GROUP TYPE="Patient" ID="012005752327"></GROUP><GROUP TYPE="Assays" ID=" ">
<GROUP TYPE="Assay" ID="PROTIA Allergy-Q 96M" STATE="Host"/>
</GROUP>
</GROUP>
<GROUP TYPE="Sample">
<GROUP TYPE="Patient" ID="012006215524"></GROUP><GROUP TYPE="Assays" ID=" ">
<GROUP TYPE="Assay" ID="PROTIA Allergy-Q 96M" STATE="Host"/>
</GROUP>
</GROUP>
<GROUP TYPE="Sample">
<GROUP TYPE="Patient" ID="012003634823"></GROUP><GROUP TYPE="Assays" ID=" ">
<GROUP TYPE="Assay" ID="PROTIA Allergy-Q 96M" STATE="Host"/>
</GROUP>
</GROUP>
<GROUP TYPE="Sample">
<GROUP TYPE="Patient" ID="012005702520"></GROUP><GROUP TYPE="Assays" ID=" ">
<GROUP TYPE="Assay" ID="PROTIA Allergy-Q 96M" STATE="Host"/>
</GROUP>
</GROUP>
<GROUP TYPE="Sample">
<GROUP TYPE="Patient" ID="012003636322"></GROUP><GROUP TYPE="Assays" ID=" ">
<GROUP TYPE="Assay" ID="PROTIA Allergy-Q 96M" STATE="Host"/>
</GROUP>
</GROUP>
<GROUP TYPE="Sample">
<GROUP TYPE="Patient" ID="012005731322"></GROUP><GROUP TYPE="Assays" ID=" ">
<GROUP TYPE="Assay" ID="PROTIA Allergy-Q 96M" STATE="Host"/>
</GROUP>
</GROUP>
<GROUP TYPE="Sample">
<GROUP TYPE="Patient" ID="012003952323"></GROUP><GROUP TYPE="Assays" ID=" ">
<GROUP TYPE="Assay" ID="PROTIA Allergy-Q 96M" STATE="Host"/>
</GROUP>
</GROUP>
<GROUP TYPE="Sample">
<GROUP TYPE="Patient" ID="012005752228"></GROUP><GROUP TYPE="Assays" ID=" ">
<GROUP TYPE="Assay" ID="PROTIA Allergy-Q 96M" STATE="Host"/>
</GROUP>
</GROUP>
<GROUP TYPE="Sample">
<GROUP TYPE="Patient" ID="012003861328"></GROUP><GROUP TYPE="Assays" ID=" ">
<GROUP TYPE="Assay" ID="PROTIA Allergy-Q 96M" STATE="Host"/>
</GROUP>
</GROUP>
<GROUP TYPE="Sample">
<GROUP TYPE="Patient" ID="012005716329"></GROUP><GROUP TYPE="Assays" ID=" ">
<GROUP TYPE="Assay" ID="PROTIA Allergy-Q 96M" STATE="Host"/>
</GROUP>
</GROUP>
<GROUP TYPE="Sample">
<GROUP TYPE="Patient" ID="012002534322"></GROUP><GROUP TYPE="Assays" ID=" ">
<GROUP TYPE="Assay" ID="PROTIA Allergy-Q 96M" STATE="Host"/>
</GROUP>
</GROUP>
<GROUP TYPE="Sample">
<GROUP TYPE="Patient" ID="012003963725"></GROUP><GROUP TYPE="Assays" ID=" ">
<GROUP TYPE="Assay" ID="PROTIA Allergy-Q 96M" STATE="Host"/>
</GROUP>
</GROUP>
<GROUP TYPE="Sample">
<GROUP TYPE="Patient" ID="012003918824"></GROUP><GROUP TYPE="Assays" ID=" ">
<GROUP TYPE="Assay" ID="PROTIA Allergy-Q 96M" STATE="Host"/>
</GROUP>
</GROUP>
<GROUP TYPE="Sample">
<GROUP TYPE="Patient" ID="012002533424"></GROUP><GROUP TYPE="Assays" ID=" ">
<GROUP TYPE="Assay" ID="PROTIA Allergy-Q 96M" STATE="Host"/>
</GROUP>
</GROUP>
<GROUP TYPE="Sample">
<GROUP TYPE="Patient" ID="012003705028"></GROUP><GROUP TYPE="Assays" ID=" ">
<GROUP TYPE="Assay" ID="PROTIA Allergy-Q 96M" STATE="Host"/>
</GROUP>
</GROUP>
<GROUP TYPE="Sample">
<GROUP TYPE="Patient" ID="012002572720"></GROUP><GROUP TYPE="Assays" ID=" ">
<GROUP TYPE="Assay" ID="PROTIA Allergy-Q 96M" STATE="Host"/>
</GROUP>
</GROUP>
<GROUP TYPE="Sample">
<GROUP TYPE="Patient" ID="012002572928"></GROUP><GROUP TYPE="Assays" ID=" ">
<GROUP TYPE="Assay" ID="PROTIA Allergy-Q 96M" STATE="Host"/>
</GROUP>
</GROUP>
<GROUP TYPE="Sample">
<GROUP TYPE="Patient" ID="012002501324"></GROUP><GROUP TYPE="Assays" ID=" ">
<GROUP TYPE="Assay" ID="PROTIA Allergy-Q 96M" STATE="Host"/>
</GROUP>
</GROUP>
<GROUP TYPE="Sample">
<GROUP TYPE="Patient" ID="012002500525"></GROUP><GROUP TYPE="Assays" ID=" ">
<GROUP TYPE="Assay" ID="PROTIA Allergy-Q 96M" STATE="Host"/>
</GROUP>
</GROUP>
<GROUP TYPE="Sample">
<GROUP TYPE="Patient" ID="012003948920"></GROUP><GROUP TYPE="Assays" ID=" ">
<GROUP TYPE="Assay" ID="PROTIA Allergy-Q 96M" STATE="Host"/>
</GROUP>
</GROUP>
<GROUP TYPE="Sample">
<GROUP TYPE="Patient" ID="012003918725"></GROUP><GROUP TYPE="Assays" ID=" ">
<GROUP TYPE="Assay" ID="PROTIA Allergy-Q 96M" STATE="Host"/>
</GROUP>
</GROUP>
<GROUP TYPE="Sample">
<GROUP TYPE="Patient" ID="012002572027"></GROUP><GROUP TYPE="Assays" ID=" ">
<GROUP TYPE="Assay" ID="PROTIA Allergy-Q 96M" STATE="Host"/>
</GROUP>
</GROUP>
<GROUP TYPE="Sample">
<GROUP TYPE="Patient" ID="012003934626"></GROUP><GROUP TYPE="Assays" ID=" ">
<GROUP TYPE="Assay" ID="PROTIA Allergy-Q 96M" STATE="Host"/>
</GROUP>
</GROUP>
<GROUP TYPE="Sample">
<GROUP TYPE="Patient" ID="012002572829"></GROUP><GROUP TYPE="Assays" ID=" ">
<GROUP TYPE="Assay" ID="PROTIA Allergy-Q 96M" STATE="Host"/>
</GROUP>
</GROUP>
<GROUP TYPE="Sample">
<GROUP TYPE="Patient" ID="012002571921"></GROUP><GROUP TYPE="Assays" ID=" ">
<GROUP TYPE="Assay" ID="PROTIA Allergy-Q 96M" STATE="Host"/>
</GROUP>
</GROUP>
<GROUP TYPE="Sample">
<GROUP TYPE="Patient" ID="012003948722"></GROUP><GROUP TYPE="Assays" ID=" ">
<GROUP TYPE="Assay" ID="PROTIA Allergy-Q 96M" STATE="Host"/>
</GROUP>
</GROUP>
<GROUP TYPE="Sample">
<GROUP TYPE="Patient" ID="012003646727"></GROUP><GROUP TYPE="Assays" ID=" ">
<GROUP TYPE="Assay" ID="PROTIA Allergy-Q 96M" STATE="Host"/>
</GROUP>
</GROUP>
<GROUP TYPE="Sample">
<GROUP TYPE="Patient" ID="012006111826"></GROUP><GROUP TYPE="Assays" ID=" ">
<GROUP TYPE="Assay" ID="PROTIA Allergy-Q 96M" STATE="Host"/>
</GROUP>
</GROUP>
<GROUP TYPE="Sample">
<GROUP TYPE="Patient" ID="012003847926"></GROUP><GROUP TYPE="Assays" ID=" ">
<GROUP TYPE="Assay" ID="PROTIA Allergy-Q 96M" STATE="Host"/>
</GROUP>
</GROUP>
<GROUP TYPE="Sample">
<GROUP TYPE="Patient" ID="012003858021"></GROUP><GROUP TYPE="Assays" ID=" ">
<GROUP TYPE="Assay" ID="PROTIA Allergy-Q 96M" STATE="Host"/>
</GROUP>
</GROUP>
<GROUP TYPE="Sample">
<GROUP TYPE="Patient" ID="012003825320"></GROUP><GROUP TYPE="Assays" ID=" ">
<GROUP TYPE="Assay" ID="PROTIA Allergy-Q 96M" STATE="Host"/>
</GROUP>
</GROUP>
<GROUP TYPE="Sample">
<GROUP TYPE="Patient" ID="012003825726"></GROUP><GROUP TYPE="Assays" ID=" ">
<GROUP TYPE="Assay" ID="PROTIA Allergy-Q 96M" STATE="Host"/>
</GROUP>
</GROUP>
</GROUP>