<?xml version="1.0" encoding="utf-8"?><GROUP NAME="WORKLIST" TYPE="HOST" VERSION="00.00.00.00">
<GROUP TYPE="Sample">
<GROUP TYPE="Patient" ID="010810019222"></GROUP><GROUP TYPE="Assays" ID=" ">
<GROUP TYPE="Assay" ID="PROTIA Allergy-Q 96M" STATE="Host"/>
</GROUP>
</GROUP>
<GROUP TYPE="Sample">
<GROUP TYPE="Patient" ID="010810740423"></GROUP><GROUP TYPE="Assays" ID=" ">
<GROUP TYPE="Assay" ID="PROTIA Allergy-Q 96M" STATE="Host"/>
</GROUP>
</GROUP>
<GROUP TYPE="Sample">
<GROUP TYPE="Patient" ID="010810860824"></GROUP><GROUP TYPE="Assays" ID=" ">
<GROUP TYPE="Assay" ID="PROTIA Allergy-Q 96M" STATE="Host"/>
</GROUP>
</GROUP>
<GROUP TYPE="Sample">
<GROUP TYPE="Patient" ID="010811166321"></GROUP><GROUP TYPE="Assays" ID=" ">
<GROUP TYPE="Assay" ID="PROTIA Allergy-Q 96M" STATE="Host"/>
</GROUP>
</GROUP>
<GROUP TYPE="Sample">
<GROUP TYPE="Patient" ID="010811327029"></GROUP><GROUP TYPE="Assays" ID=" ">
<GROUP TYPE="Assay" ID="PROTIA Allergy-Q 96M" STATE="Host"/>
</GROUP>
</GROUP>
<GROUP TYPE="Sample">
<GROUP TYPE="Patient" ID="010811572429"></GROUP><GROUP TYPE="Assays" ID=" ">
<GROUP TYPE="Assay" ID="PROTIA Allergy-Q 96M" STATE="Host"/>
</GROUP>
</GROUP>
<GROUP TYPE="Sample">
<GROUP TYPE="Patient" ID="010811572825"></GROUP><GROUP TYPE="Assays" ID=" ">
<GROUP TYPE="Assay" ID="PROTIA Allergy-Q 96M" STATE="Host"/>
</GROUP>
</GROUP>
<GROUP TYPE="Sample">
<GROUP TYPE="Patient" ID="010811573327"></GROUP><GROUP TYPE="Assays" ID=" ">
<GROUP TYPE="Assay" ID="PROTIA Allergy-Q 96M" STATE="Host"/>
</GROUP>
</GROUP>
<GROUP TYPE="Sample">
<GROUP TYPE="Patient" ID="010811573426"></GROUP><GROUP TYPE="Assays" ID=" ">
<GROUP TYPE="Assay" ID="PROTIA Allergy-Q 96M" STATE="Host"/>
</GROUP>
</GROUP>
<GROUP TYPE="Sample">
<GROUP TYPE="Patient" ID="010811573624"></GROUP><GROUP TYPE="Assays" ID=" ">
<GROUP TYPE="Assay" ID="PROTIA Allergy-Q 96M" STATE="Host"/>
</GROUP>
</GROUP>
<GROUP TYPE="Sample">
<GROUP TYPE="Patient" ID="010811573822"></GROUP><GROUP TYPE="Assays" ID=" ">
<GROUP TYPE="Assay" ID="PROTIA Allergy-Q 96M" STATE="Host"/>
</GROUP>
</GROUP>
<GROUP TYPE="Sample">
<GROUP TYPE="Patient" ID="010811699720"></GROUP><GROUP TYPE="Assays" ID=" ">
<GROUP TYPE="Assay" ID="PROTIA Allergy-Q 96M" STATE="Host"/>
</GROUP>
</GROUP>
<GROUP TYPE="Sample">
<GROUP TYPE="Patient" ID="010811699829"></GROUP><GROUP TYPE="Assays" ID=" ">
<GROUP TYPE="Assay" ID="PROTIA Allergy-Q 96M" STATE="Host"/>
</GROUP>
</GROUP>
<GROUP TYPE="Sample">
<GROUP TYPE="Patient" ID="010811699928"></GROUP><GROUP TYPE="Assays" ID=" ">
<GROUP TYPE="Assay" ID="PROTIA Allergy-Q 96M" STATE="Host"/>
</GROUP>
</GROUP>
<GROUP TYPE="Sample">
<GROUP TYPE="Patient" ID="010813689828"></GROUP><GROUP TYPE="Assays" ID=" ">
<GROUP TYPE="Assay" ID="PROTIA Allergy-Q 96M" STATE="Host"/>
</GROUP>
</GROUP>
<GROUP TYPE="Sample">
<GROUP TYPE="Patient" ID="010813772223"></GROUP><GROUP TYPE="Assays" ID=" ">
<GROUP TYPE="Assay" ID="PROTIA Allergy-Q 96M" STATE="Host"/>
</GROUP>
</GROUP>
<GROUP TYPE="Sample">
<GROUP TYPE="Patient" ID="010814303129"></GROUP><GROUP TYPE="Assays" ID=" ">
<GROUP TYPE="Assay" ID="PROTIA Allergy-Q 96M" STATE="Host"/>
</GROUP>
</GROUP>
<GROUP TYPE="Sample">
<GROUP TYPE="Patient" ID="010814303921"></GROUP><GROUP TYPE="Assays" ID=" ">
<GROUP TYPE="Assay" ID="PROTIA Allergy-Q 96M" STATE="Host"/>
</GROUP>
</GROUP>
<GROUP TYPE="Sample">
<GROUP TYPE="Patient" ID="010814309220"></GROUP><GROUP TYPE="Assays" ID=" ">
<GROUP TYPE="Assay" ID="PROTIA Allergy-Q 96M" STATE="Host"/>
</GROUP>
</GROUP>
<GROUP TYPE="Sample">
<GROUP TYPE="Patient" ID="010814419523"></GROUP><GROUP TYPE="Assays" ID=" ">
<GROUP TYPE="Assay" ID="PROTIA Allergy-Q 96M" STATE="Host"/>
</GROUP>
</GROUP>
<GROUP TYPE="Sample">
<GROUP TYPE="Patient" ID="010814505127"></GROUP><GROUP TYPE="Assays" ID=" ">
<GROUP TYPE="Assay" ID="PROTIA Allergy-Q 96M" STATE="Host"/>
</GROUP>
</GROUP>
<GROUP TYPE="Sample">
<GROUP TYPE="Patient" ID="010814562625"></GROUP><GROUP TYPE="Assays" ID=" ">
<GROUP TYPE="Assay" ID="PROTIA Allergy-Q 96M" STATE="Host"/>
</GROUP>
</GROUP>
<GROUP TYPE="Sample">
<GROUP TYPE="Patient" ID="010814590420"></GROUP><GROUP TYPE="Assays" ID=" ">
<GROUP TYPE="Assay" ID="PROTIA Allergy-Q 96M" STATE="Host"/>
</GROUP>
</GROUP>
<GROUP TYPE="Sample">
<GROUP TYPE="Patient" ID="010814590628"></GROUP><GROUP TYPE="Assays" ID=" ">
<GROUP TYPE="Assay" ID="PROTIA Allergy-Q 96M" STATE="Host"/>
</GROUP>
</GROUP>
<GROUP TYPE="Sample">
<GROUP TYPE="Patient" ID="010814590727"></GROUP><GROUP TYPE="Assays" ID=" ">
<GROUP TYPE="Assay" ID="PROTIA Allergy-Q 96M" STATE="Host"/>
</GROUP>
</GROUP>
<GROUP TYPE="Sample">
<GROUP TYPE="Patient" ID="010814971021"></GROUP><GROUP TYPE="Assays" ID=" ">
<GROUP TYPE="Assay" ID="PROTIA Allergy-Q 96M" STATE="Host"/>
</GROUP>
</GROUP>
<GROUP TYPE="Sample">
<GROUP TYPE="Patient" ID="010815403422"></GROUP><GROUP TYPE="Assays" ID=" ">
<GROUP TYPE="Assay" ID="PROTIA Allergy-Q 96M" STATE="Host"/>
</GROUP>
</GROUP>
<GROUP TYPE="Sample">
<GROUP TYPE="Patient" ID="010815448829"></GROUP><GROUP TYPE="Assays" ID=" ">
<GROUP TYPE="Assay" ID="PROTIA Allergy-Q 96M" STATE="Host"/>
</GROUP>
</GROUP>
<GROUP TYPE="Sample">
<GROUP TYPE="Patient" ID="010815460128"></GROUP><GROUP TYPE="Assays" ID=" ">
<GROUP TYPE="Assay" ID="PROTIA Allergy-Q 96M" STATE="Host"/>
</GROUP>
</GROUP>
<GROUP TYPE="Sample">
<GROUP TYPE="Patient" ID="010815460227"></GROUP><GROUP TYPE="Assays" ID=" ">
<GROUP TYPE="Assay" ID="PROTIA Allergy-Q 96M" STATE="Host"/>
</GROUP>
</GROUP>
<GROUP TYPE="Sample">
<GROUP TYPE="Patient" ID="010815460425"></GROUP><GROUP TYPE="Assays" ID=" ">
<GROUP TYPE="Assay" ID="PROTIA Allergy-Q 96M" STATE="Host"/>
</GROUP>
</GROUP>
<GROUP TYPE="Sample">
<GROUP TYPE="Patient" ID="010817261921"></GROUP><GROUP TYPE="Assays" ID=" ">
<GROUP TYPE="Assay" ID="PROTIA Allergy-Q 96M" STATE="Host"/>
</GROUP>
</GROUP>
<GROUP TYPE="Sample">
<GROUP TYPE="Patient" ID="010814830120"></GROUP><GROUP TYPE="Assays" ID=" ">
<GROUP TYPE="Assay" ID="PROTIA Allergy-Q 96M" STATE="Host"/>
</GROUP>
</GROUP>
<GROUP TYPE="Sample">
<GROUP TYPE="Patient" ID="010814831028"></GROUP><GROUP TYPE="Assays" ID=" ">
<GROUP TYPE="Assay" ID="PROTIA Allergy-Q 96M" STATE="Host"/>
</GROUP>
</GROUP>
<GROUP TYPE="Sample">
<GROUP TYPE="Patient" ID="010814495725"></GROUP><GROUP TYPE="Assays" ID=" ">
<GROUP TYPE="Assay" ID="PROTIA Allergy-Q 96M" STATE="Host"/>
</GROUP>
</GROUP>
<GROUP TYPE="Sample">
<GROUP TYPE="Patient" ID="010811155721"></GROUP><GROUP TYPE="Assays" ID=" ">
<GROUP TYPE="Assay" ID="PROTIA Allergy-Q 96M" STATE="Host"/>
</GROUP>
</GROUP>
<GROUP TYPE="Sample">
<GROUP TYPE="Patient" ID="010811321126"></GROUP><GROUP TYPE="Assays" ID=" ">
<GROUP TYPE="Assay" ID="PROTIA Allergy-Q 96M" STATE="Host"/>
</GROUP>
</GROUP>
<GROUP TYPE="Sample">
<GROUP TYPE="Patient" ID="010811322321"></GROUP><GROUP TYPE="Assays" ID=" ">
<GROUP TYPE="Assay" ID="PROTIA Allergy-Q 96M" STATE="Host"/>
</GROUP>
</GROUP>
<GROUP TYPE="Sample">
<GROUP TYPE="Patient" ID="010811323823"></GROUP><GROUP TYPE="Assays" ID=" ">
<GROUP TYPE="Assay" ID="PROTIA Allergy-Q 96M" STATE="Host"/>
</GROUP>
</GROUP>
<GROUP TYPE="Sample">
<GROUP TYPE="Patient" ID="010811373026"></GROUP><GROUP TYPE="Assays" ID=" ">
<GROUP TYPE="Assay" ID="PROTIA Allergy-Q 96M" STATE="Host"/>
</GROUP>
</GROUP>
<GROUP TYPE="Sample">
<GROUP TYPE="Patient" ID="010814504120"></GROUP><GROUP TYPE="Assays" ID=" ">
<GROUP TYPE="Assay" ID="PROTIA Allergy-Q 96M" STATE="Host"/>
</GROUP>
</GROUP>
<GROUP TYPE="Sample">
<GROUP TYPE="Patient" ID="010811403624"></GROUP><GROUP TYPE="Assays" ID=" ">
<GROUP TYPE="Assay" ID="PROTIA Allergy-Q 96M" STATE="Host"/>
</GROUP>
</GROUP>
<GROUP TYPE="Sample">
<GROUP TYPE="Patient" ID="010811403822"></GROUP><GROUP TYPE="Assays" ID=" ">
<GROUP TYPE="Assay" ID="PROTIA Allergy-Q 96M" STATE="Host"/>
</GROUP>
</GROUP>
<GROUP TYPE="Sample">
<GROUP TYPE="Patient" ID="010810545523"></GROUP><GROUP TYPE="Assays" ID=" ">
<GROUP TYPE="Assay" ID="PROTIA Allergy-Q 96M" STATE="Host"/>
</GROUP>
</GROUP>
<GROUP TYPE="Sample">
<GROUP TYPE="Patient" ID="010810545424"></GROUP><GROUP TYPE="Assays" ID=" ">
<GROUP TYPE="Assay" ID="PROTIA Allergy-Q 96M" STATE="Host"/>
</GROUP>
</GROUP>
<GROUP TYPE="Sample">
<GROUP TYPE="Patient" ID="010810545325"></GROUP><GROUP TYPE="Assays" ID=" ">
<GROUP TYPE="Assay" ID="PROTIA Allergy-Q 96M" STATE="Host"/>
</GROUP>
</GROUP>
<GROUP TYPE="Sample">
<GROUP TYPE="Patient" ID="010810740522"></GROUP><GROUP TYPE="Assays" ID=" ">
<GROUP TYPE="Assay" ID="PROTIA Allergy-Q 96M" STATE="Host"/>
</GROUP>
</GROUP>
<GROUP TYPE="Sample">
<GROUP TYPE="Patient" ID="010814496029"></GROUP><GROUP TYPE="Assays" ID=" ">
<GROUP TYPE="Assay" ID="PROTIA Allergy-Q 96M" STATE="Host"/>
</GROUP>
</GROUP>
<GROUP TYPE="Sample">
<GROUP TYPE="Patient" ID="010811403921"></GROUP><GROUP TYPE="Assays" ID=" ">
<GROUP TYPE="Assay" ID="PROTIA Allergy-Q 96M" STATE="Host"/>
</GROUP>
</GROUP>
<GROUP TYPE="Sample">
<GROUP TYPE="Patient" ID="010811373125"></GROUP><GROUP TYPE="Assays" ID=" ">
<GROUP TYPE="Assay" ID="PROTIA Allergy-Q 96M" STATE="Host"/>
</GROUP>
</GROUP>
<GROUP TYPE="Sample">
<GROUP TYPE="Patient" ID="010814505226"></GROUP><GROUP TYPE="Assays" ID=" ">
<GROUP TYPE="Assay" ID="PROTIA Allergy-Q 96M" STATE="Host"/>
</GROUP>
</GROUP>
<GROUP TYPE="Sample">
<GROUP TYPE="Patient" ID="010811321027"></GROUP><GROUP TYPE="Assays" ID=" ">
<GROUP TYPE="Assay" ID="PROTIA Allergy-Q 96M" STATE="Host"/>
</GROUP>
</GROUP>
<GROUP TYPE="Sample">
<GROUP TYPE="Patient" ID="010810260327"></GROUP><GROUP TYPE="Assays" ID=" ">
<GROUP TYPE="Assay" ID="PROTIA Allergy-Q 96M" STATE="Host"/>
</GROUP>
</GROUP>
<GROUP TYPE="Sample">
<GROUP TYPE="Patient" ID="010810259826"></GROUP><GROUP TYPE="Assays" ID=" ">
<GROUP TYPE="Assay" ID="PROTIA Allergy-Q 96M" STATE="Host"/>
</GROUP>
</GROUP>
<GROUP TYPE="Sample">
<GROUP TYPE="Patient" ID="010810259321"></GROUP><GROUP TYPE="Assays" ID=" ">
<GROUP TYPE="Assay" ID="PROTIA Allergy-Q 96M" STATE="Host"/>
</GROUP>
</GROUP>
<GROUP TYPE="Sample">
<GROUP TYPE="Patient" ID="010810262420"></GROUP><GROUP TYPE="Assays" ID=" ">
<GROUP TYPE="Assay" ID="PROTIA Allergy-Q 96M" STATE="Host"/>
</GROUP>
</GROUP>
<GROUP TYPE="Sample">
<GROUP TYPE="Patient" ID="010810259529"></GROUP><GROUP TYPE="Assays" ID=" ">
<GROUP TYPE="Assay" ID="PROTIA Allergy-Q 96M" STATE="Host"/>
</GROUP>
</GROUP>
<GROUP TYPE="Sample">
<GROUP TYPE="Patient" ID="010810261928"></GROUP><GROUP TYPE="Assays" ID=" ">
<GROUP TYPE="Assay" ID="PROTIA Allergy-Q 96M" STATE="Host"/>
</GROUP>
</GROUP>
<GROUP TYPE="Sample">
<GROUP TYPE="Patient" ID="010810259123"></GROUP><GROUP TYPE="Assays" ID=" ">
<GROUP TYPE="Assay" ID="PROTIA Allergy-Q 96M" STATE="Host"/>
</GROUP>
</GROUP>
<GROUP TYPE="Sample">
<GROUP TYPE="Patient" ID="010810260921"></GROUP><GROUP TYPE="Assays" ID=" ">
<GROUP TYPE="Assay" ID="PROTIA Allergy-Q 96M" STATE="Host"/>
</GROUP>
</GROUP>
<GROUP TYPE="Sample">
<GROUP TYPE="Patient" ID="010810259222"></GROUP><GROUP TYPE="Assays" ID=" ">
<GROUP TYPE="Assay" ID="PROTIA Allergy-Q 96M" STATE="Host"/>
</GROUP>
</GROUP>
<GROUP TYPE="Sample">
<GROUP TYPE="Patient" ID="010810262321"></GROUP><GROUP TYPE="Assays" ID=" ">
<GROUP TYPE="Assay" ID="PROTIA Allergy-Q 96M" STATE="Host"/>
</GROUP>
</GROUP>
<GROUP TYPE="Sample">
<GROUP TYPE="Patient" ID="010810259420"></GROUP><GROUP TYPE="Assays" ID=" ">
<GROUP TYPE="Assay" ID="PROTIA Allergy-Q 96M" STATE="Host"/>
</GROUP>
</GROUP>
<GROUP TYPE="Sample">
<GROUP TYPE="Patient" ID="010810260228"></GROUP><GROUP TYPE="Assays" ID=" ">
<GROUP TYPE="Assay" ID="PROTIA Allergy-Q 96M" STATE="Host"/>
</GROUP>
</GROUP>
<GROUP TYPE="Sample">
<GROUP TYPE="Patient" ID="010810261423"></GROUP><GROUP TYPE="Assays" ID=" ">
<GROUP TYPE="Assay" ID="PROTIA Allergy-Q 96M" STATE="Host"/>
</GROUP>
</GROUP>
<GROUP TYPE="Sample">
<GROUP TYPE="Patient" ID="010814308520"></GROUP><GROUP TYPE="Assays" ID=" ">
<GROUP TYPE="Assay" ID="PROTIA Allergy-Q 96M" STATE="Host"/>
</GROUP>
</GROUP>
<GROUP TYPE="Sample">
<GROUP TYPE="Patient" ID="010814309329"></GROUP><GROUP TYPE="Assays" ID=" ">
<GROUP TYPE="Assay" ID="PROTIA Allergy-Q 96M" STATE="Host"/>
</GROUP>
</GROUP>
<GROUP TYPE="Sample">
<GROUP TYPE="Patient" ID="010814308025"></GROUP><GROUP TYPE="Assays" ID=" ">
<GROUP TYPE="Assay" ID="PROTIA Allergy-Q 96M" STATE="Host"/>
</GROUP>
</GROUP>
<GROUP TYPE="Sample">
<GROUP TYPE="Patient" ID="010814309121"></GROUP><GROUP TYPE="Assays" ID=" ">
<GROUP TYPE="Assay" ID="PROTIA Allergy-Q 96M" STATE="Host"/>
</GROUP>
</GROUP>
<GROUP TYPE="Sample">
<GROUP TYPE="Patient" ID="010814308124"></GROUP><GROUP TYPE="Assays" ID=" ">
<GROUP TYPE="Assay" ID="PROTIA Allergy-Q 96M" STATE="Host"/>
</GROUP>
</GROUP>
<GROUP TYPE="Sample">
<GROUP TYPE="Patient" ID="010814309527"></GROUP><GROUP TYPE="Assays" ID=" ">
<GROUP TYPE="Assay" ID="PROTIA Allergy-Q 96M" STATE="Host"/>
</GROUP>
</GROUP>
<GROUP TYPE="Sample">
<GROUP TYPE="Patient" ID="010814310127"></GROUP><GROUP TYPE="Assays" ID=" ">
<GROUP TYPE="Assay" ID="PROTIA Allergy-Q 96M" STATE="Host"/>
</GROUP>
</GROUP>
<GROUP TYPE="Sample">
<GROUP TYPE="Patient" ID="010810883427"></GROUP><GROUP TYPE="Assays" ID=" ">
<GROUP TYPE="Assay" ID="PROTIA Allergy-Q 96M" STATE="Host"/>
</GROUP>
</GROUP>
<GROUP TYPE="Sample">
<GROUP TYPE="Patient" ID="010810882529"></GROUP><GROUP TYPE="Assays" ID=" ">
<GROUP TYPE="Assay" ID="PROTIA Allergy-Q 96M" STATE="Host"/>
</GROUP>
</GROUP>
<GROUP TYPE="Sample">
<GROUP TYPE="Patient" ID="010817250321"></GROUP><GROUP TYPE="Assays" ID=" ">
<GROUP TYPE="Assay" ID="PROTIA Allergy-Q 96M" STATE="Host"/>
</GROUP>
</GROUP>
<GROUP TYPE="Sample">
<GROUP TYPE="Patient" ID="010817251021"></GROUP><GROUP TYPE="Assays" ID=" ">
<GROUP TYPE="Assay" ID="PROTIA Allergy-Q 96M" STATE="Host"/>
</GROUP>
</GROUP>
<GROUP TYPE="Sample">
<GROUP TYPE="Patient" ID="010817250925"></GROUP><GROUP TYPE="Assays" ID=" ">
<GROUP TYPE="Assay" ID="PROTIA Allergy-Q 96M" STATE="Host"/>
</GROUP>
</GROUP>
<GROUP TYPE="Sample">
<GROUP TYPE="Patient" ID="010815436024"></GROUP><GROUP TYPE="Assays" ID=" ">
<GROUP TYPE="Assay" ID="PROTIA Allergy-Q 96M" STATE="Host"/>
</GROUP>
</GROUP>
<GROUP TYPE="Sample">
<GROUP TYPE="Patient" ID="010815609329"></GROUP><GROUP TYPE="Assays" ID=" ">
<GROUP TYPE="Assay" ID="PROTIA Allergy-Q 96M" STATE="Host"/>
</GROUP>
</GROUP>
<GROUP TYPE="Sample">
<GROUP TYPE="Patient" ID="010815414626"></GROUP><GROUP TYPE="Assays" ID=" ">
<GROUP TYPE="Assay" ID="PROTIA Allergy-Q 96M" STATE="Host"/>
</GROUP>
</GROUP>
<GROUP TYPE="Sample">
<GROUP TYPE="Patient" ID="010817291928"></GROUP><GROUP TYPE="Assays" ID=" ">
<GROUP TYPE="Assay" ID="PROTIA Allergy-Q 96M" STATE="Host"/>
</GROUP>
</GROUP>
<GROUP TYPE="Sample">
<GROUP TYPE="Patient" ID="010814936426"></GROUP><GROUP TYPE="Assays" ID=" ">
<GROUP TYPE="Assay" ID="PROTIA Allergy-Q 96M" STATE="Host"/>
</GROUP>
</GROUP>
<GROUP TYPE="Sample">
<GROUP TYPE="Patient" ID="010814936228"></GROUP><GROUP TYPE="Assays" ID=" ">
<GROUP TYPE="Assay" ID="PROTIA Allergy-Q 96M" STATE="Host"/>
</GROUP>
</GROUP>
<GROUP TYPE="Sample">
<GROUP TYPE="Patient" ID="010814923228"></GROUP><GROUP TYPE="Assays" ID=" ">
<GROUP TYPE="Assay" ID="PROTIA Allergy-Q 96M" STATE="Host"/>
</GROUP>
</GROUP>
<GROUP TYPE="Sample">
<GROUP TYPE="Patient" ID="010810809724"></GROUP><GROUP TYPE="Assays" ID=" ">
<GROUP TYPE="Assay" ID="PROTIA Allergy-Q 96M" STATE="Host"/>
</GROUP>
</GROUP>
<GROUP TYPE="Sample">
<GROUP TYPE="Patient" ID="010810808222"></GROUP><GROUP TYPE="Assays" ID=" ">
<GROUP TYPE="Assay" ID="PROTIA Allergy-Q 96M" STATE="Host"/>
</GROUP>
</GROUP>
<GROUP TYPE="Sample">
<GROUP TYPE="Patient" ID="010810250021"></GROUP><GROUP TYPE="Assays" ID=" ">
<GROUP TYPE="Assay" ID="PROTIA Allergy-Q 96M" STATE="Host"/>
</GROUP>
</GROUP>
<GROUP TYPE="Sample">
<GROUP TYPE="Patient" ID="010810211527"></GROUP><GROUP TYPE="Assays" ID=" ">
<GROUP TYPE="Assay" ID="PROTIA Allergy-Q 96M" STATE="Host"/>
</GROUP>
</GROUP>
<GROUP TYPE="Sample">
<GROUP TYPE="Patient" ID="010816856722"></GROUP><GROUP TYPE="Assays" ID=" ">
<GROUP TYPE="Assay" ID="PROTIA Allergy-Q 96M" STATE="Host"/>
</GROUP>
</GROUP>
<GROUP TYPE="Sample">
<GROUP TYPE="Patient" ID="010814880224"></GROUP><GROUP TYPE="Assays" ID=" ">
<GROUP TYPE="Assay" ID="PROTIA Allergy-Q 96M" STATE="Host"/>
</GROUP>
</GROUP>
<GROUP TYPE="Sample">
<GROUP TYPE="Patient" ID="010814311322"></GROUP><GROUP TYPE="Assays" ID=" ">
<GROUP TYPE="Assay" ID="PROTIA Allergy-Q 96M" STATE="Host"/>
</GROUP>
</GROUP>
<GROUP TYPE="Sample">
<GROUP TYPE="Patient" ID="010810211428"></GROUP><GROUP TYPE="Assays" ID=" ">
<GROUP TYPE="Assay" ID="PROTIA Allergy-Q 96M" STATE="Host"/>
</GROUP>
</GROUP>
<GROUP TYPE="Sample">
<GROUP TYPE="Patient" ID="010817291829"></GROUP><GROUP TYPE="Assays" ID=" ">
<GROUP TYPE="Assay" ID="PROTIA Allergy-Q 96M" STATE="Host"/>
</GROUP>
</GROUP>
<GROUP TYPE="Sample">
<GROUP TYPE="Patient" ID="010810211626"></GROUP><GROUP TYPE="Assays" ID=" ">
<GROUP TYPE="Assay" ID="PROTIA Allergy-Q 96M" STATE="Host"/>
</GROUP>
</GROUP>
<GROUP TYPE="Sample">
<GROUP TYPE="Patient" ID="010814936327"></GROUP><GROUP TYPE="Assays" ID=" ">
<GROUP TYPE="Assay" ID="PROTIA Allergy-Q 96M" STATE="Host"/>
</GROUP>
</GROUP>
<GROUP TYPE="Sample">
<GROUP TYPE="Patient" ID="010810253428"></GROUP><GROUP TYPE="Assays" ID=" ">
<GROUP TYPE="Assay" ID="PROTIA Allergy-Q 96M" STATE="Host"/>
</GROUP>
</GROUP>
<GROUP TYPE="Sample">
<GROUP TYPE="Patient" ID="010810260723"></GROUP><GROUP TYPE="Assays" ID=" ">
<GROUP TYPE="Assay" ID="PROTIA Allergy-Q 96M" STATE="Host"/>
</GROUP>
</GROUP>
<GROUP TYPE="Sample">
<GROUP TYPE="Patient" ID="010810250922"></GROUP><GROUP TYPE="Assays" ID=" ">
<GROUP TYPE="Assay" ID="PROTIA Allergy-Q 96M" STATE="Host"/>
</GROUP>
</GROUP>
<GROUP TYPE="Sample">
<GROUP TYPE="Patient" ID="010810261621"></GROUP><GROUP TYPE="Assays" ID=" ">
<GROUP TYPE="Assay" ID="PROTIA Allergy-Q 96M" STATE="Host"/>
</GROUP>
</GROUP>
<GROUP TYPE="Sample">
<GROUP TYPE="Patient" ID="010811426920"></GROUP><GROUP TYPE="Assays" ID=" ">
<GROUP TYPE="Assay" ID="PROTIA Allergy-Q 96M" STATE="Host"/>
</GROUP>
</GROUP>
<GROUP TYPE="Sample">
<GROUP TYPE="Patient" ID="010811426128"></GROUP><GROUP TYPE="Assays" ID=" ">
<GROUP TYPE="Assay" ID="PROTIA Allergy-Q 96M" STATE="Host"/>
</GROUP>
</GROUP>
<GROUP TYPE="Sample">
<GROUP TYPE="Patient" ID="010811426821"></GROUP><GROUP TYPE="Assays" ID=" ">
<GROUP TYPE="Assay" ID="PROTIA Allergy-Q 96M" STATE="Host"/>
</GROUP>
</GROUP>
<GROUP TYPE="Sample">
<GROUP TYPE="Patient" ID="010816828927"></GROUP><GROUP TYPE="Assays" ID=" ">
<GROUP TYPE="Assay" ID="PROTIA Allergy-Q 96M" STATE="Host"/>
</GROUP>
</GROUP>
<GROUP TYPE="Sample">
<GROUP TYPE="Patient" ID="010810813622"></GROUP><GROUP TYPE="Assays" ID=" ">
<GROUP TYPE="Assay" ID="PROTIA Allergy-Q 96M" STATE="Host"/>
</GROUP>
</GROUP>
<GROUP TYPE="Sample">
<GROUP TYPE="Patient" ID="010810811628"></GROUP><GROUP TYPE="Assays" ID=" ">
<GROUP TYPE="Assay" ID="PROTIA Allergy-Q 96M" STATE="Host"/>
</GROUP>
</GROUP>
<GROUP TYPE="Sample">
<GROUP TYPE="Patient" ID="010816800824"></GROUP><GROUP TYPE="Assays" ID=" ">
<GROUP TYPE="Assay" ID="PROTIA Allergy-Q 96M" STATE="Host"/>
</GROUP>
</GROUP>
<GROUP TYPE="Sample">
<GROUP TYPE="Patient" ID="010810814322"></GROUP><GROUP TYPE="Assays" ID=" ">
<GROUP TYPE="Assay" ID="PROTIA Allergy-Q 96M" STATE="Host"/>
</GROUP>
</GROUP>
<GROUP TYPE="Sample">
<GROUP TYPE="Patient" ID="010810814421"></GROUP><GROUP TYPE="Assays" ID=" ">
<GROUP TYPE="Assay" ID="PROTIA Allergy-Q 96M" STATE="Host"/>
</GROUP>
</GROUP>
<GROUP TYPE="Sample">
<GROUP TYPE="Patient" ID="010810828428"></GROUP><GROUP TYPE="Assays" ID=" ">
<GROUP TYPE="Assay" ID="PROTIA Allergy-Q 96M" STATE="Host"/>
</GROUP>
</GROUP>
<GROUP TYPE="Sample">
<GROUP TYPE="Patient" ID="010811194324"></GROUP><GROUP TYPE="Assays" ID=" ">
<GROUP TYPE="Assay" ID="PROTIA Allergy-Q 96M" STATE="Host"/>
</GROUP>
</GROUP>
<GROUP TYPE="Sample">
<GROUP TYPE="Patient" ID="010810472928"></GROUP><GROUP TYPE="Assays" ID=" ">
<GROUP TYPE="Assay" ID="PROTIA Allergy-Q 96M" STATE="Host"/>
</GROUP>
</GROUP>
<GROUP TYPE="Sample">
<GROUP TYPE="Patient" ID="010816315120"></GROUP><GROUP TYPE="Assays" ID=" ">
<GROUP TYPE="Assay" ID="PROTIA Allergy-Q 96M" STATE="Host"/>
</GROUP>
</GROUP>
<GROUP TYPE="Sample">
<GROUP TYPE="Patient" ID="010815400520"></GROUP><GROUP TYPE="Assays" ID=" ">
<GROUP TYPE="Assay" ID="PROTIA Allergy-Q 96M" STATE="Host"/>
</GROUP>
</GROUP>
<GROUP TYPE="Sample">
<GROUP TYPE="Patient" ID="010816819222"></GROUP><GROUP TYPE="Assays" ID=" ">
<GROUP TYPE="Assay" ID="PROTIA Allergy-Q 96M" STATE="Host"/>
</GROUP>
</GROUP>
<GROUP TYPE="Sample">
<GROUP TYPE="Patient" ID="010816819123"></GROUP><GROUP TYPE="Assays" ID=" ">
<GROUP TYPE="Assay" ID="PROTIA Allergy-Q 96M" STATE="Host"/>
</GROUP>
</GROUP>
<GROUP TYPE="Sample">
<GROUP TYPE="Patient" ID="010816856623"></GROUP><GROUP TYPE="Assays" ID=" ">
<GROUP TYPE="Assay" ID="PROTIA Allergy-Q 96M" STATE="Host"/>
</GROUP>
</GROUP>
<GROUP TYPE="Sample">
<GROUP TYPE="Patient" ID="010814936020"></GROUP><GROUP TYPE="Assays" ID=" ">
<GROUP TYPE="Assay" ID="PROTIA Allergy-Q 96M" STATE="Host"/>
</GROUP>
</GROUP>
<GROUP TYPE="Sample">
<GROUP TYPE="Patient" ID="010814931322"></GROUP><GROUP TYPE="Assays" ID=" ">
<GROUP TYPE="Assay" ID="PROTIA Allergy-Q 96M" STATE="Host"/>
</GROUP>
</GROUP>
<GROUP TYPE="Sample">
<GROUP TYPE="Patient" ID="010814935924"></GROUP><GROUP TYPE="Assays" ID=" ">
<GROUP TYPE="Assay" ID="PROTIA Allergy-Q 96M" STATE="Host"/>
</GROUP>
</GROUP>
<GROUP TYPE="Sample">
<GROUP TYPE="Patient" ID="010810261720"></GROUP><GROUP TYPE="Assays" ID=" ">
<GROUP TYPE="Assay" ID="PROTIA Allergy-Q 96M" STATE="Host"/>
</GROUP>
</GROUP>
<GROUP TYPE="Sample">
<GROUP TYPE="Patient" ID="010811426524"></GROUP><GROUP TYPE="Assays" ID=" ">
<GROUP TYPE="Assay" ID="PROTIA Allergy-Q 96M" STATE="Host"/>
</GROUP>
</GROUP>
<GROUP TYPE="Sample">
<GROUP TYPE="Patient" ID="010811426722"></GROUP><GROUP TYPE="Assays" ID=" ">
<GROUP TYPE="Assay" ID="PROTIA Allergy-Q 96M" STATE="Host"/>
</GROUP>
</GROUP>
<GROUP TYPE="Sample">
<GROUP TYPE="Patient" ID="010811426425"></GROUP><GROUP TYPE="Assays" ID=" ">
<GROUP TYPE="Assay" ID="PROTIA Allergy-Q 96M" STATE="Host"/>
</GROUP>
</GROUP>
<GROUP TYPE="Sample">
<GROUP TYPE="Patient" ID="010810808123"></GROUP><GROUP TYPE="Assays" ID=" ">
<GROUP TYPE="Assay" ID="PROTIA Allergy-Q 96M" STATE="Host"/>
</GROUP>
</GROUP>
<GROUP TYPE="Sample">
<GROUP TYPE="Patient" ID="010811168325"></GROUP><GROUP TYPE="Assays" ID=" ">
<GROUP TYPE="Assay" ID="PROTIA Allergy-Q 96M" STATE="Host"/>
</GROUP>
</GROUP>
<GROUP TYPE="Sample">
<GROUP TYPE="Patient" ID="010811426623"></GROUP><GROUP TYPE="Assays" ID=" ">
<GROUP TYPE="Assay" ID="PROTIA Allergy-Q 96M" STATE="Host"/>
</GROUP>
</GROUP>
<GROUP TYPE="Sample">
<GROUP TYPE="Patient" ID="010811212424"></GROUP><GROUP TYPE="Assays" ID=" ">
<GROUP TYPE="Assay" ID="PROTIA Allergy-Q 96M" STATE="Host"/>
</GROUP>
</GROUP>
<GROUP TYPE="Sample">
<GROUP TYPE="Patient" ID="010811426326"></GROUP><GROUP TYPE="Assays" ID=" ">
<GROUP TYPE="Assay" ID="PROTIA Allergy-Q 96M" STATE="Host"/>
</GROUP>
</GROUP>
<GROUP TYPE="Sample">
<GROUP TYPE="Patient" ID="010810993324"></GROUP><GROUP TYPE="Assays" ID=" ">
<GROUP TYPE="Assay" ID="PROTIA Allergy-Q 96M" STATE="Host"/>
</GROUP>
</GROUP>
<GROUP TYPE="Sample">
<GROUP TYPE="Patient" ID="010816871428"></GROUP><GROUP TYPE="Assays" ID=" ">
<GROUP TYPE="Assay" ID="PROTIA Allergy-Q 96M" STATE="Host"/>
</GROUP>
</GROUP>
<GROUP TYPE="Sample">
<GROUP TYPE="Patient" ID="010810804125"></GROUP><GROUP TYPE="Assays" ID=" ">
<GROUP TYPE="Assay" ID="PROTIA Allergy-Q 96M" STATE="Host"/>
</GROUP>
</GROUP>
<GROUP TYPE="Sample">
<GROUP TYPE="Patient" ID="010811212721"></GROUP><GROUP TYPE="Assays" ID=" ">
<GROUP TYPE="Assay" ID="PROTIA Allergy-Q 96M" STATE="Host"/>
</GROUP>
</GROUP>
<GROUP TYPE="Sample">
<GROUP TYPE="Patient" ID="010811212622"></GROUP><GROUP TYPE="Assays" ID=" ">
<GROUP TYPE="Assay" ID="PROTIA Allergy-Q 96M" STATE="Host"/>
</GROUP>
</GROUP>
<GROUP TYPE="Sample">
<GROUP TYPE="Patient" ID="010814048624"></GROUP><GROUP TYPE="Assays" ID=" ">
<GROUP TYPE="Assay" ID="PROTIA Allergy-Q 96M" STATE="Host"/>
</GROUP>
</GROUP>
<GROUP TYPE="Sample">
<GROUP TYPE="Patient" ID="010811220122"></GROUP><GROUP TYPE="Assays" ID=" ">
<GROUP TYPE="Assay" ID="PROTIA Allergy-Q 96M" STATE="Host"/>
</GROUP>
</GROUP>
<GROUP TYPE="Sample">
<GROUP TYPE="Patient" ID="010811200827"></GROUP><GROUP TYPE="Assays" ID=" ">
<GROUP TYPE="Assay" ID="PROTIA Allergy-Q 96M" STATE="Host"/>
</GROUP>
</GROUP>
<GROUP TYPE="Sample">
<GROUP TYPE="Patient" ID="010811200728"></GROUP><GROUP TYPE="Assays" ID=" ">
<GROUP TYPE="Assay" ID="PROTIA Allergy-Q 96M" STATE="Host"/>
</GROUP>
</GROUP>
<GROUP TYPE="Sample">
<GROUP TYPE="Patient" ID="010814115227"></GROUP><GROUP TYPE="Assays" ID=" ">
<GROUP TYPE="Assay" ID="PROTIA Allergy-Q 96M" STATE="Host"/>
</GROUP>
</GROUP>
<GROUP TYPE="Sample">
<GROUP TYPE="Patient" ID="010811092927"></GROUP><GROUP TYPE="Assays" ID=" ">
<GROUP TYPE="Assay" ID="PROTIA Allergy-Q 96M" STATE="Host"/>
</GROUP>
</GROUP>
<GROUP TYPE="Sample">
<GROUP TYPE="Patient" ID="010811092729"></GROUP><GROUP TYPE="Assays" ID=" ">
<GROUP TYPE="Assay" ID="PROTIA Allergy-Q 96M" STATE="Host"/>
</GROUP>
</GROUP>
<GROUP TYPE="Sample">
<GROUP TYPE="Patient" ID="010811091524"></GROUP><GROUP TYPE="Assays" ID=" ">
<GROUP TYPE="Assay" ID="PROTIA Allergy-Q 96M" STATE="Host"/>
</GROUP>
</GROUP>
<GROUP TYPE="Sample">
<GROUP TYPE="Patient" ID="010811009222"></GROUP><GROUP TYPE="Assays" ID=" ">
<GROUP TYPE="Assay" ID="PROTIA Allergy-Q 96M" STATE="Host"/>
</GROUP>
</GROUP>
<GROUP TYPE="Sample">
<GROUP TYPE="Patient" ID="010811580820"></GROUP><GROUP TYPE="Assays" ID=" ">
<GROUP TYPE="Assay" ID="PROTIA Allergy-Q 96M" STATE="Host"/>
</GROUP>
</GROUP>
<GROUP TYPE="Sample">
<GROUP TYPE="Patient" ID="010816344328"></GROUP><GROUP TYPE="Assays" ID=" ">
<GROUP TYPE="Assay" ID="PROTIA Allergy-Q 96M" STATE="Host"/>
</GROUP>
</GROUP>
<GROUP TYPE="Sample">
<GROUP TYPE="Patient" ID="010814003128"></GROUP><GROUP TYPE="Assays" ID=" ">
<GROUP TYPE="Assay" ID="PROTIA Allergy-Q 96M" STATE="Host"/>
</GROUP>
</GROUP>
<GROUP TYPE="Sample">
<GROUP TYPE="Patient" ID="010811218129"></GROUP><GROUP TYPE="Assays" ID=" ">
<GROUP TYPE="Assay" ID="PROTIA Allergy-Q 96M" STATE="Host"/>
</GROUP>
</GROUP>
<GROUP TYPE="Sample">
<GROUP TYPE="Patient" ID="010810814629"></GROUP><GROUP TYPE="Assays" ID=" ">
<GROUP TYPE="Assay" ID="PROTIA Allergy-Q 96M" STATE="Host"/>
</GROUP>
</GROUP>
<GROUP TYPE="Sample">
<GROUP TYPE="Patient" ID="010810828329"></GROUP><GROUP TYPE="Assays" ID=" ">
<GROUP TYPE="Assay" ID="PROTIA Allergy-Q 96M" STATE="Host"/>
</GROUP>
</GROUP>
<GROUP TYPE="Sample">
<GROUP TYPE="Patient" ID="010814114329"></GROUP><GROUP TYPE="Assays" ID=" ">
<GROUP TYPE="Assay" ID="PROTIA Allergy-Q 96M" STATE="Host"/>
</GROUP>
</GROUP>
<GROUP TYPE="Sample">
<GROUP TYPE="Patient" ID="010815400421"></GROUP><GROUP TYPE="Assays" ID=" ">
<GROUP TYPE="Assay" ID="PROTIA Allergy-Q 96M" STATE="Host"/>
</GROUP>
</GROUP>
<GROUP TYPE="Sample">
<GROUP TYPE="Patient" ID="010815400322"></GROUP><GROUP TYPE="Assays" ID=" ">
<GROUP TYPE="Assay" ID="PROTIA Allergy-Q 96M" STATE="Host"/>
</GROUP>
</GROUP>
<GROUP TYPE="Sample">
<GROUP TYPE="Patient" ID="010811092828"></GROUP><GROUP TYPE="Assays" ID=" ">
<GROUP TYPE="Assay" ID="PROTIA Allergy-Q 96M" STATE="Host"/>
</GROUP>
</GROUP>
<GROUP TYPE="Sample">
<GROUP TYPE="Patient" ID="010811482322"></GROUP><GROUP TYPE="Assays" ID=" ">
<GROUP TYPE="Assay" ID="PROTIA Allergy-Q 96M" STATE="Host"/>
</GROUP>
</GROUP>
<GROUP TYPE="Sample">
<GROUP TYPE="Patient" ID="010816706720"></GROUP><GROUP TYPE="Assays" ID=" ">
<GROUP TYPE="Assay" ID="PROTIA Allergy-Q 96M" STATE="Host"/>
</GROUP>
</GROUP>
<GROUP TYPE="Sample">
<GROUP TYPE="Patient" ID="010816706423"></GROUP><GROUP TYPE="Assays" ID=" ">
<GROUP TYPE="Assay" ID="PROTIA Allergy-Q 96M" STATE="Host"/>
</GROUP>
</GROUP>
<GROUP TYPE="Sample">
<GROUP TYPE="Patient" ID="010816706027"></GROUP><GROUP TYPE="Assays" ID=" ">
<GROUP TYPE="Assay" ID="PROTIA Allergy-Q 96M" STATE="Host"/>
</GROUP>
</GROUP>
<GROUP TYPE="Sample">
<GROUP TYPE="Patient" ID="010816706126"></GROUP><GROUP TYPE="Assays" ID=" ">
<GROUP TYPE="Assay" ID="PROTIA Allergy-Q 96M" STATE="Host"/>
</GROUP>
</GROUP>
<GROUP TYPE="Sample">
<GROUP TYPE="Patient" ID="010816706225"></GROUP><GROUP TYPE="Assays" ID=" ">
<GROUP TYPE="Assay" ID="PROTIA Allergy-Q 96M" STATE="Host"/>
</GROUP>
</GROUP>
<GROUP TYPE="Sample">
<GROUP TYPE="Patient" ID="010814031824"></GROUP><GROUP TYPE="Assays" ID=" ">
<GROUP TYPE="Assay" ID="PROTIA Allergy-Q 96M" STATE="Host"/>
</GROUP>
</GROUP>
<GROUP TYPE="Sample">
<GROUP TYPE="Patient" ID="010814031725"></GROUP><GROUP TYPE="Assays" ID=" ">
<GROUP TYPE="Assay" ID="PROTIA Allergy-Q 96M" STATE="Host"/>
</GROUP>
</GROUP>
<GROUP TYPE="Sample">
<GROUP TYPE="Patient" ID="010816875822"></GROUP><GROUP TYPE="Assays" ID=" ">
<GROUP TYPE="Assay" ID="PROTIA Allergy-Q 96M" STATE="Host"/>
</GROUP>
</GROUP>
<GROUP TYPE="Sample">
<GROUP TYPE="Patient" ID="010811212820"></GROUP><GROUP TYPE="Assays" ID=" ">
<GROUP TYPE="Assay" ID="PROTIA Allergy-Q 96M" STATE="Host"/>
</GROUP>
</GROUP>
<GROUP TYPE="Sample">
<GROUP TYPE="Patient" ID="010810812526"></GROUP><GROUP TYPE="Assays" ID=" ">
<GROUP TYPE="Assay" ID="PROTIA Allergy-Q 96M" STATE="Host"/>
</GROUP>
</GROUP>
<GROUP TYPE="Sample">
<GROUP TYPE="Patient" ID="010810804224"></GROUP><GROUP TYPE="Assays" ID=" ">
<GROUP TYPE="Assay" ID="PROTIA Allergy-Q 96M" STATE="Host"/>
</GROUP>
</GROUP>
<GROUP TYPE="Sample">
<GROUP TYPE="Patient" ID="010810811727"></GROUP><GROUP TYPE="Assays" ID=" ">
<GROUP TYPE="Assay" ID="PROTIA Allergy-Q 96M" STATE="Host"/>
</GROUP>
</GROUP>
<GROUP TYPE="Sample">
<GROUP TYPE="Patient" ID="010810804521"></GROUP><GROUP TYPE="Assays" ID=" ">
<GROUP TYPE="Assay" ID="PROTIA Allergy-Q 96M" STATE="Host"/>
</GROUP>
</GROUP>
<GROUP TYPE="Sample">
<GROUP TYPE="Patient" ID="010810804323"></GROUP><GROUP TYPE="Assays" ID=" ">
<GROUP TYPE="Assay" ID="PROTIA Allergy-Q 96M" STATE="Host"/>
</GROUP>
</GROUP>
<GROUP TYPE="Sample">
<GROUP TYPE="Patient" ID="010811426227"></GROUP><GROUP TYPE="Assays" ID=" ">
<GROUP TYPE="Assay" ID="PROTIA Allergy-Q 96M" STATE="Host"/>
</GROUP>
</GROUP>
<GROUP TYPE="Sample">
<GROUP TYPE="Patient" ID="010811266120"></GROUP><GROUP TYPE="Assays" ID=" ">
<GROUP TYPE="Assay" ID="PROTIA Allergy-Q 96M" STATE="Host"/>
</GROUP>
</GROUP>
<GROUP TYPE="Sample">
<GROUP TYPE="Patient" ID="010810814520"></GROUP><GROUP TYPE="Assays" ID=" ">
<GROUP TYPE="Assay" ID="PROTIA Allergy-Q 96M" STATE="Host"/>
</GROUP>
</GROUP>
<GROUP TYPE="Sample">
<GROUP TYPE="Patient" ID="010811259627"></GROUP><GROUP TYPE="Assays" ID=" ">
<GROUP TYPE="Assay" ID="PROTIA Allergy-Q 96M" STATE="Host"/>
</GROUP>
</GROUP>
<GROUP TYPE="Sample">
<GROUP TYPE="Patient" ID="010810982120"></GROUP><GROUP TYPE="Assays" ID=" ">
<GROUP TYPE="Assay" ID="PROTIA Allergy-Q 96M" STATE="Host"/>
</GROUP>
</GROUP>
<GROUP TYPE="Sample">
<GROUP TYPE="Patient" ID="010811419823"></GROUP><GROUP TYPE="Assays" ID=" ">
<GROUP TYPE="Assay" ID="PROTIA Allergy-Q 96M" STATE="Host"/>
</GROUP>
</GROUP>
<GROUP TYPE="Sample">
<GROUP TYPE="Patient" ID="010816818423"></GROUP><GROUP TYPE="Assays" ID=" ">
<GROUP TYPE="Assay" ID="PROTIA Allergy-Q 96M" STATE="Host"/>
</GROUP>
</GROUP>
<GROUP TYPE="Sample">
<GROUP TYPE="Patient" ID="010810958125"></GROUP><GROUP TYPE="Assays" ID=" ">
<GROUP TYPE="Assay" ID="PROTIA Allergy-Q 96M" STATE="Host"/>
</GROUP>
</GROUP>
<GROUP TYPE="Sample">
<GROUP TYPE="Patient" ID="010810828121"></GROUP><GROUP TYPE="Assays" ID=" ">
<GROUP TYPE="Assay" ID="PROTIA Allergy-Q 96M" STATE="Host"/>
</GROUP>
</GROUP>
<GROUP TYPE="Sample">
<GROUP TYPE="Patient" ID="010814508821"></GROUP><GROUP TYPE="Assays" ID=" ">
<GROUP TYPE="Assay" ID="PROTIA Allergy-Q 96M" STATE="Host"/>
</GROUP>
</GROUP>
<GROUP TYPE="Sample">
<GROUP TYPE="Patient" ID="010814517922"></GROUP><GROUP TYPE="Assays" ID=" ">
<GROUP TYPE="Assay" ID="PROTIA Allergy-Q 96M" STATE="Host"/>
</GROUP>
</GROUP>
<GROUP TYPE="Sample">
<GROUP TYPE="Patient" ID="010814558628"></GROUP><GROUP TYPE="Assays" ID=" ">
<GROUP TYPE="Assay" ID="PROTIA Allergy-Q 96M" STATE="Host"/>
</GROUP>
</GROUP>
<GROUP TYPE="Sample">
<GROUP TYPE="Patient" ID="010810861128"></GROUP><GROUP TYPE="Assays" ID=" ">
<GROUP TYPE="Assay" ID="PROTIA Allergy-Q 96M" STATE="Host"/>
</GROUP>
</GROUP>
<GROUP TYPE="Sample">
<GROUP TYPE="Patient" ID="010811053126"></GROUP><GROUP TYPE="Assays" ID=" ">
<GROUP TYPE="Assay" ID="PROTIA Allergy-Q 96M" STATE="Host"/>
</GROUP>
</GROUP>
<GROUP TYPE="Sample">
<GROUP TYPE="Patient" ID="010814760427"></GROUP><GROUP TYPE="Assays" ID=" ">
<GROUP TYPE="Assay" ID="PROTIA Allergy-Q 96M" STATE="Host"/>
</GROUP>
</GROUP>
<GROUP TYPE="Sample">
<GROUP TYPE="Patient" ID="010810484426"></GROUP><GROUP TYPE="Assays" ID=" ">
<GROUP TYPE="Assay" ID="PROTIA Allergy-Q 96M" STATE="Host"/>
</GROUP>
</GROUP>
<GROUP TYPE="Sample">
<GROUP TYPE="Patient" ID="010810387727"></GROUP><GROUP TYPE="Assays" ID=" ">
<GROUP TYPE="Assay" ID="PROTIA Allergy-Q 96M" STATE="Host"/>
</GROUP>
</GROUP>
<GROUP TYPE="Sample">
<GROUP TYPE="Patient" ID="010810387628"></GROUP><GROUP TYPE="Assays" ID=" ">
<GROUP TYPE="Assay" ID="PROTIA Allergy-Q 96M" STATE="Host"/>
</GROUP>
</GROUP>
<GROUP TYPE="Sample">
<GROUP TYPE="Patient" ID="010814760526"></GROUP><GROUP TYPE="Assays" ID=" ">
<GROUP TYPE="Assay" ID="PROTIA Allergy-Q 96M" STATE="Host"/>
</GROUP>
</GROUP>
<GROUP TYPE="Sample">
<GROUP TYPE="Patient" ID="010814751326"></GROUP><GROUP TYPE="Assays" ID=" ">
<GROUP TYPE="Assay" ID="PROTIA Allergy-Q 96M" STATE="Host"/>
</GROUP>
</GROUP>
<GROUP TYPE="Sample">
<GROUP TYPE="Patient" ID="010810022826"></GROUP><GROUP TYPE="Assays" ID=" ">
<GROUP TYPE="Assay" ID="PROTIA Allergy-Q 96M" STATE="Host"/>
</GROUP>
</GROUP>
<GROUP TYPE="Sample">
<GROUP TYPE="Patient" ID="010810019321"></GROUP><GROUP TYPE="Assays" ID=" ">
<GROUP TYPE="Assay" ID="PROTIA Allergy-Q 96M" STATE="Host"/>
</GROUP>
</GROUP>
<GROUP TYPE="Sample">
<GROUP TYPE="Patient" ID="010810092324"></GROUP><GROUP TYPE="Assays" ID=" ">
<GROUP TYPE="Assay" ID="PROTIA Allergy-Q 96M" STATE="Host"/>
</GROUP>
</GROUP>
<GROUP TYPE="Sample">
<GROUP TYPE="Patient" ID="010810282220"></GROUP><GROUP TYPE="Assays" ID=" ">
<GROUP TYPE="Assay" ID="PROTIA Allergy-Q 96M" STATE="Host"/>
</GROUP>
</GROUP>
<GROUP TYPE="Sample">
<GROUP TYPE="Patient" ID="010810282626"></GROUP><GROUP TYPE="Assays" ID=" ">
<GROUP TYPE="Assay" ID="PROTIA Allergy-Q 96M" STATE="Host"/>
</GROUP>
</GROUP>
<GROUP TYPE="Sample">
<GROUP TYPE="Patient" ID="010810709321"></GROUP><GROUP TYPE="Assays" ID=" ">
<GROUP TYPE="Assay" ID="PROTIA Allergy-Q 96M" STATE="Host"/>
</GROUP>
</GROUP>
<GROUP TYPE="Sample">
<GROUP TYPE="Patient" ID="010810709222"></GROUP><GROUP TYPE="Assays" ID=" ">
<GROUP TYPE="Assay" ID="PROTIA Allergy-Q 96M" STATE="Host"/>
</GROUP>
</GROUP>
<GROUP TYPE="Sample">
<GROUP TYPE="Patient" ID="010810513621"></GROUP><GROUP TYPE="Assays" ID=" ">
<GROUP TYPE="Assay" ID="PROTIA Allergy-Q 96M" STATE="Host"/>
</GROUP>
</GROUP>
<GROUP TYPE="Sample">
<GROUP TYPE="Patient" ID="010810555225"></GROUP><GROUP TYPE="Assays" ID=" ">
<GROUP TYPE="Assay" ID="PROTIA Allergy-Q 96M" STATE="Host"/>
</GROUP>
</GROUP>
<GROUP TYPE="Sample">
<GROUP TYPE="Patient" ID="010810430126"></GROUP><GROUP TYPE="Assays" ID=" ">
<GROUP TYPE="Assay" ID="PROTIA Allergy-Q 96M" STATE="Host"/>
</GROUP>
</GROUP>
<GROUP TYPE="Sample">
<GROUP TYPE="Patient" ID="010814419622"></GROUP><GROUP TYPE="Assays" ID=" ">
<GROUP TYPE="Assay" ID="PROTIA Allergy-Q 96M" STATE="Host"/>
</GROUP>
</GROUP>
<GROUP TYPE="Sample">
<GROUP TYPE="Patient" ID="010810487526"></GROUP><GROUP TYPE="Assays" ID=" ">
<GROUP TYPE="Assay" ID="PROTIA Allergy-Q 96M" STATE="Host"/>
</GROUP>
</GROUP>
<GROUP TYPE="Sample">
<GROUP TYPE="Patient" ID="010810484525"></GROUP><GROUP TYPE="Assays" ID=" ">
<GROUP TYPE="Assay" ID="PROTIA Allergy-Q 96M" STATE="Host"/>
</GROUP>
</GROUP>
<GROUP TYPE="Sample">
<GROUP TYPE="Patient" ID="010817301320"></GROUP><GROUP TYPE="Assays" ID=" ">
<GROUP TYPE="Assay" ID="PROTIA Allergy-Q 96M" STATE="Host"/>
</GROUP>
</GROUP>
<GROUP TYPE="Sample">
<GROUP TYPE="Patient" ID="010817310124"></GROUP><GROUP TYPE="Assays" ID=" ">
<GROUP TYPE="Assay" ID="PROTIA Allergy-Q 96M" STATE="Host"/>
</GROUP>
</GROUP>
<GROUP TYPE="Sample">
<GROUP TYPE="Patient" ID="010814301828"></GROUP><GROUP TYPE="Assays" ID=" ">
<GROUP TYPE="Assay" ID="PROTIA Allergy-Q 96M" STATE="Host"/>
</GROUP>
</GROUP>
<GROUP TYPE="Sample">
<GROUP TYPE="Patient" ID="010810019628"></GROUP><GROUP TYPE="Assays" ID=" ">
<GROUP TYPE="Assay" ID="PROTIA Allergy-Q 96M" STATE="Host"/>
</GROUP>
</GROUP>
<GROUP TYPE="Sample">
<GROUP TYPE="Patient" ID="010814307820"></GROUP><GROUP TYPE="Assays" ID=" ">
<GROUP TYPE="Assay" ID="PROTIA Allergy-Q 96M" STATE="Host"/>
</GROUP>
</GROUP>
<GROUP TYPE="Sample">
<GROUP TYPE="Patient" ID="010814302023"></GROUP><GROUP TYPE="Assays" ID=" ">
<GROUP TYPE="Assay" ID="PROTIA Allergy-Q 96M" STATE="Host"/>
</GROUP>
</GROUP>
<GROUP TYPE="Sample">
<GROUP TYPE="Patient" ID="010817291720"></GROUP><GROUP TYPE="Assays" ID=" ">
<GROUP TYPE="Assay" ID="PROTIA Allergy-Q 96M" STATE="Host"/>
</GROUP>
</GROUP>
<GROUP TYPE="Sample">
<GROUP TYPE="Patient" ID="010817291324"></GROUP><GROUP TYPE="Assays" ID=" ">
<GROUP TYPE="Assay" ID="PROTIA Allergy-Q 96M" STATE="Host"/>
</GROUP>
</GROUP>
<GROUP TYPE="Sample">
<GROUP TYPE="Patient" ID="010817291621"></GROUP><GROUP TYPE="Assays" ID=" ">
<GROUP TYPE="Assay" ID="PROTIA Allergy-Q 96M" STATE="Host"/>
</GROUP>
</GROUP>
<GROUP TYPE="Sample">
<GROUP TYPE="Patient" ID="010817291522"></GROUP><GROUP TYPE="Assays" ID=" ">
<GROUP TYPE="Assay" ID="PROTIA Allergy-Q 96M" STATE="Host"/>
</GROUP>
</GROUP>
<GROUP TYPE="Sample">
<GROUP TYPE="Patient" ID="010817291423"></GROUP><GROUP TYPE="Assays" ID=" ">
<GROUP TYPE="Assay" ID="PROTIA Allergy-Q 96M" STATE="Host"/>
</GROUP>
</GROUP>
<GROUP TYPE="Sample">
<GROUP TYPE="Patient" ID="010810743622"></GROUP><GROUP TYPE="Assays" ID=" ">
<GROUP TYPE="Assay" ID="PROTIA Allergy-Q 96M" STATE="Host"/>
</GROUP>
</GROUP>
<GROUP TYPE="Sample">
<GROUP TYPE="Patient" ID="010814808624"></GROUP><GROUP TYPE="Assays" ID=" ">
<GROUP TYPE="Assay" ID="PROTIA Allergy-Q 96M" STATE="Host"/>
</GROUP>
</GROUP>
<GROUP TYPE="Sample">
<GROUP TYPE="Patient" ID="010814810320"></GROUP><GROUP TYPE="Assays" ID=" ">
<GROUP TYPE="Assay" ID="PROTIA Allergy-Q 96M" STATE="Host"/>
</GROUP>
</GROUP>
<GROUP TYPE="Sample">
<GROUP TYPE="Patient" ID="010814809829"></GROUP><GROUP TYPE="Assays" ID=" ">
<GROUP TYPE="Assay" ID="PROTIA Allergy-Q 96M" STATE="Host"/>
</GROUP>
</GROUP>
<GROUP TYPE="Sample">
<GROUP TYPE="Patient" ID="010814808228"></GROUP><GROUP TYPE="Assays" ID=" ">
<GROUP TYPE="Assay" ID="PROTIA Allergy-Q 96M" STATE="Host"/>
</GROUP>
</GROUP>
<GROUP TYPE="Sample">
<GROUP TYPE="Patient" ID="010810703725"></GROUP><GROUP TYPE="Assays" ID=" ">
<GROUP TYPE="Assay" ID="PROTIA Allergy-Q 96M" STATE="Host"/>
</GROUP>
</GROUP>
<GROUP TYPE="Sample">
<GROUP TYPE="Patient" ID="010810679020"></GROUP><GROUP TYPE="Assays" ID=" ">
<GROUP TYPE="Assay" ID="PROTIA Allergy-Q 96M" STATE="Host"/>
</GROUP>
</GROUP>
<GROUP TYPE="Sample">
<GROUP TYPE="Patient" ID="010810602325"></GROUP><GROUP TYPE="Assays" ID=" ">
<GROUP TYPE="Assay" ID="PROTIA Allergy-Q 96M" STATE="Host"/>
</GROUP>
</GROUP>
<GROUP TYPE="Sample">
<GROUP TYPE="Patient" ID="010810674322"></GROUP><GROUP TYPE="Assays" ID=" ">
<GROUP TYPE="Assay" ID="PROTIA Allergy-Q 96M" STATE="Host"/>
</GROUP>
</GROUP>
<GROUP TYPE="Sample">
<GROUP TYPE="Patient" ID="010810471129"></GROUP><GROUP TYPE="Assays" ID=" ">
<GROUP TYPE="Assay" ID="PROTIA Allergy-Q 96M" STATE="Host"/>
</GROUP>
</GROUP>
<GROUP TYPE="Sample">
<GROUP TYPE="Patient" ID="010810413624"></GROUP><GROUP TYPE="Assays" ID=" ">
<GROUP TYPE="Assay" ID="PROTIA Allergy-Q 96M" STATE="Host"/>
</GROUP>
</GROUP>
<GROUP TYPE="Sample">
<GROUP TYPE="Patient" ID="010810072920"></GROUP><GROUP TYPE="Assays" ID=" ">
<GROUP TYPE="Assay" ID="PROTIA Allergy-Q 96M" STATE="Host"/>
</GROUP>
</GROUP>
<GROUP TYPE="Sample">
<GROUP TYPE="Patient" ID="010810071626"></GROUP><GROUP TYPE="Assays" ID=" ">
<GROUP TYPE="Assay" ID="PROTIA Allergy-Q 96M" STATE="Host"/>
</GROUP>
</GROUP>
<GROUP TYPE="Sample">
<GROUP TYPE="Patient" ID="010814564827"></GROUP><GROUP TYPE="Assays" ID=" ">
<GROUP TYPE="Assay" ID="PROTIA Allergy-Q 96M" STATE="Host"/>
</GROUP>
</GROUP>
<GROUP TYPE="Sample">
<GROUP TYPE="Patient" ID="010814815929"></GROUP><GROUP TYPE="Assays" ID=" ">
<GROUP TYPE="Assay" ID="PROTIA Allergy-Q 96M" STATE="Host"/>
</GROUP>
</GROUP>
<GROUP TYPE="Sample">
<GROUP TYPE="Patient" ID="010810225326"></GROUP><GROUP TYPE="Assays" ID=" ">
<GROUP TYPE="Assay" ID="PROTIA Allergy-Q 96M" STATE="Host"/>
</GROUP>
</GROUP>
<GROUP TYPE="Sample">
<GROUP TYPE="Patient" ID="010810249827"></GROUP><GROUP TYPE="Assays" ID=" ">
<GROUP TYPE="Assay" ID="PROTIA Allergy-Q 96M" STATE="Host"/>
</GROUP>
</GROUP>
<GROUP TYPE="Sample">
<GROUP TYPE="Patient" ID="010810211725"></GROUP><GROUP TYPE="Assays" ID=" ">
<GROUP TYPE="Assay" ID="PROTIA Allergy-Q 96M" STATE="Host"/>
</GROUP>
</GROUP>
<GROUP TYPE="Sample">
<GROUP TYPE="Patient" ID="010816846921"></GROUP><GROUP TYPE="Assays" ID=" ">
<GROUP TYPE="Assay" ID="PROTIA Allergy-Q 96M" STATE="Host"/>
</GROUP>
</GROUP>
<GROUP TYPE="Sample">
<GROUP TYPE="Patient" ID="010814810627"></GROUP><GROUP TYPE="Assays" ID=" ">
<GROUP TYPE="Assay" ID="PROTIA Allergy-Q 96M" STATE="Host"/>
</GROUP>
</GROUP>
<GROUP TYPE="Sample">
<GROUP TYPE="Patient" ID="010814811129"></GROUP><GROUP TYPE="Assays" ID=" ">
<GROUP TYPE="Assay" ID="PROTIA Allergy-Q 96M" STATE="Host"/>
</GROUP>
</GROUP>
<GROUP TYPE="Sample">
<GROUP TYPE="Patient" ID="010814809423"></GROUP><GROUP TYPE="Assays" ID=" ">
<GROUP TYPE="Assay" ID="PROTIA Allergy-Q 96M" STATE="Host"/>
</GROUP>
</GROUP>
<GROUP TYPE="Sample">
<GROUP TYPE="Patient" ID="010814811020"></GROUP><GROUP TYPE="Assays" ID=" ">
<GROUP TYPE="Assay" ID="PROTIA Allergy-Q 96M" STATE="Host"/>
</GROUP>
</GROUP>
<GROUP TYPE="Sample">
<GROUP TYPE="Patient" ID="010810452920"></GROUP><GROUP TYPE="Assays" ID=" ">
<GROUP TYPE="Assay" ID="PROTIA Allergy-Q 96M" STATE="Host"/>
</GROUP>
</GROUP>
<GROUP TYPE="Sample">
<GROUP TYPE="Patient" ID="010810430225"></GROUP><GROUP TYPE="Assays" ID=" ">
<GROUP TYPE="Assay" ID="PROTIA Allergy-Q 96M" STATE="Host"/>
</GROUP>
</GROUP>
<GROUP TYPE="Sample">
<GROUP TYPE="Patient" ID="010814559427"></GROUP><GROUP TYPE="Assays" ID=" ">
<GROUP TYPE="Assay" ID="PROTIA Allergy-Q 96M" STATE="Host"/>
</GROUP>
</GROUP>
<GROUP TYPE="Sample">
<GROUP TYPE="Patient" ID="010810603322"></GROUP><GROUP TYPE="Assays" ID=" ">
<GROUP TYPE="Assay" ID="PROTIA Allergy-Q 96M" STATE="Host"/>
</GROUP>
</GROUP>
<GROUP TYPE="Sample">
<GROUP TYPE="Patient" ID="010814582524"></GROUP><GROUP TYPE="Assays" ID=" ">
<GROUP TYPE="Assay" ID="PROTIA Allergy-Q 96M" STATE="Host"/>
</GROUP>
</GROUP>
<GROUP TYPE="Sample">
<GROUP TYPE="Patient" ID="010814566623"></GROUP><GROUP TYPE="Assays" ID=" ">
<GROUP TYPE="Assay" ID="PROTIA Allergy-Q 96M" STATE="Host"/>
</GROUP>
</GROUP>
<GROUP TYPE="Sample">
<GROUP TYPE="Patient" ID="010814418021"></GROUP><GROUP TYPE="Assays" ID=" ">
<GROUP TYPE="Assay" ID="PROTIA Allergy-Q 96M" STATE="Host"/>
</GROUP>
</GROUP>
<GROUP TYPE="Sample">
<GROUP TYPE="Patient" ID="010810065823"></GROUP><GROUP TYPE="Assays" ID=" ">
<GROUP TYPE="Assay" ID="PROTIA Allergy-Q 96M" STATE="Host"/>
</GROUP>
</GROUP>
<GROUP TYPE="Sample">
<GROUP TYPE="Patient" ID="010810072821"></GROUP><GROUP TYPE="Assays" ID=" ">
<GROUP TYPE="Assay" ID="PROTIA Allergy-Q 96M" STATE="Host"/>
</GROUP>
</GROUP>
<GROUP TYPE="Sample">
<GROUP TYPE="Patient" ID="010810231624"></GROUP><GROUP TYPE="Assays" ID=" ">
<GROUP TYPE="Assay" ID="PROTIA Allergy-Q 96M" STATE="Host"/>
</GROUP>
</GROUP>
<GROUP TYPE="Sample">
<GROUP TYPE="Patient" ID="010810233024"></GROUP><GROUP TYPE="Assays" ID=" ">
<GROUP TYPE="Assay" ID="PROTIA Allergy-Q 96M" STATE="Host"/>
</GROUP>
</GROUP>
<GROUP TYPE="Sample">
<GROUP TYPE="Patient" ID="010810261522"></GROUP><GROUP TYPE="Assays" ID=" ">
<GROUP TYPE="Assay" ID="PROTIA Allergy-Q 96M" STATE="Host"/>
</GROUP>
</GROUP>
<GROUP TYPE="Sample">
<GROUP TYPE="Patient" ID="010810282329"></GROUP><GROUP TYPE="Assays" ID=" ">
<GROUP TYPE="Assay" ID="PROTIA Allergy-Q 96M" STATE="Host"/>
</GROUP>
</GROUP>
<GROUP TYPE="Sample">
<GROUP TYPE="Patient" ID="010810259024"></GROUP><GROUP TYPE="Assays" ID=" ">
<GROUP TYPE="Assay" ID="PROTIA Allergy-Q 96M" STATE="Host"/>
</GROUP>
</GROUP>
<GROUP TYPE="Sample">
<GROUP TYPE="Patient" ID="010810260426"></GROUP><GROUP TYPE="Assays" ID=" ">
<GROUP TYPE="Assay" ID="PROTIA Allergy-Q 96M" STATE="Host"/>
</GROUP>
</GROUP>
<GROUP TYPE="Sample">
<GROUP TYPE="Patient" ID="010814382421"></GROUP><GROUP TYPE="Assays" ID=" ">
<GROUP TYPE="Assay" ID="PROTIA Allergy-Q 96M" STATE="Host"/>
</GROUP>
</GROUP>
<GROUP TYPE="Sample">
<GROUP TYPE="Patient" ID="010810254029"></GROUP><GROUP TYPE="Assays" ID=" ">
<GROUP TYPE="Assay" ID="PROTIA Allergy-Q 96M" STATE="Host"/>
</GROUP>
</GROUP>
<GROUP TYPE="Sample">
<GROUP TYPE="Patient" ID="010810275321"></GROUP><GROUP TYPE="Assays" ID=" ">
<GROUP TYPE="Assay" ID="PROTIA Allergy-Q 96M" STATE="Host"/>
</GROUP>
</GROUP>
<GROUP TYPE="Sample">
<GROUP TYPE="Patient" ID="010810274423"></GROUP><GROUP TYPE="Assays" ID=" ">
<GROUP TYPE="Assay" ID="PROTIA Allergy-Q 96M" STATE="Host"/>
</GROUP>
</GROUP>
<GROUP TYPE="Sample">
<GROUP TYPE="Patient" ID="010814384128"></GROUP><GROUP TYPE="Assays" ID=" ">
<GROUP TYPE="Assay" ID="PROTIA Allergy-Q 96M" STATE="Host"/>
</GROUP>
</GROUP>
<GROUP TYPE="Sample">
<GROUP TYPE="Patient" ID="010810261027"></GROUP><GROUP TYPE="Assays" ID=" ">
<GROUP TYPE="Assay" ID="PROTIA Allergy-Q 96M" STATE="Host"/>
</GROUP>
</GROUP>
<GROUP TYPE="Sample">
<GROUP TYPE="Patient" ID="010814935726"></GROUP><GROUP TYPE="Assays" ID=" ">
<GROUP TYPE="Assay" ID="PROTIA Allergy-Q 96M" STATE="Host"/>
</GROUP>
</GROUP>
<GROUP TYPE="Sample">
<GROUP TYPE="Patient" ID="010814940225"></GROUP><GROUP TYPE="Assays" ID=" ">
<GROUP TYPE="Assay" ID="PROTIA Allergy-Q 96M" STATE="Host"/>
</GROUP>
</GROUP>
<GROUP TYPE="Sample">
<GROUP TYPE="Patient" ID="010814935825"></GROUP><GROUP TYPE="Assays" ID=" ">
<GROUP TYPE="Assay" ID="PROTIA Allergy-Q 96M" STATE="Host"/>
</GROUP>
</GROUP>
<GROUP TYPE="Sample">
<GROUP TYPE="Patient" ID="010815620423"></GROUP><GROUP TYPE="Assays" ID=" ">
<GROUP TYPE="Assay" ID="PROTIA Allergy-Q 96M" STATE="Host"/>
</GROUP>
</GROUP>
<GROUP TYPE="Sample">
<GROUP TYPE="Patient" ID="010815501524"></GROUP><GROUP TYPE="Assays" ID=" ">
<GROUP TYPE="Assay" ID="PROTIA Allergy-Q 96M" STATE="Host"/>
</GROUP>
</GROUP>
<GROUP TYPE="Sample">
<GROUP TYPE="Patient" ID="010817676329"></GROUP><GROUP TYPE="Assays" ID=" ">
<GROUP TYPE="Assay" ID="PROTIA Allergy-Q 96M" STATE="Host"/>
</GROUP>
</GROUP>
<GROUP TYPE="Sample">
<GROUP TYPE="Patient" ID="010816705921"></GROUP><GROUP TYPE="Assays" ID=" ">
<GROUP TYPE="Assay" ID="PROTIA Allergy-Q 96M" STATE="Host"/>
</GROUP>
</GROUP>
<GROUP TYPE="Sample">
<GROUP TYPE="Patient" ID="010811524428"></GROUP><GROUP TYPE="Assays" ID=" ">
<GROUP TYPE="Assay" ID="PROTIA Allergy-Q 96M" STATE="Host"/>
</GROUP>
</GROUP>
<GROUP TYPE="Sample">
<GROUP TYPE="Patient" ID="010817410725"></GROUP><GROUP TYPE="Assays" ID=" ">
<GROUP TYPE="Assay" ID="PROTIA Allergy-Q 96M" STATE="Host"/>
</GROUP>
</GROUP>
<GROUP TYPE="Sample">
<GROUP TYPE="Patient" ID="010817411227"></GROUP><GROUP TYPE="Assays" ID=" ">
<GROUP TYPE="Assay" ID="PROTIA Allergy-Q 96M" STATE="Host"/>
</GROUP>
</GROUP>
<GROUP TYPE="Sample">
<GROUP TYPE="Patient" ID="010811032725"></GROUP><GROUP TYPE="Assays" ID=" ">
<GROUP TYPE="Assay" ID="PROTIA Allergy-Q 96M" STATE="Host"/>
</GROUP>
</GROUP>
<GROUP TYPE="Sample">
<GROUP TYPE="Patient" ID="010811593721"></GROUP><GROUP TYPE="Assays" ID=" ">
<GROUP TYPE="Assay" ID="PROTIA Allergy-Q 96M" STATE="Host"/>
</GROUP>
</GROUP>
<GROUP TYPE="Sample">
<GROUP TYPE="Patient" ID="010811606421"></GROUP><GROUP TYPE="Assays" ID=" ">
<GROUP TYPE="Assay" ID="PROTIA Allergy-Q 96M" STATE="Host"/>
</GROUP>
</GROUP>
<GROUP TYPE="Sample">
<GROUP TYPE="Patient" ID="010817410626"></GROUP><GROUP TYPE="Assays" ID=" ">
<GROUP TYPE="Assay" ID="PROTIA Allergy-Q 96M" STATE="Host"/>
</GROUP>
</GROUP>
<GROUP TYPE="Sample">
<GROUP TYPE="Patient" ID="010817411623"></GROUP><GROUP TYPE="Assays" ID=" ">
<GROUP TYPE="Assay" ID="PROTIA Allergy-Q 96M" STATE="Host"/>
</GROUP>
</GROUP>
<GROUP TYPE="Sample">
<GROUP TYPE="Patient" ID="010817411029"></GROUP><GROUP TYPE="Assays" ID=" ">
<GROUP TYPE="Assay" ID="PROTIA Allergy-Q 96M" STATE="Host"/>
</GROUP>
</GROUP>
<GROUP TYPE="Sample">
<GROUP TYPE="Patient" ID="010817410824"></GROUP><GROUP TYPE="Assays" ID=" ">
<GROUP TYPE="Assay" ID="PROTIA Allergy-Q 96M" STATE="Host"/>
</GROUP>
</GROUP>
<GROUP TYPE="Sample">
<GROUP TYPE="Patient" ID="010817411524"></GROUP><GROUP TYPE="Assays" ID=" ">
<GROUP TYPE="Assay" ID="PROTIA Allergy-Q 96M" STATE="Host"/>
</GROUP>
</GROUP>
<GROUP TYPE="Sample">
<GROUP TYPE="Patient" ID="010814281427"></GROUP><GROUP TYPE="Assays" ID=" ">
<GROUP TYPE="Assay" ID="PROTIA Allergy-Q 96M" STATE="Host"/>
</GROUP>
</GROUP>
<GROUP TYPE="Sample">
<GROUP TYPE="Patient" ID="010813653720"></GROUP><GROUP TYPE="Assays" ID=" ">
<GROUP TYPE="Assay" ID="PROTIA Allergy-Q 96M" STATE="Host"/>
</GROUP>
</GROUP>
<GROUP TYPE="Sample">
<GROUP TYPE="Patient" ID="010812591924"></GROUP><GROUP TYPE="Assays" ID=" ">
<GROUP TYPE="Assay" ID="PROTIA Allergy-Q 96M" STATE="Host"/>
</GROUP>
</GROUP>
<GROUP TYPE="Sample">
<GROUP TYPE="Patient" ID="010813916221"></GROUP><GROUP TYPE="Assays" ID=" ">
<GROUP TYPE="Assay" ID="PROTIA Allergy-Q 96M" STATE="Host"/>
</GROUP>
</GROUP>
<GROUP TYPE="Sample">
<GROUP TYPE="Patient" ID="010813848027"></GROUP><GROUP TYPE="Assays" ID=" ">
<GROUP TYPE="Assay" ID="PROTIA Allergy-Q 96M" STATE="Host"/>
</GROUP>
</GROUP>
<GROUP TYPE="Sample">
<GROUP TYPE="Patient" ID="010815400827"></GROUP><GROUP TYPE="Assays" ID=" ">
<GROUP TYPE="Assay" ID="PROTIA Allergy-Q 96M" STATE="Host"/>
</GROUP>
</GROUP>
<GROUP TYPE="Sample">
<GROUP TYPE="Patient" ID="010813971527"></GROUP><GROUP TYPE="Assays" ID=" ">
<GROUP TYPE="Assay" ID="PROTIA Allergy-Q 96M" STATE="Host"/>
</GROUP>
</GROUP>
<GROUP TYPE="Sample">
<GROUP TYPE="Patient" ID="010812518723"></GROUP><GROUP TYPE="Assays" ID=" ">
<GROUP TYPE="Assay" ID="PROTIA Allergy-Q 96M" STATE="Host"/>
</GROUP>
</GROUP>
<GROUP TYPE="Sample">
<GROUP TYPE="Patient" ID="010813971824"></GROUP><GROUP TYPE="Assays" ID=" ">
<GROUP TYPE="Assay" ID="PROTIA Allergy-Q 96M" STATE="Host"/>
</GROUP>
</GROUP>
<GROUP TYPE="Sample">
<GROUP TYPE="Patient" ID="010812590323"></GROUP><GROUP TYPE="Assays" ID=" ">
<GROUP TYPE="Assay" ID="PROTIA Allergy-Q 96M" STATE="Host"/>
</GROUP>
</GROUP>
<GROUP TYPE="Sample">
<GROUP TYPE="Patient" ID="010813772926"></GROUP><GROUP TYPE="Assays" ID=" ">
<GROUP TYPE="Assay" ID="PROTIA Allergy-Q 96M" STATE="Host"/>
</GROUP>
</GROUP>
<GROUP TYPE="Sample">
<GROUP TYPE="Patient" ID="010813771325"></GROUP><GROUP TYPE="Assays" ID=" ">
<GROUP TYPE="Assay" ID="PROTIA Allergy-Q 96M" STATE="Host"/>
</GROUP>
</GROUP>
<GROUP TYPE="Sample">
<GROUP TYPE="Patient" ID="010812502722"></GROUP><GROUP TYPE="Assays" ID=" ">
<GROUP TYPE="Assay" ID="PROTIA Allergy-Q 96M" STATE="Host"/>
</GROUP>
</GROUP>
<GROUP TYPE="Sample">
<GROUP TYPE="Patient" ID="010812501022"></GROUP><GROUP TYPE="Assays" ID=" ">
<GROUP TYPE="Assay" ID="PROTIA Allergy-Q 96M" STATE="Host"/>
</GROUP>
</GROUP>
<GROUP TYPE="Sample">
<GROUP TYPE="Patient" ID="010812500520"></GROUP><GROUP TYPE="Assays" ID=" ">
<GROUP TYPE="Assay" ID="PROTIA Allergy-Q 96M" STATE="Host"/>
</GROUP>
</GROUP>
<GROUP TYPE="Sample">
<GROUP TYPE="Patient" ID="010813635429"></GROUP><GROUP TYPE="Assays" ID=" ">
<GROUP TYPE="Assay" ID="PROTIA Allergy-Q 96M" STATE="Host"/>
</GROUP>
</GROUP>
<GROUP TYPE="Sample">
<GROUP TYPE="Patient" ID="010812500322"></GROUP><GROUP TYPE="Assays" ID=" ">
<GROUP TYPE="Assay" ID="PROTIA Allergy-Q 96M" STATE="Host"/>
</GROUP>
</GROUP>
<GROUP TYPE="Sample">
<GROUP TYPE="Patient" ID="010812501220"></GROUP><GROUP TYPE="Assays" ID=" ">
<GROUP TYPE="Assay" ID="PROTIA Allergy-Q 96M" STATE="Host"/>
</GROUP>
</GROUP>
<GROUP TYPE="Sample">
<GROUP TYPE="Patient" ID="010813951024"></GROUP><GROUP TYPE="Assays" ID=" ">
<GROUP TYPE="Assay" ID="PROTIA Allergy-Q 96M" STATE="Host"/>
</GROUP>
</GROUP>
<GROUP TYPE="Sample">
<GROUP TYPE="Patient" ID="010813840229"></GROUP><GROUP TYPE="Assays" ID=" ">
<GROUP TYPE="Assay" ID="PROTIA Allergy-Q 96M" STATE="Host"/>
</GROUP>
</GROUP>
<GROUP TYPE="Sample">
<GROUP TYPE="Patient" ID="010812552826"></GROUP><GROUP TYPE="Assays" ID=" ">
<GROUP TYPE="Assay" ID="PROTIA Allergy-Q 96M" STATE="Host"/>
</GROUP>
</GROUP>
<GROUP TYPE="Sample">
<GROUP TYPE="Patient" ID="010815351129"></GROUP><GROUP TYPE="Assays" ID=" ">
<GROUP TYPE="Assay" ID="PROTIA Allergy-Q 96M" STATE="Host"/>
</GROUP>
</GROUP>
<GROUP TYPE="Sample">
<GROUP TYPE="Patient" ID="010813936823"></GROUP><GROUP TYPE="Assays" ID=" ">
<GROUP TYPE="Assay" ID="PROTIA Allergy-Q 96M" STATE="Host"/>
</GROUP>
</GROUP>
<GROUP TYPE="Sample">
<GROUP TYPE="Patient" ID="010813840625"></GROUP><GROUP TYPE="Assays" ID=" ">
<GROUP TYPE="Assay" ID="PROTIA Allergy-Q 96M" STATE="Host"/>
</GROUP>
</GROUP>
<GROUP TYPE="Sample">
<GROUP TYPE="Patient" ID="010813600922"></GROUP><GROUP TYPE="Assays" ID=" ">
<GROUP TYPE="Assay" ID="PROTIA Allergy-Q 96M" STATE="Host"/>
</GROUP>
</GROUP>
<GROUP TYPE="Sample">
<GROUP TYPE="Patient" ID="010815792823"></GROUP><GROUP TYPE="Assays" ID=" ">
<GROUP TYPE="Assay" ID="PROTIA Allergy-Q 96M" STATE="Host"/>
</GROUP>
</GROUP>
<GROUP TYPE="Sample">
<GROUP TYPE="Patient" ID="010815740428"></GROUP><GROUP TYPE="Assays" ID=" ">
<GROUP TYPE="Assay" ID="PROTIA Allergy-Q 96M" STATE="Host"/>
</GROUP>
</GROUP>
<GROUP TYPE="Sample">
<GROUP TYPE="Patient" ID="010815724329"></GROUP><GROUP TYPE="Assays" ID=" ">
<GROUP TYPE="Assay" ID="PROTIA Allergy-Q 96M" STATE="Host"/>
</GROUP>
</GROUP>
<GROUP TYPE="Sample">
<GROUP TYPE="Patient" ID="010815740626"></GROUP><GROUP TYPE="Assays" ID=" ">
<GROUP TYPE="Assay" ID="PROTIA Allergy-Q 96M" STATE="Host"/>
</GROUP>
</GROUP>
<GROUP TYPE="Sample">
<GROUP TYPE="Patient" ID="010813623228"></GROUP><GROUP TYPE="Assays" ID=" ">
<GROUP TYPE="Assay" ID="PROTIA Allergy-Q 96M" STATE="Host"/>
</GROUP>
</GROUP>
<GROUP TYPE="Sample">
<GROUP TYPE="Patient" ID="010815703225"></GROUP><GROUP TYPE="Assays" ID=" ">
<GROUP TYPE="Assay" ID="PROTIA Allergy-Q 96M" STATE="Host"/>
</GROUP>
</GROUP>
<GROUP TYPE="Sample">
<GROUP TYPE="Patient" ID="010813858026"></GROUP><GROUP TYPE="Assays" ID=" ">
<GROUP TYPE="Assay" ID="PROTIA Allergy-Q 96M" STATE="Host"/>
</GROUP>
</GROUP>
<GROUP TYPE="Sample">
<GROUP TYPE="Patient" ID="010813819126"></GROUP><GROUP TYPE="Assays" ID=" ">
<GROUP TYPE="Assay" ID="PROTIA Allergy-Q 96M" STATE="Host"/>
</GROUP>
</GROUP>
<GROUP TYPE="Sample">
<GROUP TYPE="Patient" ID="010813608324"></GROUP><GROUP TYPE="Assays" ID=" ">
<GROUP TYPE="Assay" ID="PROTIA Allergy-Q 96M" STATE="Host"/>
</GROUP>
</GROUP>
<GROUP TYPE="Sample">
<GROUP TYPE="Patient" ID="010813636426"></GROUP><GROUP TYPE="Assays" ID=" ">
<GROUP TYPE="Assay" ID="PROTIA Allergy-Q 96M" STATE="Host"/>
</GROUP>
</GROUP>
<GROUP TYPE="Sample">
<GROUP TYPE="Patient" ID="010813862726"></GROUP><GROUP TYPE="Assays" ID=" ">
<GROUP TYPE="Assay" ID="PROTIA Allergy-Q 96M" STATE="Host"/>
</GROUP>
</GROUP>
<GROUP TYPE="Sample">
<GROUP TYPE="Patient" ID="010813858422"></GROUP><GROUP TYPE="Assays" ID=" ">
<GROUP TYPE="Assay" ID="PROTIA Allergy-Q 96M" STATE="Host"/>
</GROUP>
</GROUP>
<GROUP TYPE="Sample">
<GROUP TYPE="Patient" ID="010813871827"></GROUP><GROUP TYPE="Assays" ID=" ">
<GROUP TYPE="Assay" ID="PROTIA Allergy-Q 96M" STATE="Host"/>
</GROUP>
</GROUP>
<GROUP TYPE="Sample">
<GROUP TYPE="Patient" ID="010813631025"></GROUP><GROUP TYPE="Assays" ID=" ">
<GROUP TYPE="Assay" ID="PROTIA Allergy-Q 96M" STATE="Host"/>
</GROUP>
</GROUP>
<GROUP TYPE="Sample">
<GROUP TYPE="Patient" ID="010813818822"></GROUP><GROUP TYPE="Assays" ID=" ">
<GROUP TYPE="Assay" ID="PROTIA Allergy-Q 96M" STATE="Host"/>
</GROUP>
</GROUP>
<GROUP TYPE="Sample">
<GROUP TYPE="Patient" ID="010818156721"></GROUP><GROUP TYPE="Assays" ID=" ">
<GROUP TYPE="Assay" ID="PROTIA Allergy-Q 96M" STATE="Host"/>
</GROUP>
</GROUP>
<GROUP TYPE="Sample">
<GROUP TYPE="Patient" ID="010813631322"></GROUP><GROUP TYPE="Assays" ID=" ">
<GROUP TYPE="Assay" ID="PROTIA Allergy-Q 96M" STATE="Host"/>
</GROUP>
</GROUP>
<GROUP TYPE="Sample">
<GROUP TYPE="Patient" ID="010811053027"></GROUP><GROUP TYPE="Assays" ID=" ">
<GROUP TYPE="Assay" ID="PROTIA Allergy-Q 96M" STATE="Host"/>
</GROUP>
</GROUP>
<GROUP TYPE="Sample">
<GROUP TYPE="Patient" ID="010814809720"></GROUP><GROUP TYPE="Assays" ID=" ">
<GROUP TYPE="Assay" ID="PROTIA Allergy-Q 96M" STATE="Host"/>
</GROUP>
</GROUP>
<GROUP TYPE="Sample">
<GROUP TYPE="Patient" ID="010817508620"></GROUP><GROUP TYPE="Assays" ID=" ">
<GROUP TYPE="Assay" ID="PROTIA Allergy-Q 96M" STATE="Host"/>
</GROUP>
</GROUP>
<GROUP TYPE="Sample">
<GROUP TYPE="Patient" ID="010816002426"></GROUP><GROUP TYPE="Assays" ID=" ">
<GROUP TYPE="Assay" ID="PROTIA Allergy-Q 96M" STATE="Host"/>
</GROUP>
</GROUP>
<GROUP TYPE="Sample">
<GROUP TYPE="Patient" ID="010811548820"></GROUP><GROUP TYPE="Assays" ID=" ">
<GROUP TYPE="Assay" ID="PROTIA Allergy-Q 96M" STATE="Host"/>
</GROUP>
</GROUP>
<GROUP TYPE="Sample">
<GROUP TYPE="Patient" ID="010811593929"></GROUP><GROUP TYPE="Assays" ID=" ">
<GROUP TYPE="Assay" ID="PROTIA Allergy-Q 96M" STATE="Host"/>
</GROUP>
</GROUP>
<GROUP TYPE="Sample">
<GROUP TYPE="Patient" ID="010814140823"></GROUP><GROUP TYPE="Assays" ID=" ">
<GROUP TYPE="Assay" ID="PROTIA Allergy-Q 96M" STATE="Host"/>
</GROUP>
</GROUP>
<GROUP TYPE="Sample">
<GROUP TYPE="Patient" ID="010817420526"></GROUP><GROUP TYPE="Assays" ID=" ">
<GROUP TYPE="Assay" ID="PROTIA Allergy-Q 96M" STATE="Host"/>
</GROUP>
</GROUP>
<GROUP TYPE="Sample">
<GROUP TYPE="Patient" ID="010811171325"></GROUP><GROUP TYPE="Assays" ID=" ">
<GROUP TYPE="Assay" ID="PROTIA Allergy-Q 96M" STATE="Host"/>
</GROUP>
</GROUP>
<GROUP TYPE="Sample">
<GROUP TYPE="Patient" ID="010817726321"></GROUP><GROUP TYPE="Assays" ID=" ">
<GROUP TYPE="Assay" ID="PROTIA Allergy-Q 96M" STATE="Host"/>
</GROUP>
</GROUP>
<GROUP TYPE="Sample">
<GROUP TYPE="Patient" ID="010815850622"></GROUP><GROUP TYPE="Assays" ID=" ">
<GROUP TYPE="Assay" ID="PROTIA Allergy-Q 96M" STATE="Host"/>
</GROUP>
</GROUP>
<GROUP TYPE="Sample">
<GROUP TYPE="Patient" ID="010815801228"></GROUP><GROUP TYPE="Assays" ID=" ">
<GROUP TYPE="Assay" ID="PROTIA Allergy-Q 96M" STATE="Host"/>
</GROUP>
</GROUP>
<GROUP TYPE="Sample">
<GROUP TYPE="Patient" ID="010817251427"></GROUP><GROUP TYPE="Assays" ID=" ">
<GROUP TYPE="Assay" ID="PROTIA Allergy-Q 96M" STATE="Host"/>
</GROUP>
</GROUP>
<GROUP TYPE="Sample">
<GROUP TYPE="Patient" ID="010815878220"></GROUP><GROUP TYPE="Assays" ID=" ">
<GROUP TYPE="Assay" ID="PROTIA Allergy-Q 96M" STATE="Host"/>
</GROUP>
</GROUP>
<GROUP TYPE="Sample">
<GROUP TYPE="Patient" ID="010815850523"></GROUP><GROUP TYPE="Assays" ID=" ">
<GROUP TYPE="Assay" ID="PROTIA Allergy-Q 96M" STATE="Host"/>
</GROUP>
</GROUP>
<GROUP TYPE="Sample">
<GROUP TYPE="Patient" ID="010815851629"></GROUP><GROUP TYPE="Assays" ID=" ">
<GROUP TYPE="Assay" ID="PROTIA Allergy-Q 96M" STATE="Host"/>
</GROUP>
</GROUP>
<GROUP TYPE="Sample">
<GROUP TYPE="Patient" ID="010815850929"></GROUP><GROUP TYPE="Assays" ID=" ">
<GROUP TYPE="Assay" ID="PROTIA Allergy-Q 96M" STATE="Host"/>
</GROUP>
</GROUP>
<GROUP TYPE="Sample">
<GROUP TYPE="Patient" ID="010815139321"></GROUP><GROUP TYPE="Assays" ID=" ">
<GROUP TYPE="Assay" ID="PROTIA Allergy-Q 96M" STATE="Host"/>
</GROUP>
</GROUP>
<GROUP TYPE="Sample">
<GROUP TYPE="Patient" ID="010815147920"></GROUP><GROUP TYPE="Assays" ID=" ">
<GROUP TYPE="Assay" ID="PROTIA Allergy-Q 96M" STATE="Host"/>
</GROUP>
</GROUP>
<GROUP TYPE="Sample">
<GROUP TYPE="Patient" ID="010815851421"></GROUP><GROUP TYPE="Assays" ID=" ">
<GROUP TYPE="Assay" ID="PROTIA Allergy-Q 96M" STATE="Host"/>
</GROUP>
</GROUP>
<GROUP TYPE="Sample">
<GROUP TYPE="Patient" ID="010815851025"></GROUP><GROUP TYPE="Assays" ID=" ">
<GROUP TYPE="Assay" ID="PROTIA Allergy-Q 96M" STATE="Host"/>
</GROUP>
</GROUP>
<GROUP TYPE="Sample">
<GROUP TYPE="Patient" ID="010815851520"></GROUP><GROUP TYPE="Assays" ID=" ">
<GROUP TYPE="Assay" ID="PROTIA Allergy-Q 96M" STATE="Host"/>
</GROUP>
</GROUP>
<GROUP TYPE="Sample">
<GROUP TYPE="Patient" ID="010814625528"></GROUP><GROUP TYPE="Assays" ID=" ">
<GROUP TYPE="Assay" ID="PROTIA Allergy-Q 96M" STATE="Host"/>
</GROUP>
</GROUP>
<GROUP TYPE="Sample">
<GROUP TYPE="Patient" ID="010815247521"></GROUP><GROUP TYPE="Assays" ID=" ">
<GROUP TYPE="Assay" ID="PROTIA Allergy-Q 96M" STATE="Host"/>
</GROUP>
</GROUP>
<GROUP TYPE="Sample">
<GROUP TYPE="Patient" ID="010815247828"></GROUP><GROUP TYPE="Assays" ID=" ">
<GROUP TYPE="Assay" ID="PROTIA Allergy-Q 96M" STATE="Host"/>
</GROUP>
</GROUP>
<GROUP TYPE="Sample">
<GROUP TYPE="Patient" ID="010816871527"></GROUP><GROUP TYPE="Assays" ID=" ">
<GROUP TYPE="Assay" ID="PROTIA Allergy-Q 96M" STATE="Host"/>
</GROUP>
</GROUP>
<GROUP TYPE="Sample">
<GROUP TYPE="Patient" ID="010810984421"></GROUP><GROUP TYPE="Assays" ID=" ">
<GROUP TYPE="Assay" ID="PROTIA Allergy-Q 96M" STATE="Host"/>
</GROUP>
</GROUP>
<GROUP TYPE="Sample">
<GROUP TYPE="Patient" ID="010810883526"></GROUP><GROUP TYPE="Assays" ID=" ">
<GROUP TYPE="Assay" ID="PROTIA Allergy-Q 96M" STATE="Host"/>
</GROUP>
</GROUP>
<GROUP TYPE="Sample">
<GROUP TYPE="Patient" ID="010817509023"></GROUP><GROUP TYPE="Assays" ID=" ">
<GROUP TYPE="Assay" ID="PROTIA Allergy-Q 96M" STATE="Host"/>
</GROUP>
</GROUP>
<GROUP TYPE="Sample">
<GROUP TYPE="Patient" ID="010811052921"></GROUP><GROUP TYPE="Assays" ID=" ">
<GROUP TYPE="Assay" ID="PROTIA Allergy-Q 96M" STATE="Host"/>
</GROUP>
</GROUP>
<GROUP TYPE="Sample">
<GROUP TYPE="Patient" ID="010816705822"></GROUP><GROUP TYPE="Assays" ID=" ">
<GROUP TYPE="Assay" ID="PROTIA Allergy-Q 96M" STATE="Host"/>
</GROUP>
</GROUP>
<GROUP TYPE="Sample">
<GROUP TYPE="Patient" ID="010816706522"></GROUP><GROUP TYPE="Assays" ID=" ">
<GROUP TYPE="Assay" ID="PROTIA Allergy-Q 96M" STATE="Host"/>
</GROUP>
</GROUP>
<GROUP TYPE="Sample">
<GROUP TYPE="Patient" ID="010816706621"></GROUP><GROUP TYPE="Assays" ID=" ">
<GROUP TYPE="Assay" ID="PROTIA Allergy-Q 96M" STATE="Host"/>
</GROUP>
</GROUP>
<GROUP TYPE="Sample">
<GROUP TYPE="Patient" ID="010816706324"></GROUP><GROUP TYPE="Assays" ID=" ">
<GROUP TYPE="Assay" ID="PROTIA Allergy-Q 96M" STATE="Host"/>
</GROUP>
</GROUP>
<GROUP TYPE="Sample">
<GROUP TYPE="Patient" ID="010814108922"></GROUP><GROUP TYPE="Assays" ID=" ">
<GROUP TYPE="Assay" ID="PROTIA Allergy-Q 96M" STATE="Host"/>
</GROUP>
</GROUP>
<GROUP TYPE="Sample">
<GROUP TYPE="Patient" ID="010811594025"></GROUP><GROUP TYPE="Assays" ID=" ">
<GROUP TYPE="Assay" ID="PROTIA Allergy-Q 96M" STATE="Host"/>
</GROUP>
</GROUP>
<GROUP TYPE="Sample">
<GROUP TYPE="Patient" ID="010811520321"></GROUP><GROUP TYPE="Assays" ID=" ">
<GROUP TYPE="Assay" ID="PROTIA Allergy-Q 96M" STATE="Host"/>
</GROUP>
</GROUP>
<GROUP TYPE="Sample">
<GROUP TYPE="Patient" ID="010817779426"></GROUP><GROUP TYPE="Assays" ID=" ">
<GROUP TYPE="Assay" ID="PROTIA Allergy-Q 96M" STATE="Host"/>
</GROUP>
</GROUP>
<GROUP TYPE="Sample">
<GROUP TYPE="Patient" ID="010817411128"></GROUP><GROUP TYPE="Assays" ID=" ">
<GROUP TYPE="Assay" ID="PROTIA Allergy-Q 96M" STATE="Host"/>
</GROUP>
</GROUP>
<GROUP TYPE="Sample">
<GROUP TYPE="Patient" ID="010814625627"></GROUP><GROUP TYPE="Assays" ID=" ">
<GROUP TYPE="Assay" ID="PROTIA Allergy-Q 96M" STATE="Host"/>
</GROUP>
</GROUP>
<GROUP TYPE="Sample">
<GROUP TYPE="Patient" ID="010811543023"></GROUP><GROUP TYPE="Assays" ID=" ">
<GROUP TYPE="Assay" ID="PROTIA Allergy-Q 96M" STATE="Host"/>
</GROUP>
</GROUP>
<GROUP TYPE="Sample">
<GROUP TYPE="Patient" ID="010811470725"></GROUP><GROUP TYPE="Assays" ID=" ">
<GROUP TYPE="Assay" ID="PROTIA Allergy-Q 96M" STATE="Host"/>
</GROUP>
</GROUP>
<GROUP TYPE="Sample">
<GROUP TYPE="Patient" ID="010811597323"></GROUP><GROUP TYPE="Assays" ID=" ">
<GROUP TYPE="Assay" ID="PROTIA Allergy-Q 96M" STATE="Host"/>
</GROUP>
</GROUP>
<GROUP TYPE="Sample">
<GROUP TYPE="Patient" ID="010811541623"></GROUP><GROUP TYPE="Assays" ID=" ">
<GROUP TYPE="Assay" ID="PROTIA Allergy-Q 96M" STATE="Host"/>
</GROUP>
</GROUP>
<GROUP TYPE="Sample">
<GROUP TYPE="Patient" ID="010811565223"></GROUP><GROUP TYPE="Assays" ID=" ">
<GROUP TYPE="Assay" ID="PROTIA Allergy-Q 96M" STATE="Host"/>
</GROUP>
</GROUP>
<GROUP TYPE="Sample">
<GROUP TYPE="Patient" ID="010811563229"></GROUP><GROUP TYPE="Assays" ID=" ">
<GROUP TYPE="Assay" ID="PROTIA Allergy-Q 96M" STATE="Host"/>
</GROUP>
</GROUP>
<GROUP TYPE="Sample">
<GROUP TYPE="Patient" ID="010817771321"></GROUP><GROUP TYPE="Assays" ID=" ">
<GROUP TYPE="Assay" ID="PROTIA Allergy-Q 96M" STATE="Host"/>
</GROUP>
</GROUP>
<GROUP TYPE="Sample">
<GROUP TYPE="Patient" ID="010815138621"></GROUP><GROUP TYPE="Assays" ID=" ">
<GROUP TYPE="Assay" ID="PROTIA Allergy-Q 96M" STATE="Host"/>
</GROUP>
</GROUP>
<GROUP TYPE="Sample">
<GROUP TYPE="Patient" ID="010817771826"></GROUP><GROUP TYPE="Assays" ID=" ">
<GROUP TYPE="Assay" ID="PROTIA Allergy-Q 96M" STATE="Host"/>
</GROUP>
</GROUP>
<GROUP TYPE="Sample">
<GROUP TYPE="Patient" ID="010817250826"></GROUP><GROUP TYPE="Assays" ID=" ">
<GROUP TYPE="Assay" ID="PROTIA Allergy-Q 96M" STATE="Host"/>
</GROUP>
</GROUP>
<GROUP TYPE="Sample">
<GROUP TYPE="Patient" ID="010817773820"></GROUP><GROUP TYPE="Assays" ID=" ">
<GROUP TYPE="Assay" ID="PROTIA Allergy-Q 96M" STATE="Host"/>
</GROUP>
</GROUP>
<GROUP TYPE="Sample">
<GROUP TYPE="Patient" ID="010817773325"></GROUP><GROUP TYPE="Assays" ID=" ">
<GROUP TYPE="Assay" ID="PROTIA Allergy-Q 96M" STATE="Host"/>
</GROUP>
</GROUP>
<GROUP TYPE="Sample">
<GROUP TYPE="Patient" ID="010815469527"></GROUP><GROUP TYPE="Assays" ID=" ">
<GROUP TYPE="Assay" ID="PROTIA Allergy-Q 96M" STATE="Host"/>
</GROUP>
</GROUP>
<GROUP TYPE="Sample">
<GROUP TYPE="Patient" ID="010814625726"></GROUP><GROUP TYPE="Assays" ID=" ">
<GROUP TYPE="Assay" ID="PROTIA Allergy-Q 96M" STATE="Host"/>
</GROUP>
</GROUP>
<GROUP TYPE="Sample">
<GROUP TYPE="Patient" ID="010814625429"></GROUP><GROUP TYPE="Assays" ID=" ">
<GROUP TYPE="Assay" ID="PROTIA Allergy-Q 96M" STATE="Host"/>
</GROUP>
</GROUP>
<GROUP TYPE="Sample">
<GROUP TYPE="Patient" ID="010817250123"></GROUP><GROUP TYPE="Assays" ID=" ">
<GROUP TYPE="Assay" ID="PROTIA Allergy-Q 96M" STATE="Host"/>
</GROUP>
</GROUP>
<GROUP TYPE="Sample">
<GROUP TYPE="Patient" ID="010815854026"></GROUP><GROUP TYPE="Assays" ID=" ">
<GROUP TYPE="Assay" ID="PROTIA Allergy-Q 96M" STATE="Host"/>
</GROUP>
</GROUP>
<GROUP TYPE="Sample">
<GROUP TYPE="Patient" ID="010815850820"></GROUP><GROUP TYPE="Assays" ID=" ">
<GROUP TYPE="Assay" ID="PROTIA Allergy-Q 96M" STATE="Host"/>
</GROUP>
</GROUP>
<GROUP TYPE="Sample">
<GROUP TYPE="Patient" ID="010817773424"></GROUP><GROUP TYPE="Assays" ID=" ">
<GROUP TYPE="Assay" ID="PROTIA Allergy-Q 96M" STATE="Host"/>
</GROUP>
</GROUP>
<GROUP TYPE="Sample">
<GROUP TYPE="Patient" ID="010817772922"></GROUP><GROUP TYPE="Assays" ID=" ">
<GROUP TYPE="Assay" ID="PROTIA Allergy-Q 96M" STATE="Host"/>
</GROUP>
</GROUP>
<GROUP TYPE="Sample">
<GROUP TYPE="Patient" ID="010815850721"></GROUP><GROUP TYPE="Assays" ID=" ">
<GROUP TYPE="Assay" ID="PROTIA Allergy-Q 96M" STATE="Host"/>
</GROUP>
</GROUP>
<GROUP TYPE="Sample">
<GROUP TYPE="Patient" ID="010815851124"></GROUP><GROUP TYPE="Assays" ID=" ">
<GROUP TYPE="Assay" ID="PROTIA Allergy-Q 96M" STATE="Host"/>
</GROUP>
</GROUP>
<GROUP TYPE="Sample">
<GROUP TYPE="Patient" ID="010811513026"></GROUP><GROUP TYPE="Assays" ID=" ">
<GROUP TYPE="Assay" ID="PROTIA Allergy-Q 96M" STATE="Host"/>
</GROUP>
</GROUP>
<GROUP TYPE="Sample">
<GROUP TYPE="Patient" ID="010811548622"></GROUP><GROUP TYPE="Assays" ID=" ">
<GROUP TYPE="Assay" ID="PROTIA Allergy-Q 96M" STATE="Host"/>
</GROUP>
</GROUP>
<GROUP TYPE="Sample">
<GROUP TYPE="Patient" ID="010811607626"></GROUP><GROUP TYPE="Assays" ID=" ">
<GROUP TYPE="Assay" ID="PROTIA Allergy-Q 96M" STATE="Host"/>
</GROUP>
</GROUP>
<GROUP TYPE="Sample">
<GROUP TYPE="Patient" ID="010811548721"></GROUP><GROUP TYPE="Assays" ID=" ">
<GROUP TYPE="Assay" ID="PROTIA Allergy-Q 96M" STATE="Host"/>
</GROUP>
</GROUP>
<GROUP TYPE="Sample">
<GROUP TYPE="Patient" ID="010811513125"></GROUP><GROUP TYPE="Assays" ID=" ">
<GROUP TYPE="Assay" ID="PROTIA Allergy-Q 96M" STATE="Host"/>
</GROUP>
</GROUP>
<GROUP TYPE="Sample">
<GROUP TYPE="Patient" ID="010811513323"></GROUP><GROUP TYPE="Assays" ID=" ">
<GROUP TYPE="Assay" ID="PROTIA Allergy-Q 96M" STATE="Host"/>
</GROUP>
</GROUP>
<GROUP TYPE="Sample">
<GROUP TYPE="Patient" ID="010817770928"></GROUP><GROUP TYPE="Assays" ID=" ">
<GROUP TYPE="Assay" ID="PROTIA Allergy-Q 96M" STATE="Host"/>
</GROUP>
</GROUP>
<GROUP TYPE="Sample">
<GROUP TYPE="Patient" ID="010811548523"></GROUP><GROUP TYPE="Assays" ID=" ">
<GROUP TYPE="Assay" ID="PROTIA Allergy-Q 96M" STATE="Host"/>
</GROUP>
</GROUP>
<GROUP TYPE="Sample">
<GROUP TYPE="Patient" ID="010814317423"></GROUP><GROUP TYPE="Assays" ID=" ">
<GROUP TYPE="Assay" ID="PROTIA Allergy-Q 96M" STATE="Host"/>
</GROUP>
</GROUP>
<GROUP TYPE="Sample">
<GROUP TYPE="Patient" ID="010817508927"></GROUP><GROUP TYPE="Assays" ID=" ">
<GROUP TYPE="Assay" ID="PROTIA Allergy-Q 96M" STATE="Host"/>
</GROUP>
</GROUP>
<GROUP TYPE="Sample">
<GROUP TYPE="Patient" ID="010811266229"></GROUP><GROUP TYPE="Assays" ID=" ">
<GROUP TYPE="Assay" ID="PROTIA Allergy-Q 96M" STATE="Host"/>
</GROUP>
</GROUP>
<GROUP TYPE="Sample">
<GROUP TYPE="Patient" ID="010811264324"></GROUP><GROUP TYPE="Assays" ID=" ">
<GROUP TYPE="Assay" ID="PROTIA Allergy-Q 96M" STATE="Host"/>
</GROUP>
</GROUP>
<GROUP TYPE="Sample">
<GROUP TYPE="Patient" ID="010816315724"></GROUP><GROUP TYPE="Assays" ID=" ">
<GROUP TYPE="Assay" ID="PROTIA Allergy-Q 96M" STATE="Host"/>
</GROUP>
</GROUP>
<GROUP TYPE="Sample">
<GROUP TYPE="Patient" ID="010811091425"></GROUP><GROUP TYPE="Assays" ID=" ">
<GROUP TYPE="Assay" ID="PROTIA Allergy-Q 96M" STATE="Host"/>
</GROUP>
</GROUP>
<GROUP TYPE="Sample">
<GROUP TYPE="Patient" ID="010810841229"></GROUP><GROUP TYPE="Assays" ID=" ">
<GROUP TYPE="Assay" ID="PROTIA Allergy-Q 96M" STATE="Host"/>
</GROUP>
</GROUP>
<GROUP TYPE="Sample">
<GROUP TYPE="Patient" ID="010817733022"></GROUP><GROUP TYPE="Assays" ID=" ">
<GROUP TYPE="Assay" ID="PROTIA Allergy-Q 96M" STATE="Host"/>
</GROUP>
</GROUP>
<GROUP TYPE="Sample">
<GROUP TYPE="Patient" ID="010817778726"></GROUP><GROUP TYPE="Assays" ID=" ">
<GROUP TYPE="Assay" ID="PROTIA Allergy-Q 96M" STATE="Host"/>
</GROUP>
</GROUP>
<GROUP TYPE="Sample">
<GROUP TYPE="Patient" ID="010814083328"></GROUP><GROUP TYPE="Assays" ID=" ">
<GROUP TYPE="Assay" ID="PROTIA Allergy-Q 96M" STATE="Host"/>
</GROUP>
</GROUP>
<GROUP TYPE="Sample">
<GROUP TYPE="Patient" ID="010811548424"></GROUP><GROUP TYPE="Assays" ID=" ">
<GROUP TYPE="Assay" ID="PROTIA Allergy-Q 96M" STATE="Host"/>
</GROUP>
</GROUP>
<GROUP TYPE="Sample">
<GROUP TYPE="Patient" ID="010817411425"></GROUP><GROUP TYPE="Assays" ID=" ">
<GROUP TYPE="Assay" ID="PROTIA Allergy-Q 96M" STATE="Host"/>
</GROUP>
</GROUP>
<GROUP TYPE="Sample">
<GROUP TYPE="Patient" ID="010817411326"></GROUP><GROUP TYPE="Assays" ID=" ">
<GROUP TYPE="Assay" ID="PROTIA Allergy-Q 96M" STATE="Host"/>
</GROUP>
</GROUP>
<GROUP TYPE="Sample">
<GROUP TYPE="Patient" ID="010811541128"></GROUP><GROUP TYPE="Assays" ID=" ">
<GROUP TYPE="Assay" ID="PROTIA Allergy-Q 96M" STATE="Host"/>
</GROUP>
</GROUP>
<GROUP TYPE="Sample">
<GROUP TYPE="Patient" ID="010811568026"></GROUP><GROUP TYPE="Assays" ID=" ">
<GROUP TYPE="Assay" ID="PROTIA Allergy-Q 96M" STATE="Host"/>
</GROUP>
</GROUP>
<GROUP TYPE="Sample">
<GROUP TYPE="Patient" ID="010815805127"></GROUP><GROUP TYPE="Assays" ID=" ">
<GROUP TYPE="Assay" ID="PROTIA Allergy-Q 96M" STATE="Host"/>
</GROUP>
</GROUP>
<GROUP TYPE="Sample">
<GROUP TYPE="Patient" ID="010815851322"></GROUP><GROUP TYPE="Assays" ID=" ">
<GROUP TYPE="Assay" ID="PROTIA Allergy-Q 96M" STATE="Host"/>
</GROUP>
</GROUP>
<GROUP TYPE="Sample">
<GROUP TYPE="Patient" ID="010814925529"></GROUP><GROUP TYPE="Assays" ID=" ">
<GROUP TYPE="Assay" ID="PROTIA Allergy-Q 96M" STATE="Host"/>
</GROUP>
</GROUP>
<GROUP TYPE="Sample">
<GROUP TYPE="Patient" ID="010815205620"></GROUP><GROUP TYPE="Assays" ID=" ">
<GROUP TYPE="Assay" ID="PROTIA Allergy-Q 96M" STATE="Host"/>
</GROUP>
</GROUP>
<GROUP TYPE="Sample">
<GROUP TYPE="Patient" ID="010813100521"></GROUP><GROUP TYPE="Assays" ID=" ">
<GROUP TYPE="Assay" ID="PROTIA Allergy-Q 96M" STATE="Host"/>
</GROUP>
</GROUP>
<GROUP TYPE="Sample">
<GROUP TYPE="Patient" ID="010813100620"></GROUP><GROUP TYPE="Assays" ID=" ">
<GROUP TYPE="Assay" ID="PROTIA Allergy-Q 96M" STATE="Host"/>
</GROUP>
</GROUP>
<GROUP TYPE="Sample">
<GROUP TYPE="Patient" ID="010811356425"></GROUP><GROUP TYPE="Assays" ID=" ">
<GROUP TYPE="Assay" ID="PROTIA Allergy-Q 96M" STATE="Host"/>
</GROUP>
</GROUP>
<GROUP TYPE="Sample">
<GROUP TYPE="Patient" ID="010815878725"></GROUP><GROUP TYPE="Assays" ID=" ">
<GROUP TYPE="Assay" ID="PROTIA Allergy-Q 96M" STATE="Host"/>
</GROUP>
</GROUP>
<GROUP TYPE="Sample">
<GROUP TYPE="Patient" ID="010817661622"></GROUP><GROUP TYPE="Assays" ID=" ">
<GROUP TYPE="Assay" ID="PROTIA Allergy-Q 96M" STATE="Host"/>
</GROUP>
</GROUP>
<GROUP TYPE="Sample">
<GROUP TYPE="Patient" ID="010814628123"></GROUP><GROUP TYPE="Assays" ID=" ">
<GROUP TYPE="Assay" ID="PROTIA Allergy-Q 96M" STATE="Host"/>
</GROUP>
</GROUP>
<GROUP TYPE="Sample">
<GROUP TYPE="Patient" ID="010814625320"></GROUP><GROUP TYPE="Assays" ID=" ">
<GROUP TYPE="Assay" ID="PROTIA Allergy-Q 96M" STATE="Host"/>
</GROUP>
</GROUP>
<GROUP TYPE="Sample">
<GROUP TYPE="Patient" ID="010814625825"></GROUP><GROUP TYPE="Assays" ID=" ">
<GROUP TYPE="Assay" ID="PROTIA Allergy-Q 96M" STATE="Host"/>
</GROUP>
</GROUP>
<GROUP TYPE="Sample">
<GROUP TYPE="Patient" ID="010814628024"></GROUP><GROUP TYPE="Assays" ID=" ">
<GROUP TYPE="Assay" ID="PROTIA Allergy-Q 96M" STATE="Host"/>
</GROUP>
</GROUP>
<GROUP TYPE="Sample">
<GROUP TYPE="Patient" ID="010815851223"></GROUP><GROUP TYPE="Assays" ID=" ">
<GROUP TYPE="Assay" ID="PROTIA Allergy-Q 96M" STATE="Host"/>
</GROUP>
</GROUP>
<GROUP TYPE="Sample">
<GROUP TYPE="Patient" ID="010815859625"></GROUP><GROUP TYPE="Assays" ID=" ">
<GROUP TYPE="Assay" ID="PROTIA Allergy-Q 96M" STATE="Host"/>
</GROUP>
</GROUP>
<GROUP TYPE="Sample">
<GROUP TYPE="Patient" ID="010815805226"></GROUP><GROUP TYPE="Assays" ID=" ">
<GROUP TYPE="Assay" ID="PROTIA Allergy-Q 96M" STATE="Host"/>
</GROUP>
</GROUP>
<GROUP TYPE="Sample">
<GROUP TYPE="Patient" ID="010815805028"></GROUP><GROUP TYPE="Assays" ID=" ">
<GROUP TYPE="Assay" ID="PROTIA Allergy-Q 96M" STATE="Host"/>
</GROUP>
</GROUP>
<GROUP TYPE="Sample">
<GROUP TYPE="Patient" ID="010813950126"></GROUP><GROUP TYPE="Assays" ID=" ">
<GROUP TYPE="Assay" ID="PROTIA Allergy-Q 96M" STATE="Host"/>
</GROUP>
</GROUP>
<GROUP TYPE="Sample">
<GROUP TYPE="Patient" ID="010813858620"></GROUP><GROUP TYPE="Assays" ID=" ">
<GROUP TYPE="Assay" ID="PROTIA Allergy-Q 96M" STATE="Host"/>
</GROUP>
</GROUP>
<GROUP TYPE="Sample">
<GROUP TYPE="Patient" ID="010813771622"></GROUP><GROUP TYPE="Assays" ID=" ">
<GROUP TYPE="Assay" ID="PROTIA Allergy-Q 96M" STATE="Host"/>
</GROUP>
</GROUP>
<GROUP TYPE="Sample">
<GROUP TYPE="Patient" ID="010815353826"></GROUP><GROUP TYPE="Assays" ID=" ">
<GROUP TYPE="Assay" ID="PROTIA Allergy-Q 96M" STATE="Host"/>
</GROUP>
</GROUP>
<GROUP TYPE="Sample">
<GROUP TYPE="Patient" ID="010813745227"></GROUP><GROUP TYPE="Assays" ID=" ">
<GROUP TYPE="Assay" ID="PROTIA Allergy-Q 96M" STATE="Host"/>
</GROUP>
</GROUP>
<GROUP TYPE="Sample">
<GROUP TYPE="Patient" ID="010813840724"></GROUP><GROUP TYPE="Assays" ID=" ">
<GROUP TYPE="Assay" ID="PROTIA Allergy-Q 96M" STATE="Host"/>
</GROUP>
</GROUP>
<GROUP TYPE="Sample">
<GROUP TYPE="Patient" ID="010813785728"></GROUP><GROUP TYPE="Assays" ID=" ">
<GROUP TYPE="Assay" ID="PROTIA Allergy-Q 96M" STATE="Host"/>
</GROUP>
</GROUP>
<GROUP TYPE="Sample">
<GROUP TYPE="Patient" ID="010815724428"></GROUP><GROUP TYPE="Assays" ID=" ">
<GROUP TYPE="Assay" ID="PROTIA Allergy-Q 96M" STATE="Host"/>
</GROUP>
</GROUP>
<GROUP TYPE="Sample">
<GROUP TYPE="Patient" ID="010813745326"></GROUP><GROUP TYPE="Assays" ID=" ">
<GROUP TYPE="Assay" ID="PROTIA Allergy-Q 96M" STATE="Host"/>
</GROUP>
</GROUP>
<GROUP TYPE="Sample">
<GROUP TYPE="Patient" ID="010815714726"></GROUP><GROUP TYPE="Assays" ID=" ">
<GROUP TYPE="Assay" ID="PROTIA Allergy-Q 96M" STATE="Host"/>
</GROUP>
</GROUP>
<GROUP TYPE="Sample">
<GROUP TYPE="Patient" ID="010815724923"></GROUP><GROUP TYPE="Assays" ID=" ">
<GROUP TYPE="Assay" ID="PROTIA Allergy-Q 96M" STATE="Host"/>
</GROUP>
</GROUP>
<GROUP TYPE="Sample">
<GROUP TYPE="Patient" ID="010813773329"></GROUP><GROUP TYPE="Assays" ID=" ">
<GROUP TYPE="Assay" ID="PROTIA Allergy-Q 96M" STATE="Host"/>
</GROUP>
</GROUP>
<GROUP TYPE="Sample">
<GROUP TYPE="Patient" ID="010813532926"></GROUP><GROUP TYPE="Assays" ID=" ">
<GROUP TYPE="Assay" ID="PROTIA Allergy-Q 96M" STATE="Host"/>
</GROUP>
</GROUP>
<GROUP TYPE="Sample">
<GROUP TYPE="Patient" ID="010813781522"></GROUP><GROUP TYPE="Assays" ID=" ">
<GROUP TYPE="Assay" ID="PROTIA Allergy-Q 96M" STATE="Host"/>
</GROUP>
</GROUP>
<GROUP TYPE="Sample">
<GROUP TYPE="Patient" ID="010815724626"></GROUP><GROUP TYPE="Assays" ID=" ">
<GROUP TYPE="Assay" ID="PROTIA Allergy-Q 96M" STATE="Host"/>
</GROUP>
</GROUP>
<GROUP TYPE="Sample">
<GROUP TYPE="Patient" ID="010813858224"></GROUP><GROUP TYPE="Assays" ID=" ">
<GROUP TYPE="Assay" ID="PROTIA Allergy-Q 96M" STATE="Host"/>
</GROUP>
</GROUP>
<GROUP TYPE="Sample">
<GROUP TYPE="Patient" ID="010813770823"></GROUP><GROUP TYPE="Assays" ID=" ">
<GROUP TYPE="Assay" ID="PROTIA Allergy-Q 96M" STATE="Host"/>
</GROUP>
</GROUP>
<GROUP TYPE="Sample">
<GROUP TYPE="Patient" ID="010813770021"></GROUP><GROUP TYPE="Assays" ID=" ">
<GROUP TYPE="Assay" ID="PROTIA Allergy-Q 96M" STATE="Host"/>
</GROUP>
</GROUP>
<GROUP TYPE="Sample">
<GROUP TYPE="Patient" ID="010818156622"></GROUP><GROUP TYPE="Assays" ID=" ">
<GROUP TYPE="Assay" ID="PROTIA Allergy-Q 96M" STATE="Host"/>
</GROUP>
</GROUP>
</GROUP>