<?xml version="1.0" encoding="utf-8"?><GROUP NAME="WORKLIST" TYPE="HOST" VERSION="00.00.00.00">
<GROUP TYPE="Sample">
<GROUP TYPE="Patient" ID="011801572627"></GROUP><GROUP TYPE="Assays" ID=" ">
<GROUP TYPE="Assay" ID="PROTIA Allergy-Q Atopy" STATE="Host"/>
</GROUP>
</GROUP>
<GROUP TYPE="Sample">
<GROUP TYPE="Patient" ID="011800534220"></GROUP><GROUP TYPE="Assays" ID=" ">
<GROUP TYPE="Assay" ID="PROTIA Allergy-Q 96M" STATE="Host"/>
</GROUP>
</GROUP>
<GROUP TYPE="Sample">
<GROUP TYPE="Patient" ID="011801029725"></GROUP><GROUP TYPE="Assays" ID=" ">
<GROUP TYPE="Assay" ID="PROTIA Allergy-Q 96M" STATE="Host"/>
</GROUP>
</GROUP>
<GROUP TYPE="Sample">
<GROUP TYPE="Patient" ID="011801572924"></GROUP><GROUP TYPE="Assays" ID=" ">
<GROUP TYPE="Assay" ID="PROTIA Allergy-Q 96M" STATE="Host"/>
</GROUP>
</GROUP>
<GROUP TYPE="Sample">
<GROUP TYPE="Patient" ID="011801577424"></GROUP><GROUP TYPE="Assays" ID=" ">
<GROUP TYPE="Assay" ID="PROTIA Allergy-Q 96M" STATE="Host"/>
</GROUP>
</GROUP>
<GROUP TYPE="Sample">
<GROUP TYPE="Patient" ID="011801577820"></GROUP><GROUP TYPE="Assays" ID=" ">
<GROUP TYPE="Assay" ID="PROTIA Allergy-Q 96M" STATE="Host"/>
</GROUP>
</GROUP>
<GROUP TYPE="Sample">
<GROUP TYPE="Patient" ID="011801578025"></GROUP><GROUP TYPE="Assays" ID=" ">
<GROUP TYPE="Assay" ID="PROTIA Allergy-Q 96M" STATE="Host"/>
</GROUP>
</GROUP>
<GROUP TYPE="Sample">
<GROUP TYPE="Patient" ID="011801699621"></GROUP><GROUP TYPE="Assays" ID=" ">
<GROUP TYPE="Assay" ID="PROTIA Allergy-Q 96M" STATE="Host"/>
</GROUP>
</GROUP>
<GROUP TYPE="Sample">
<GROUP TYPE="Patient" ID="011803776320"></GROUP><GROUP TYPE="Assays" ID=" ">
<GROUP TYPE="Assay" ID="PROTIA Allergy-Q 96M" STATE="Host"/>
</GROUP>
</GROUP>
<GROUP TYPE="Sample">
<GROUP TYPE="Patient" ID="011804802028"></GROUP><GROUP TYPE="Assays" ID=" ">
<GROUP TYPE="Assay" ID="PROTIA Allergy-Q 96M" STATE="Host"/>
</GROUP>
</GROUP>
<GROUP TYPE="Sample">
<GROUP TYPE="Patient" ID="011805400322"></GROUP><GROUP TYPE="Assays" ID=" ">
<GROUP TYPE="Assay" ID="PROTIA Allergy-Q 96M" STATE="Host"/>
</GROUP>
</GROUP>
<GROUP TYPE="Sample">
<GROUP TYPE="Patient" ID="011807422629"></GROUP><GROUP TYPE="Assays" ID=" ">
<GROUP TYPE="Assay" ID="PROTIA Allergy-Q 96M" STATE="Host"/>
</GROUP>
</GROUP>
<GROUP TYPE="Sample">
<GROUP TYPE="Patient" ID="011807504127"></GROUP><GROUP TYPE="Assays" ID=" ">
<GROUP TYPE="Assay" ID="PROTIA Allergy-Q 96M" STATE="Host"/>
</GROUP>
</GROUP>
<GROUP TYPE="Sample">
<GROUP TYPE="Patient" ID="011807644021"></GROUP><GROUP TYPE="Assays" ID=" ">
<GROUP TYPE="Assay" ID="PROTIA Allergy-Q 96M" STATE="Host"/>
</GROUP>
</GROUP>
<GROUP TYPE="Sample">
<GROUP TYPE="Patient" ID="011807644328"></GROUP><GROUP TYPE="Assays" ID=" ">
<GROUP TYPE="Assay" ID="PROTIA Allergy-Q 96M" STATE="Host"/>
</GROUP>
</GROUP>
<GROUP TYPE="Sample">
<GROUP TYPE="Patient" ID="011800268125"></GROUP><GROUP TYPE="Assays" ID=" ">
<GROUP TYPE="Assay" ID="PROTIA Allergy-Q 96M" STATE="Host"/>
</GROUP>
</GROUP>
<GROUP TYPE="Sample">
<GROUP TYPE="Patient" ID="011804972424"></GROUP><GROUP TYPE="Assays" ID=" ">
<GROUP TYPE="Assay" ID="PROTIA Allergy-Q 96M" STATE="Host"/>
</GROUP>
</GROUP>
<GROUP TYPE="Sample">
<GROUP TYPE="Patient" ID="011804311728"></GROUP><GROUP TYPE="Assays" ID=" ">
<GROUP TYPE="Assay" ID="PROTIA Allergy-Q 96M" STATE="Host"/>
</GROUP>
</GROUP>
<GROUP TYPE="Sample">
<GROUP TYPE="Patient" ID="011800886428"></GROUP><GROUP TYPE="Assays" ID=" ">
<GROUP TYPE="Assay" ID="PROTIA Allergy-Q 96M" STATE="Host"/>
</GROUP>
</GROUP>
<GROUP TYPE="Sample">
<GROUP TYPE="Patient" ID="011800887524"></GROUP><GROUP TYPE="Assays" ID=" ">
<GROUP TYPE="Assay" ID="PROTIA Allergy-Q 96M" STATE="Host"/>
</GROUP>
</GROUP>
<GROUP TYPE="Sample">
<GROUP TYPE="Patient" ID="011800440323"></GROUP><GROUP TYPE="Assays" ID=" ">
<GROUP TYPE="Assay" ID="PROTIA Allergy-Q 96M" STATE="Host"/>
</GROUP>
</GROUP>
<GROUP TYPE="Sample">
<GROUP TYPE="Patient" ID="011800531724"></GROUP><GROUP TYPE="Assays" ID=" ">
<GROUP TYPE="Assay" ID="PROTIA Allergy-Q 96M" STATE="Host"/>
</GROUP>
</GROUP>
<GROUP TYPE="Sample">
<GROUP TYPE="Patient" ID="011803101429"></GROUP><GROUP TYPE="Assays" ID=" ">
<GROUP TYPE="Assay" ID="PROTIA Allergy-Q 96M" STATE="Host"/>
</GROUP>
</GROUP>
<GROUP TYPE="Sample">
<GROUP TYPE="Patient" ID="011800765723"></GROUP><GROUP TYPE="Assays" ID=" ">
<GROUP TYPE="Assay" ID="PROTIA Allergy-Q 96M" STATE="Host"/>
</GROUP>
</GROUP>
<GROUP TYPE="Sample">
<GROUP TYPE="Patient" ID="011800772127"></GROUP><GROUP TYPE="Assays" ID=" ">
<GROUP TYPE="Assay" ID="PROTIA Allergy-Q 96M" STATE="Host"/>
</GROUP>
</GROUP>
<GROUP TYPE="Sample">
<GROUP TYPE="Patient" ID="011804555122"></GROUP><GROUP TYPE="Assays" ID=" ">
<GROUP TYPE="Assay" ID="PROTIA Allergy-Q 96M" STATE="Host"/>
</GROUP>
</GROUP>
<GROUP TYPE="Sample">
<GROUP TYPE="Patient" ID="011804554828"></GROUP><GROUP TYPE="Assays" ID=" ">
<GROUP TYPE="Assay" ID="PROTIA Allergy-Q 96M" STATE="Host"/>
</GROUP>
</GROUP>
<GROUP TYPE="Sample">
<GROUP TYPE="Patient" ID="011800230528"></GROUP><GROUP TYPE="Assays" ID=" ">
<GROUP TYPE="Assay" ID="PROTIA Allergy-Q 96M" STATE="Host"/>
</GROUP>
</GROUP>
<GROUP TYPE="Sample">
<GROUP TYPE="Patient" ID="011800240428"></GROUP><GROUP TYPE="Assays" ID=" ">
<GROUP TYPE="Assay" ID="PROTIA Allergy-Q 96M" STATE="Host"/>
</GROUP>
</GROUP>
<GROUP TYPE="Sample">
<GROUP TYPE="Patient" ID="011800210124"></GROUP><GROUP TYPE="Assays" ID=" ">
<GROUP TYPE="Assay" ID="PROTIA Allergy-Q 96M" STATE="Host"/>
</GROUP>
</GROUP>
<GROUP TYPE="Sample">
<GROUP TYPE="Patient" ID="011800070827"></GROUP><GROUP TYPE="Assays" ID=" ">
<GROUP TYPE="Assay" ID="PROTIA Allergy-Q 96M" STATE="Host"/>
</GROUP>
</GROUP>
<GROUP TYPE="Sample">
<GROUP TYPE="Patient" ID="011804963927"></GROUP><GROUP TYPE="Assays" ID=" ">
<GROUP TYPE="Assay" ID="PROTIA Allergy-Q 96M" STATE="Host"/>
</GROUP>
</GROUP>
<GROUP TYPE="Sample">
<GROUP TYPE="Patient" ID="011805603624"></GROUP><GROUP TYPE="Assays" ID=" ">
<GROUP TYPE="Assay" ID="PROTIA Allergy-Q 96M" STATE="Host"/>
</GROUP>
</GROUP>
<GROUP TYPE="Sample">
<GROUP TYPE="Patient" ID="011804003128"></GROUP><GROUP TYPE="Assays" ID=" ">
<GROUP TYPE="Assay" ID="PROTIA Allergy-Q 96M" STATE="Host"/>
</GROUP>
</GROUP>
<GROUP TYPE="Sample">
<GROUP TYPE="Patient" ID="011806841421"></GROUP><GROUP TYPE="Assays" ID=" ">
<GROUP TYPE="Assay" ID="PROTIA Allergy-Q 96M" STATE="Host"/>
</GROUP>
</GROUP>
<GROUP TYPE="Sample">
<GROUP TYPE="Patient" ID="011804830120"></GROUP><GROUP TYPE="Assays" ID=" ">
<GROUP TYPE="Assay" ID="PROTIA Allergy-Q 96M" STATE="Host"/>
</GROUP>
</GROUP>
<GROUP TYPE="Sample">
<GROUP TYPE="Patient" ID="011800740522"></GROUP><GROUP TYPE="Assays" ID=" ">
<GROUP TYPE="Assay" ID="PROTIA Allergy-Q 96M" STATE="Host"/>
</GROUP>
</GROUP>
<GROUP TYPE="Sample">
<GROUP TYPE="Patient" ID="011801364222"></GROUP><GROUP TYPE="Assays" ID=" ">
<GROUP TYPE="Assay" ID="PROTIA Allergy-Q 96M" STATE="Host"/>
</GROUP>
</GROUP>
<GROUP TYPE="Sample">
<GROUP TYPE="Patient" ID="011801326626"></GROUP><GROUP TYPE="Assays" ID=" ">
<GROUP TYPE="Assay" ID="PROTIA Allergy-Q 96M" STATE="Host"/>
</GROUP>
</GROUP>
<GROUP TYPE="Sample">
<GROUP TYPE="Patient" ID="011800440521"></GROUP><GROUP TYPE="Assays" ID=" ">
<GROUP TYPE="Assay" ID="PROTIA Allergy-Q 96M" STATE="Host"/>
</GROUP>
</GROUP>
<GROUP TYPE="Sample">
<GROUP TYPE="Patient" ID="011800440224"></GROUP><GROUP TYPE="Assays" ID=" ">
<GROUP TYPE="Assay" ID="PROTIA Allergy-Q 96M" STATE="Host"/>
</GROUP>
</GROUP>
<GROUP TYPE="Sample">
<GROUP TYPE="Patient" ID="011800606828"></GROUP><GROUP TYPE="Assays" ID=" ">
<GROUP TYPE="Assay" ID="PROTIA Allergy-Q 96M" STATE="Host"/>
</GROUP>
</GROUP>
<GROUP TYPE="Sample">
<GROUP TYPE="Patient" ID="011800488622"></GROUP><GROUP TYPE="Assays" ID=" ">
<GROUP TYPE="Assay" ID="PROTIA Allergy-Q 96M" STATE="Host"/>
</GROUP>
</GROUP>
<GROUP TYPE="Sample">
<GROUP TYPE="Patient" ID="011800318929"></GROUP><GROUP TYPE="Assays" ID=" ">
<GROUP TYPE="Assay" ID="PROTIA Allergy-Q 96M" STATE="Host"/>
</GROUP>
</GROUP>
<GROUP TYPE="Sample">
<GROUP TYPE="Patient" ID="011800268422"></GROUP><GROUP TYPE="Assays" ID=" ">
<GROUP TYPE="Assay" ID="PROTIA Allergy-Q 96M" STATE="Host"/>
</GROUP>
</GROUP>
<GROUP TYPE="Sample">
<GROUP TYPE="Patient" ID="011804576325"></GROUP><GROUP TYPE="Assays" ID=" ">
<GROUP TYPE="Assay" ID="PROTIA Allergy-Q 96M" STATE="Host"/>
</GROUP>
</GROUP>
<GROUP TYPE="Sample">
<GROUP TYPE="Patient" ID="011804535827"></GROUP><GROUP TYPE="Assays" ID=" ">
<GROUP TYPE="Assay" ID="PROTIA Allergy-Q 96M" STATE="Host"/>
</GROUP>
</GROUP>
<GROUP TYPE="Sample">
<GROUP TYPE="Patient" ID="011800083827"></GROUP><GROUP TYPE="Assays" ID=" ">
<GROUP TYPE="Assay" ID="PROTIA Allergy-Q 96M" STATE="Host"/>
</GROUP>
</GROUP>
<GROUP TYPE="Sample">
<GROUP TYPE="Patient" ID="011800440125"></GROUP><GROUP TYPE="Assays" ID=" ">
<GROUP TYPE="Assay" ID="PROTIA Allergy-Q 96M" STATE="Host"/>
</GROUP>
</GROUP>
<GROUP TYPE="Sample">
<GROUP TYPE="Patient" ID="011800440422"></GROUP><GROUP TYPE="Assays" ID=" ">
<GROUP TYPE="Assay" ID="PROTIA Allergy-Q 96M" STATE="Host"/>
</GROUP>
</GROUP>
<GROUP TYPE="Sample">
<GROUP TYPE="Patient" ID="011800534527"></GROUP><GROUP TYPE="Assays" ID=" ">
<GROUP TYPE="Assay" ID="PROTIA Allergy-Q 96M" STATE="Host"/>
</GROUP>
</GROUP>
<GROUP TYPE="Sample">
<GROUP TYPE="Patient" ID="011804554521"></GROUP><GROUP TYPE="Assays" ID=" ">
<GROUP TYPE="Assay" ID="PROTIA Allergy-Q 96M" STATE="Host"/>
</GROUP>
</GROUP>
<GROUP TYPE="Sample">
<GROUP TYPE="Patient" ID="011800492124"></GROUP><GROUP TYPE="Assays" ID=" ">
<GROUP TYPE="Assay" ID="PROTIA Allergy-Q 96M" STATE="Host"/>
</GROUP>
</GROUP>
<GROUP TYPE="Sample">
<GROUP TYPE="Patient" ID="011800742625"></GROUP><GROUP TYPE="Assays" ID=" ">
<GROUP TYPE="Assay" ID="PROTIA Allergy-Q 96M" STATE="Host"/>
</GROUP>
</GROUP>
<GROUP TYPE="Sample">
<GROUP TYPE="Patient" ID="011800744322"></GROUP><GROUP TYPE="Assays" ID=" ">
<GROUP TYPE="Assay" ID="PROTIA Allergy-Q 96M" STATE="Host"/>
</GROUP>
</GROUP>
<GROUP TYPE="Sample">
<GROUP TYPE="Patient" ID="011804560720"></GROUP><GROUP TYPE="Assays" ID=" ">
<GROUP TYPE="Assay" ID="PROTIA Allergy-Q 96M" STATE="Host"/>
</GROUP>
</GROUP>
<GROUP TYPE="Sample">
<GROUP TYPE="Patient" ID="011804561024"></GROUP><GROUP TYPE="Assays" ID=" ">
<GROUP TYPE="Assay" ID="PROTIA Allergy-Q 96M" STATE="Host"/>
</GROUP>
</GROUP>
<GROUP TYPE="Sample">
<GROUP TYPE="Patient" ID="011804810429"></GROUP><GROUP TYPE="Assays" ID=" ">
<GROUP TYPE="Assay" ID="PROTIA Allergy-Q 96M" STATE="Host"/>
</GROUP>
</GROUP>
<GROUP TYPE="Sample">
<GROUP TYPE="Patient" ID="011804809928"></GROUP><GROUP TYPE="Assays" ID=" ">
<GROUP TYPE="Assay" ID="PROTIA Allergy-Q 96M" STATE="Host"/>
</GROUP>
</GROUP>
<GROUP TYPE="Sample">
<GROUP TYPE="Patient" ID="011804530723"></GROUP><GROUP TYPE="Assays" ID=" ">
<GROUP TYPE="Assay" ID="PROTIA Allergy-Q 96M" STATE="Host"/>
</GROUP>
</GROUP>
<GROUP TYPE="Sample">
<GROUP TYPE="Patient" ID="011804530624"></GROUP><GROUP TYPE="Assays" ID=" ">
<GROUP TYPE="Assay" ID="PROTIA Allergy-Q 96M" STATE="Host"/>
</GROUP>
</GROUP>
<GROUP TYPE="Sample">
<GROUP TYPE="Patient" ID="011804414825"></GROUP><GROUP TYPE="Assays" ID=" ">
<GROUP TYPE="Assay" ID="PROTIA Allergy-Q 96M" STATE="Host"/>
</GROUP>
</GROUP>
<GROUP TYPE="Sample">
<GROUP TYPE="Patient" ID="011804414726"></GROUP><GROUP TYPE="Assays" ID=" ">
<GROUP TYPE="Assay" ID="PROTIA Allergy-Q 96M" STATE="Host"/>
</GROUP>
</GROUP>
<GROUP TYPE="Sample">
<GROUP TYPE="Patient" ID="011804936228"></GROUP><GROUP TYPE="Assays" ID=" ">
<GROUP TYPE="Assay" ID="PROTIA Allergy-Q 96M" STATE="Host"/>
</GROUP>
</GROUP>
<GROUP TYPE="Sample">
<GROUP TYPE="Patient" ID="011804930523"></GROUP><GROUP TYPE="Assays" ID=" ">
<GROUP TYPE="Assay" ID="PROTIA Allergy-Q 96M" STATE="Host"/>
</GROUP>
</GROUP>
<GROUP TYPE="Sample">
<GROUP TYPE="Patient" ID="011800534923"></GROUP><GROUP TYPE="Assays" ID=" ">
<GROUP TYPE="Assay" ID="PROTIA Allergy-Q 96M" STATE="Host"/>
</GROUP>
</GROUP>
<GROUP TYPE="Sample">
<GROUP TYPE="Patient" ID="011800552125"></GROUP><GROUP TYPE="Assays" ID=" ">
<GROUP TYPE="Assay" ID="PROTIA Allergy-Q 96M" STATE="Host"/>
</GROUP>
</GROUP>
<GROUP TYPE="Sample">
<GROUP TYPE="Patient" ID="011800383729"></GROUP><GROUP TYPE="Assays" ID=" ">
<GROUP TYPE="Assay" ID="PROTIA Allergy-Q 96M" STATE="Host"/>
</GROUP>
</GROUP>
<GROUP TYPE="Sample">
<GROUP TYPE="Patient" ID="011800531120"></GROUP><GROUP TYPE="Assays" ID=" ">
<GROUP TYPE="Assay" ID="PROTIA Allergy-Q 96M" STATE="Host"/>
</GROUP>
</GROUP>
<GROUP TYPE="Sample">
<GROUP TYPE="Patient" ID="011803101320"></GROUP><GROUP TYPE="Assays" ID=" ">
<GROUP TYPE="Assay" ID="PROTIA Allergy-Q 96M" STATE="Host"/>
</GROUP>
</GROUP>
<GROUP TYPE="Sample">
<GROUP TYPE="Patient" ID="011803101221"></GROUP><GROUP TYPE="Assays" ID=" ">
<GROUP TYPE="Assay" ID="PROTIA Allergy-Q 96M" STATE="Host"/>
</GROUP>
</GROUP>
<GROUP TYPE="Sample">
<GROUP TYPE="Patient" ID="011800314327"></GROUP><GROUP TYPE="Assays" ID=" ">
<GROUP TYPE="Assay" ID="PROTIA Allergy-Q 96M" STATE="Host"/>
</GROUP>
</GROUP>
<GROUP TYPE="Sample">
<GROUP TYPE="Patient" ID="011804551322"></GROUP><GROUP TYPE="Assays" ID=" ">
<GROUP TYPE="Assay" ID="PROTIA Allergy-Q 96M" STATE="Host"/>
</GROUP>
</GROUP>
<GROUP TYPE="Sample">
<GROUP TYPE="Patient" ID="011804550028"></GROUP><GROUP TYPE="Assays" ID=" ">
<GROUP TYPE="Assay" ID="PROTIA Allergy-Q 96M" STATE="Host"/>
</GROUP>
</GROUP>
<GROUP TYPE="Sample">
<GROUP TYPE="Patient" ID="011800280523"></GROUP><GROUP TYPE="Assays" ID=" ">
<GROUP TYPE="Assay" ID="PROTIA Allergy-Q 96M" STATE="Host"/>
</GROUP>
</GROUP>
<GROUP TYPE="Sample">
<GROUP TYPE="Patient" ID="011800066929"></GROUP><GROUP TYPE="Assays" ID=" ">
<GROUP TYPE="Assay" ID="PROTIA Allergy-Q 96M" STATE="Host"/>
</GROUP>
</GROUP>
<GROUP TYPE="Sample">
<GROUP TYPE="Patient" ID="011800066622"></GROUP><GROUP TYPE="Assays" ID=" ">
<GROUP TYPE="Assay" ID="PROTIA Allergy-Q 96M" STATE="Host"/>
</GROUP>
</GROUP>
<GROUP TYPE="Sample">
<GROUP TYPE="Patient" ID="011804191825"></GROUP><GROUP TYPE="Assays" ID=" ">
<GROUP TYPE="Assay" ID="PROTIA Allergy-Q 96M" STATE="Host"/>
</GROUP>
</GROUP>
<GROUP TYPE="Sample">
<GROUP TYPE="Patient" ID="011804506827"></GROUP><GROUP TYPE="Assays" ID=" ">
<GROUP TYPE="Assay" ID="PROTIA Allergy-Q 96M" STATE="Host"/>
</GROUP>
</GROUP>
<GROUP TYPE="Sample">
<GROUP TYPE="Patient" ID="011801367728"></GROUP><GROUP TYPE="Assays" ID=" ">
<GROUP TYPE="Assay" ID="PROTIA Allergy-Q 96M" STATE="Host"/>
</GROUP>
</GROUP>
<GROUP TYPE="Sample">
<GROUP TYPE="Patient" ID="011801250822"></GROUP><GROUP TYPE="Assays" ID=" ">
<GROUP TYPE="Assay" ID="PROTIA Allergy-Q 96M" STATE="Host"/>
</GROUP>
</GROUP>
<GROUP TYPE="Sample">
<GROUP TYPE="Patient" ID="011804180522"></GROUP><GROUP TYPE="Assays" ID=" ">
<GROUP TYPE="Assay" ID="PROTIA Allergy-Q 96M" STATE="Host"/>
</GROUP>
</GROUP>
<GROUP TYPE="Sample">
<GROUP TYPE="Patient" ID="011804032326"></GROUP><GROUP TYPE="Assays" ID=" ">
<GROUP TYPE="Assay" ID="PROTIA Allergy-Q 96M" STATE="Host"/>
</GROUP>
</GROUP>
<GROUP TYPE="Sample">
<GROUP TYPE="Patient" ID="011801521021"></GROUP><GROUP TYPE="Assays" ID=" ">
<GROUP TYPE="Assay" ID="PROTIA Allergy-Q 96M" STATE="Host"/>
</GROUP>
</GROUP>
<GROUP TYPE="Sample">
<GROUP TYPE="Patient" ID="011801520925"></GROUP><GROUP TYPE="Assays" ID=" ">
<GROUP TYPE="Assay" ID="PROTIA Allergy-Q 96M" STATE="Host"/>
</GROUP>
</GROUP>
<GROUP TYPE="Sample">
<GROUP TYPE="Patient" ID="011801540824"></GROUP><GROUP TYPE="Assays" ID=" ">
<GROUP TYPE="Assay" ID="PROTIA Allergy-Q 96M" STATE="Host"/>
</GROUP>
</GROUP>
<GROUP TYPE="Sample">
<GROUP TYPE="Patient" ID="011801592625"></GROUP><GROUP TYPE="Assays" ID=" ">
<GROUP TYPE="Assay" ID="PROTIA Allergy-Q 96M" STATE="Host"/>
</GROUP>
</GROUP>
<GROUP TYPE="Sample">
<GROUP TYPE="Patient" ID="011805604027"></GROUP><GROUP TYPE="Assays" ID=" ">
<GROUP TYPE="Assay" ID="PROTIA Allergy-Q 96M" STATE="Host"/>
</GROUP>
</GROUP>
<GROUP TYPE="Sample">
<GROUP TYPE="Patient" ID="011807503922"></GROUP><GROUP TYPE="Assays" ID=" ">
<GROUP TYPE="Assay" ID="PROTIA Allergy-Q 96M" STATE="Host"/>
</GROUP>
</GROUP>
<GROUP TYPE="Sample">
<GROUP TYPE="Patient" ID="011807504028"></GROUP><GROUP TYPE="Assays" ID=" ">
<GROUP TYPE="Assay" ID="PROTIA Allergy-Q 96M" STATE="Host"/>
</GROUP>
</GROUP>
<GROUP TYPE="Sample">
<GROUP TYPE="Patient" ID="011807504226"></GROUP><GROUP TYPE="Assays" ID=" ">
<GROUP TYPE="Assay" ID="PROTIA Allergy-Q 96M" STATE="Host"/>
</GROUP>
</GROUP>
<GROUP TYPE="Sample">
<GROUP TYPE="Patient" ID="011806706829"></GROUP><GROUP TYPE="Assays" ID=" ">
<GROUP TYPE="Assay" ID="PROTIA Allergy-Q 96M" STATE="Host"/>
</GROUP>
</GROUP>
<GROUP TYPE="Sample">
<GROUP TYPE="Patient" ID="011801564325"></GROUP><GROUP TYPE="Assays" ID=" ">
<GROUP TYPE="Assay" ID="PROTIA Allergy-Q 96M" STATE="Host"/>
</GROUP>
</GROUP>
<GROUP TYPE="Sample">
<GROUP TYPE="Patient" ID="011801511824"></GROUP><GROUP TYPE="Assays" ID=" ">
<GROUP TYPE="Assay" ID="PROTIA Allergy-Q 96M" STATE="Host"/>
</GROUP>
</GROUP>
<GROUP TYPE="Sample">
<GROUP TYPE="Patient" ID="011801571828"></GROUP><GROUP TYPE="Assays" ID=" ">
<GROUP TYPE="Assay" ID="PROTIA Allergy-Q 96M" STATE="Host"/>
</GROUP>
</GROUP>
<GROUP TYPE="Sample">
<GROUP TYPE="Patient" ID="011801613023"></GROUP><GROUP TYPE="Assays" ID=" ">
<GROUP TYPE="Assay" ID="PROTIA Allergy-Q 96M" STATE="Host"/>
</GROUP>
</GROUP>
<GROUP TYPE="Sample">
<GROUP TYPE="Patient" ID="011801470626"></GROUP><GROUP TYPE="Assays" ID=" ">
<GROUP TYPE="Assay" ID="PROTIA Allergy-Q 96M" STATE="Host"/>
</GROUP>
</GROUP>
<GROUP TYPE="Sample">
<GROUP TYPE="Patient" ID="011805967221"></GROUP><GROUP TYPE="Assays" ID=" ">
<GROUP TYPE="Assay" ID="PROTIA Allergy-Q 96M" STATE="Host"/>
</GROUP>
</GROUP>
<GROUP TYPE="Sample">
<GROUP TYPE="Patient" ID="011804032425"></GROUP><GROUP TYPE="Assays" ID=" ">
<GROUP TYPE="Assay" ID="PROTIA Allergy-Q 96M" STATE="Host"/>
</GROUP>
</GROUP>
<GROUP TYPE="Sample">
<GROUP TYPE="Patient" ID="011805411922"></GROUP><GROUP TYPE="Assays" ID=" ">
<GROUP TYPE="Assay" ID="PROTIA Allergy-Q 96M" STATE="Host"/>
</GROUP>
</GROUP>
<GROUP TYPE="Sample">
<GROUP TYPE="Patient" ID="011805416224"></GROUP><GROUP TYPE="Assays" ID=" ">
<GROUP TYPE="Assay" ID="PROTIA Allergy-Q 96M" STATE="Host"/>
</GROUP>
</GROUP>
<GROUP TYPE="Sample">
<GROUP TYPE="Patient" ID="011804003227"></GROUP><GROUP TYPE="Assays" ID=" ">
<GROUP TYPE="Assay" ID="PROTIA Allergy-Q 96M" STATE="Host"/>
</GROUP>
</GROUP>
<GROUP TYPE="Sample">
<GROUP TYPE="Patient" ID="011805414428"></GROUP><GROUP TYPE="Assays" ID=" ">
<GROUP TYPE="Assay" ID="PROTIA Allergy-Q 96M" STATE="Host"/>
</GROUP>
</GROUP>
<GROUP TYPE="Sample">
<GROUP TYPE="Patient" ID="011801577523"></GROUP><GROUP TYPE="Assays" ID=" ">
<GROUP TYPE="Assay" ID="PROTIA Allergy-Q 96M" STATE="Host"/>
</GROUP>
</GROUP>
<GROUP TYPE="Sample">
<GROUP TYPE="Patient" ID="011801544525"></GROUP><GROUP TYPE="Assays" ID=" ">
<GROUP TYPE="Assay" ID="PROTIA Allergy-Q 96M" STATE="Host"/>
</GROUP>
</GROUP>
<GROUP TYPE="Sample">
<GROUP TYPE="Patient" ID="011805854026"></GROUP><GROUP TYPE="Assays" ID=" ">
<GROUP TYPE="Assay" ID="PROTIA Allergy-Q 96M" STATE="Host"/>
</GROUP>
</GROUP>
<GROUP TYPE="Sample">
<GROUP TYPE="Patient" ID="011805853722"></GROUP><GROUP TYPE="Assays" ID=" ">
<GROUP TYPE="Assay" ID="PROTIA Allergy-Q 96M" STATE="Host"/>
</GROUP>
</GROUP>
<GROUP TYPE="Sample">
<GROUP TYPE="Patient" ID="011805853623"></GROUP><GROUP TYPE="Assays" ID=" ">
<GROUP TYPE="Assay" ID="PROTIA Allergy-Q 96M" STATE="Host"/>
</GROUP>
</GROUP>
<GROUP TYPE="Sample">
<GROUP TYPE="Patient" ID="011805853524"></GROUP><GROUP TYPE="Assays" ID=" ">
<GROUP TYPE="Assay" ID="PROTIA Allergy-Q 96M" STATE="Host"/>
</GROUP>
</GROUP>
<GROUP TYPE="Sample">
<GROUP TYPE="Patient" ID="011805854828"></GROUP><GROUP TYPE="Assays" ID=" ">
<GROUP TYPE="Assay" ID="PROTIA Allergy-Q 96M" STATE="Host"/>
</GROUP>
</GROUP>
<GROUP TYPE="Sample">
<GROUP TYPE="Patient" ID="011805854125"></GROUP><GROUP TYPE="Assays" ID=" ">
<GROUP TYPE="Assay" ID="PROTIA Allergy-Q 96M" STATE="Host"/>
</GROUP>
</GROUP>
<GROUP TYPE="Sample">
<GROUP TYPE="Patient" ID="011805855023"></GROUP><GROUP TYPE="Assays" ID=" ">
<GROUP TYPE="Assay" ID="PROTIA Allergy-Q 96M" STATE="Host"/>
</GROUP>
</GROUP>
<GROUP TYPE="Sample">
<GROUP TYPE="Patient" ID="011801572726"></GROUP><GROUP TYPE="Assays" ID=" ">
<GROUP TYPE="Assay" ID="PROTIA Allergy-Q 96M" STATE="Host"/>
</GROUP>
</GROUP>
<GROUP TYPE="Sample">
<GROUP TYPE="Patient" ID="011805853425"></GROUP><GROUP TYPE="Assays" ID=" ">
<GROUP TYPE="Assay" ID="PROTIA Allergy-Q 96M" STATE="Host"/>
</GROUP>
</GROUP>
<GROUP TYPE="Sample">
<GROUP TYPE="Patient" ID="011806854223"></GROUP><GROUP TYPE="Assays" ID=" ">
<GROUP TYPE="Assay" ID="PROTIA Allergy-Q 96M" STATE="Host"/>
</GROUP>
</GROUP>
<GROUP TYPE="Sample">
<GROUP TYPE="Patient" ID="011806807328"></GROUP><GROUP TYPE="Assays" ID=" ">
<GROUP TYPE="Assay" ID="PROTIA Allergy-Q 96M" STATE="Host"/>
</GROUP>
</GROUP>
<GROUP TYPE="Sample">
<GROUP TYPE="Patient" ID="011801500125"></GROUP><GROUP TYPE="Assays" ID=" ">
<GROUP TYPE="Assay" ID="PROTIA Allergy-Q 96M" STATE="Host"/>
</GROUP>
</GROUP>
<GROUP TYPE="Sample">
<GROUP TYPE="Patient" ID="011801500323"></GROUP><GROUP TYPE="Assays" ID=" ">
<GROUP TYPE="Assay" ID="PROTIA Allergy-Q 96M" STATE="Host"/>
</GROUP>
</GROUP>
<GROUP TYPE="Sample">
<GROUP TYPE="Patient" ID="011801500224"></GROUP><GROUP TYPE="Assays" ID=" ">
<GROUP TYPE="Assay" ID="PROTIA Allergy-Q 96M" STATE="Host"/>
</GROUP>
</GROUP>
<GROUP TYPE="Sample">
<GROUP TYPE="Patient" ID="011801577622"></GROUP><GROUP TYPE="Assays" ID=" ">
<GROUP TYPE="Assay" ID="PROTIA Allergy-Q 96M" STATE="Host"/>
</GROUP>
</GROUP>
<GROUP TYPE="Sample">
<GROUP TYPE="Patient" ID="011801578124"></GROUP><GROUP TYPE="Assays" ID=" ">
<GROUP TYPE="Assay" ID="PROTIA Allergy-Q 96M" STATE="Host"/>
</GROUP>
</GROUP>
<GROUP TYPE="Sample">
<GROUP TYPE="Patient" ID="011801510124"></GROUP><GROUP TYPE="Assays" ID=" ">
<GROUP TYPE="Assay" ID="PROTIA Allergy-Q 96M" STATE="Host"/>
</GROUP>
</GROUP>
<GROUP TYPE="Sample">
<GROUP TYPE="Patient" ID="011801510421"></GROUP><GROUP TYPE="Assays" ID=" ">
<GROUP TYPE="Assay" ID="PROTIA Allergy-Q 96M" STATE="Host"/>
</GROUP>
</GROUP>
<GROUP TYPE="Sample">
<GROUP TYPE="Patient" ID="011801553220"></GROUP><GROUP TYPE="Assays" ID=" ">
<GROUP TYPE="Assay" ID="PROTIA Allergy-Q 96M" STATE="Host"/>
</GROUP>
</GROUP>
<GROUP TYPE="Sample">
<GROUP TYPE="Patient" ID="011801545928"></GROUP><GROUP TYPE="Assays" ID=" ">
<GROUP TYPE="Assay" ID="PROTIA Allergy-Q 96M" STATE="Host"/>
</GROUP>
</GROUP>
<GROUP TYPE="Sample">
<GROUP TYPE="Patient" ID="011801544426"></GROUP><GROUP TYPE="Assays" ID=" ">
<GROUP TYPE="Assay" ID="PROTIA Allergy-Q 96M" STATE="Host"/>
</GROUP>
</GROUP>
<GROUP TYPE="Sample">
<GROUP TYPE="Patient" ID="011805853821"></GROUP><GROUP TYPE="Assays" ID=" ">
<GROUP TYPE="Assay" ID="PROTIA Allergy-Q 96M" STATE="Host"/>
</GROUP>
</GROUP>
<GROUP TYPE="Sample">
<GROUP TYPE="Patient" ID="011805854224"></GROUP><GROUP TYPE="Assays" ID=" ">
<GROUP TYPE="Assay" ID="PROTIA Allergy-Q 96M" STATE="Host"/>
</GROUP>
</GROUP>
<GROUP TYPE="Sample">
<GROUP TYPE="Patient" ID="011801470220"></GROUP><GROUP TYPE="Assays" ID=" ">
<GROUP TYPE="Assay" ID="PROTIA Allergy-Q 96M" STATE="Host"/>
</GROUP>
</GROUP>
<GROUP TYPE="Sample">
<GROUP TYPE="Patient" ID="011806860828"></GROUP><GROUP TYPE="Assays" ID=" ">
<GROUP TYPE="Assay" ID="PROTIA Allergy-Q 96M" STATE="Host"/>
</GROUP>
</GROUP>
<GROUP TYPE="Sample">
<GROUP TYPE="Patient" ID="011801200421"></GROUP><GROUP TYPE="Assays" ID=" ">
<GROUP TYPE="Assay" ID="PROTIA Allergy-Q 96M" STATE="Host"/>
</GROUP>
</GROUP>
<GROUP TYPE="Sample">
<GROUP TYPE="Patient" ID="011801200322"></GROUP><GROUP TYPE="Assays" ID=" ">
<GROUP TYPE="Assay" ID="PROTIA Allergy-Q 96M" STATE="Host"/>
</GROUP>
</GROUP>
<GROUP TYPE="Sample">
<GROUP TYPE="Patient" ID="011801200223"></GROUP><GROUP TYPE="Assays" ID=" ">
<GROUP TYPE="Assay" ID="PROTIA Allergy-Q 96M" STATE="Host"/>
</GROUP>
</GROUP>
<GROUP TYPE="Sample">
<GROUP TYPE="Patient" ID="011801234525"></GROUP><GROUP TYPE="Assays" ID=" ">
<GROUP TYPE="Assay" ID="PROTIA Allergy-Q 96M" STATE="Host"/>
</GROUP>
</GROUP>
<GROUP TYPE="Sample">
<GROUP TYPE="Patient" ID="011801017029"></GROUP><GROUP TYPE="Assays" ID=" ">
<GROUP TYPE="Assay" ID="PROTIA Allergy-Q 96M" STATE="Host"/>
</GROUP>
</GROUP>
<GROUP TYPE="Sample">
<GROUP TYPE="Patient" ID="011801004920"></GROUP><GROUP TYPE="Assays" ID=" ">
<GROUP TYPE="Assay" ID="PROTIA Allergy-Q 96M" STATE="Host"/>
</GROUP>
</GROUP>
<GROUP TYPE="Sample">
<GROUP TYPE="Patient" ID="011801005026"></GROUP><GROUP TYPE="Assays" ID=" ">
<GROUP TYPE="Assay" ID="PROTIA Allergy-Q 96M" STATE="Host"/>
</GROUP>
</GROUP>
<GROUP TYPE="Sample">
<GROUP TYPE="Patient" ID="011801004821"></GROUP><GROUP TYPE="Assays" ID=" ">
<GROUP TYPE="Assay" ID="PROTIA Allergy-Q 96M" STATE="Host"/>
</GROUP>
</GROUP>
<GROUP TYPE="Sample">
<GROUP TYPE="Patient" ID="011801020722"></GROUP><GROUP TYPE="Assays" ID=" ">
<GROUP TYPE="Assay" ID="PROTIA Allergy-Q 96M" STATE="Host"/>
</GROUP>
</GROUP>
<GROUP TYPE="Sample">
<GROUP TYPE="Patient" ID="011800951324"></GROUP><GROUP TYPE="Assays" ID=" ">
<GROUP TYPE="Assay" ID="PROTIA Allergy-Q 96M" STATE="Host"/>
</GROUP>
</GROUP>
<GROUP TYPE="Sample">
<GROUP TYPE="Patient" ID="011806875327"></GROUP><GROUP TYPE="Assays" ID=" ">
<GROUP TYPE="Assay" ID="PROTIA Allergy-Q 96M" STATE="Host"/>
</GROUP>
</GROUP>
<GROUP TYPE="Sample">
<GROUP TYPE="Patient" ID="011800849324"></GROUP><GROUP TYPE="Assays" ID=" ">
<GROUP TYPE="Assay" ID="PROTIA Allergy-Q 96M" STATE="Host"/>
</GROUP>
</GROUP>
<GROUP TYPE="Sample">
<GROUP TYPE="Patient" ID="011806309020"></GROUP><GROUP TYPE="Assays" ID=" ">
<GROUP TYPE="Assay" ID="PROTIA Allergy-Q 96M" STATE="Host"/>
</GROUP>
</GROUP>
<GROUP TYPE="Sample">
<GROUP TYPE="Patient" ID="011807421226"></GROUP><GROUP TYPE="Assays" ID=" ">
<GROUP TYPE="Assay" ID="PROTIA Allergy-Q 96M" STATE="Host"/>
</GROUP>
</GROUP>
<GROUP TYPE="Sample">
<GROUP TYPE="Patient" ID="011801455128"></GROUP><GROUP TYPE="Assays" ID=" ">
<GROUP TYPE="Assay" ID="PROTIA Allergy-Q 96M" STATE="Host"/>
</GROUP>
</GROUP>
<GROUP TYPE="Sample">
<GROUP TYPE="Patient" ID="011806790729"></GROUP><GROUP TYPE="Assays" ID=" ">
<GROUP TYPE="Assay" ID="PROTIA Allergy-Q 96M" STATE="Host"/>
</GROUP>
</GROUP>
<GROUP TYPE="Sample">
<GROUP TYPE="Patient" ID="011800861425"></GROUP><GROUP TYPE="Assays" ID=" ">
<GROUP TYPE="Assay" ID="PROTIA Allergy-Q 96M" STATE="Host"/>
</GROUP>
</GROUP>
<GROUP TYPE="Sample">
<GROUP TYPE="Patient" ID="011800811222"></GROUP><GROUP TYPE="Assays" ID=" ">
<GROUP TYPE="Assay" ID="PROTIA Allergy-Q 96M" STATE="Host"/>
</GROUP>
</GROUP>
<GROUP TYPE="Sample">
<GROUP TYPE="Patient" ID="011801429525"></GROUP><GROUP TYPE="Assays" ID=" ">
<GROUP TYPE="Assay" ID="PROTIA Allergy-Q 96M" STATE="Host"/>
</GROUP>
</GROUP>
<GROUP TYPE="Sample">
<GROUP TYPE="Patient" ID="011800956725"></GROUP><GROUP TYPE="Assays" ID=" ">
<GROUP TYPE="Assay" ID="PROTIA Allergy-Q 96M" STATE="Host"/>
</GROUP>
</GROUP>
<GROUP TYPE="Sample">
<GROUP TYPE="Patient" ID="011800956626"></GROUP><GROUP TYPE="Assays" ID=" ">
<GROUP TYPE="Assay" ID="PROTIA Allergy-Q 96M" STATE="Host"/>
</GROUP>
</GROUP>
<GROUP TYPE="Sample">
<GROUP TYPE="Patient" ID="011801409428"></GROUP><GROUP TYPE="Assays" ID=" ">
<GROUP TYPE="Assay" ID="PROTIA Allergy-Q 96M" STATE="Host"/>
</GROUP>
</GROUP>
<GROUP TYPE="Sample">
<GROUP TYPE="Patient" ID="011801414323"></GROUP><GROUP TYPE="Assays" ID=" ">
<GROUP TYPE="Assay" ID="PROTIA Allergy-Q 96M" STATE="Host"/>
</GROUP>
</GROUP>
<GROUP TYPE="Sample">
<GROUP TYPE="Patient" ID="011804298524"></GROUP><GROUP TYPE="Assays" ID=" ">
<GROUP TYPE="Assay" ID="PROTIA Allergy-Q 96M" STATE="Host"/>
</GROUP>
</GROUP>
<GROUP TYPE="Sample">
<GROUP TYPE="Patient" ID="011804298425"></GROUP><GROUP TYPE="Assays" ID=" ">
<GROUP TYPE="Assay" ID="PROTIA Allergy-Q 96M" STATE="Host"/>
</GROUP>
</GROUP>
<GROUP TYPE="Sample">
<GROUP TYPE="Patient" ID="011806339027"></GROUP><GROUP TYPE="Assays" ID=" ">
<GROUP TYPE="Assay" ID="PROTIA Allergy-Q 96M" STATE="Host"/>
</GROUP>
</GROUP>
<GROUP TYPE="Sample">
<GROUP TYPE="Patient" ID="011801572825"></GROUP><GROUP TYPE="Assays" ID=" ">
<GROUP TYPE="Assay" ID="PROTIA Allergy-Q 96M" STATE="Host"/>
</GROUP>
</GROUP>
<GROUP TYPE="Sample">
<GROUP TYPE="Patient" ID="011805853920"></GROUP><GROUP TYPE="Assays" ID=" ">
<GROUP TYPE="Assay" ID="PROTIA Allergy-Q 96M" STATE="Host"/>
</GROUP>
</GROUP>
<GROUP TYPE="Sample">
<GROUP TYPE="Patient" ID="011800811123"></GROUP><GROUP TYPE="Assays" ID=" ">
<GROUP TYPE="Assay" ID="PROTIA Allergy-Q 96M" STATE="Host"/>
</GROUP>
</GROUP>
<GROUP TYPE="Sample">
<GROUP TYPE="Patient" ID="011800810522"></GROUP><GROUP TYPE="Assays" ID=" ">
<GROUP TYPE="Assay" ID="PROTIA Allergy-Q 96M" STATE="Host"/>
</GROUP>
</GROUP>
<GROUP TYPE="Sample">
<GROUP TYPE="Patient" ID="011801215722"></GROUP><GROUP TYPE="Assays" ID=" ">
<GROUP TYPE="Assay" ID="PROTIA Allergy-Q 96M" STATE="Host"/>
</GROUP>
</GROUP>
<GROUP TYPE="Sample">
<GROUP TYPE="Patient" ID="011808997522"></GROUP><GROUP TYPE="Assays" ID=" ">
<GROUP TYPE="Assay" ID="PROTIA Allergy-Q 96M" STATE="Host"/>
</GROUP>
</GROUP>
<GROUP TYPE="Sample">
<GROUP TYPE="Patient" ID="011804293222"></GROUP><GROUP TYPE="Assays" ID=" ">
<GROUP TYPE="Assay" ID="PROTIA Allergy-Q 96M" STATE="Host"/>
</GROUP>
</GROUP>
<GROUP TYPE="Sample">
<GROUP TYPE="Patient" ID="011800979724"></GROUP><GROUP TYPE="Assays" ID=" ">
<GROUP TYPE="Assay" ID="PROTIA Allergy-Q 96M" STATE="Host"/>
</GROUP>
</GROUP>
<GROUP TYPE="Sample">
<GROUP TYPE="Patient" ID="011804396121"></GROUP><GROUP TYPE="Assays" ID=" ">
<GROUP TYPE="Assay" ID="PROTIA Allergy-Q 96M" STATE="Host"/>
</GROUP>
</GROUP>
<GROUP TYPE="Sample">
<GROUP TYPE="Patient" ID="011807720428"></GROUP><GROUP TYPE="Assays" ID=" ">
<GROUP TYPE="Assay" ID="PROTIA Allergy-Q 96M" STATE="Host"/>
</GROUP>
</GROUP>
<GROUP TYPE="Sample">
<GROUP TYPE="Patient" ID="011807722224"></GROUP><GROUP TYPE="Assays" ID=" ">
<GROUP TYPE="Assay" ID="PROTIA Allergy-Q 96M" STATE="Host"/>
</GROUP>
</GROUP>
<GROUP TYPE="Sample">
<GROUP TYPE="Patient" ID="011806339621"></GROUP><GROUP TYPE="Assays" ID=" ">
<GROUP TYPE="Assay" ID="PROTIA Allergy-Q 96M" STATE="Host"/>
</GROUP>
</GROUP>
<GROUP TYPE="Sample">
<GROUP TYPE="Patient" ID="011807721524"></GROUP><GROUP TYPE="Assays" ID=" ">
<GROUP TYPE="Assay" ID="PROTIA Allergy-Q 96M" STATE="Host"/>
</GROUP>
</GROUP>
<GROUP TYPE="Sample">
<GROUP TYPE="Patient" ID="011807701427"></GROUP><GROUP TYPE="Assays" ID=" ">
<GROUP TYPE="Assay" ID="PROTIA Allergy-Q 96M" STATE="Host"/>
</GROUP>
</GROUP>
<GROUP TYPE="Sample">
<GROUP TYPE="Patient" ID="011807722026"></GROUP><GROUP TYPE="Assays" ID=" ">
<GROUP TYPE="Assay" ID="PROTIA Allergy-Q 96M" STATE="Host"/>
</GROUP>
</GROUP>
<GROUP TYPE="Sample">
<GROUP TYPE="Patient" ID="011806789723"></GROUP><GROUP TYPE="Assays" ID=" ">
<GROUP TYPE="Assay" ID="PROTIA Allergy-Q 96M" STATE="Host"/>
</GROUP>
</GROUP>
<GROUP TYPE="Sample">
<GROUP TYPE="Patient" ID="011801218525"></GROUP><GROUP TYPE="Assays" ID=" ">
<GROUP TYPE="Assay" ID="PROTIA Allergy-Q 96M" STATE="Host"/>
</GROUP>
</GROUP>
<GROUP TYPE="Sample">
<GROUP TYPE="Patient" ID="011806888822"></GROUP><GROUP TYPE="Assays" ID=" ">
<GROUP TYPE="Assay" ID="PROTIA Allergy-Q 96M" STATE="Host"/>
</GROUP>
</GROUP>
<GROUP TYPE="Sample">
<GROUP TYPE="Patient" ID="011806875723"></GROUP><GROUP TYPE="Assays" ID=" ">
<GROUP TYPE="Assay" ID="PROTIA Allergy-Q 96M" STATE="Host"/>
</GROUP>
</GROUP>
<GROUP TYPE="Sample">
<GROUP TYPE="Patient" ID="011801207123"></GROUP><GROUP TYPE="Assays" ID=" ">
<GROUP TYPE="Assay" ID="PROTIA Allergy-Q 96M" STATE="Host"/>
</GROUP>
</GROUP>
<GROUP TYPE="Sample">
<GROUP TYPE="Patient" ID="011801429624"></GROUP><GROUP TYPE="Assays" ID=" ">
<GROUP TYPE="Assay" ID="PROTIA Allergy-Q 96M" STATE="Host"/>
</GROUP>
</GROUP>
<GROUP TYPE="Sample">
<GROUP TYPE="Patient" ID="011800817521"></GROUP><GROUP TYPE="Assays" ID=" ">
<GROUP TYPE="Assay" ID="PROTIA Allergy-Q 96M" STATE="Host"/>
</GROUP>
</GROUP>
<GROUP TYPE="Sample">
<GROUP TYPE="Patient" ID="011808997621"></GROUP><GROUP TYPE="Assays" ID=" ">
<GROUP TYPE="Assay" ID="PROTIA Allergy-Q 96M" STATE="Host"/>
</GROUP>
</GROUP>
<GROUP TYPE="Sample">
<GROUP TYPE="Patient" ID="011800817422"></GROUP><GROUP TYPE="Assays" ID=" ">
<GROUP TYPE="Assay" ID="PROTIA Allergy-Q 96M" STATE="Host"/>
</GROUP>
</GROUP>
<GROUP TYPE="Sample">
<GROUP TYPE="Patient" ID="011804336127"></GROUP><GROUP TYPE="Assays" ID=" ">
<GROUP TYPE="Assay" ID="PROTIA Allergy-Q 96M" STATE="Host"/>
</GROUP>
</GROUP>
<GROUP TYPE="Sample">
<GROUP TYPE="Patient" ID="011807423022"></GROUP><GROUP TYPE="Assays" ID=" ">
<GROUP TYPE="Assay" ID="PROTIA Allergy-Q 96M" STATE="Host"/>
</GROUP>
</GROUP>
<GROUP TYPE="Sample">
<GROUP TYPE="Patient" ID="011807422926"></GROUP><GROUP TYPE="Assays" ID=" ">
<GROUP TYPE="Assay" ID="PROTIA Allergy-Q 96M" STATE="Host"/>
</GROUP>
</GROUP>
<GROUP TYPE="Sample">
<GROUP TYPE="Patient" ID="011807421325"></GROUP><GROUP TYPE="Assays" ID=" ">
<GROUP TYPE="Assay" ID="PROTIA Allergy-Q 96M" STATE="Host"/>
</GROUP>
</GROUP>
<GROUP TYPE="Sample">
<GROUP TYPE="Patient" ID="011807422728"></GROUP><GROUP TYPE="Assays" ID=" ">
<GROUP TYPE="Assay" ID="PROTIA Allergy-Q 96M" STATE="Host"/>
</GROUP>
</GROUP>
<GROUP TYPE="Sample">
<GROUP TYPE="Patient" ID="011807636828"></GROUP><GROUP TYPE="Assays" ID=" ">
<GROUP TYPE="Assay" ID="PROTIA Allergy-Q 96M" STATE="Host"/>
</GROUP>
</GROUP>
<GROUP TYPE="Sample">
<GROUP TYPE="Patient" ID="011807636729"></GROUP><GROUP TYPE="Assays" ID=" ">
<GROUP TYPE="Assay" ID="PROTIA Allergy-Q 96M" STATE="Host"/>
</GROUP>
</GROUP>
<GROUP TYPE="Sample">
<GROUP TYPE="Patient" ID="011807636620"></GROUP><GROUP TYPE="Assays" ID=" ">
<GROUP TYPE="Assay" ID="PROTIA Allergy-Q 96M" STATE="Host"/>
</GROUP>
</GROUP>
<GROUP TYPE="Sample">
<GROUP TYPE="Patient" ID="011804625023"></GROUP><GROUP TYPE="Assays" ID=" ">
<GROUP TYPE="Assay" ID="PROTIA Allergy-Q 96M" STATE="Host"/>
</GROUP>
</GROUP>
<GROUP TYPE="Sample">
<GROUP TYPE="Patient" ID="011806339126"></GROUP><GROUP TYPE="Assays" ID=" ">
<GROUP TYPE="Assay" ID="PROTIA Allergy-Q 96M" STATE="Host"/>
</GROUP>
</GROUP>
<GROUP TYPE="Sample">
<GROUP TYPE="Patient" ID="011807773325"></GROUP><GROUP TYPE="Assays" ID=" ">
<GROUP TYPE="Assay" ID="PROTIA Allergy-Q 96M" STATE="Host"/>
</GROUP>
</GROUP>
<GROUP TYPE="Sample">
<GROUP TYPE="Patient" ID="011805502620"></GROUP><GROUP TYPE="Assays" ID=" ">
<GROUP TYPE="Assay" ID="PROTIA Allergy-Q 96M" STATE="Host"/>
</GROUP>
</GROUP>
<GROUP TYPE="Sample">
<GROUP TYPE="Patient" ID="011804235321"></GROUP><GROUP TYPE="Assays" ID=" ">
<GROUP TYPE="Assay" ID="PROTIA Allergy-Q 96M" STATE="Host"/>
</GROUP>
</GROUP>
<GROUP TYPE="Sample">
<GROUP TYPE="Patient" ID="011807251229"></GROUP><GROUP TYPE="Assays" ID=" ">
<GROUP TYPE="Assay" ID="PROTIA Allergy-Q 96M" STATE="Host"/>
</GROUP>
</GROUP>
<GROUP TYPE="Sample">
<GROUP TYPE="Patient" ID="011807250925"></GROUP><GROUP TYPE="Assays" ID=" ">
<GROUP TYPE="Assay" ID="PROTIA Allergy-Q 96M" STATE="Host"/>
</GROUP>
</GROUP>
<GROUP TYPE="Sample">
<GROUP TYPE="Patient" ID="011807250727"></GROUP><GROUP TYPE="Assays" ID=" ">
<GROUP TYPE="Assay" ID="PROTIA Allergy-Q 96M" STATE="Host"/>
</GROUP>
</GROUP>
<GROUP TYPE="Sample">
<GROUP TYPE="Patient" ID="011807636521"></GROUP><GROUP TYPE="Assays" ID=" ">
<GROUP TYPE="Assay" ID="PROTIA Allergy-Q 96M" STATE="Host"/>
</GROUP>
</GROUP>
<GROUP TYPE="Sample">
<GROUP TYPE="Patient" ID="011807722521"></GROUP><GROUP TYPE="Assays" ID=" ">
<GROUP TYPE="Assay" ID="PROTIA Allergy-Q 96M" STATE="Host"/>
</GROUP>
</GROUP>
<GROUP TYPE="Sample">
<GROUP TYPE="Patient" ID="011805805325"></GROUP><GROUP TYPE="Assays" ID=" ">
<GROUP TYPE="Assay" ID="PROTIA Allergy-Q 96M" STATE="Host"/>
</GROUP>
</GROUP>
<GROUP TYPE="Sample">
<GROUP TYPE="Patient" ID="011805240928"></GROUP><GROUP TYPE="Assays" ID=" ">
<GROUP TYPE="Assay" ID="PROTIA Allergy-Q 96M" STATE="Host"/>
</GROUP>
</GROUP>
<GROUP TYPE="Sample">
<GROUP TYPE="Patient" ID="011804260125"></GROUP><GROUP TYPE="Assays" ID=" ">
<GROUP TYPE="Assay" ID="PROTIA Allergy-Q 96M" STATE="Host"/>
</GROUP>
</GROUP>
<GROUP TYPE="Sample">
<GROUP TYPE="Patient" ID="011807701328"></GROUP><GROUP TYPE="Assays" ID=" ">
<GROUP TYPE="Assay" ID="PROTIA Allergy-Q 96M" STATE="Host"/>
</GROUP>
</GROUP>
<GROUP TYPE="Sample">
<GROUP TYPE="Patient" ID="011807422421"></GROUP><GROUP TYPE="Assays" ID=" ">
<GROUP TYPE="Assay" ID="PROTIA Allergy-Q 96M" STATE="Host"/>
</GROUP>
</GROUP>
<GROUP TYPE="Sample">
<GROUP TYPE="Patient" ID="011807637023"></GROUP><GROUP TYPE="Assays" ID=" ">
<GROUP TYPE="Assay" ID="PROTIA Allergy-Q 96M" STATE="Host"/>
</GROUP>
</GROUP>
<GROUP TYPE="Sample">
<GROUP TYPE="Patient" ID="011807421424"></GROUP><GROUP TYPE="Assays" ID=" ">
<GROUP TYPE="Assay" ID="PROTIA Allergy-Q 96M" STATE="Host"/>
</GROUP>
</GROUP>
<GROUP TYPE="Sample">
<GROUP TYPE="Patient" ID="011804259723"></GROUP><GROUP TYPE="Assays" ID=" ">
<GROUP TYPE="Assay" ID="PROTIA Allergy-Q 96M" STATE="Host"/>
</GROUP>
</GROUP>
<GROUP TYPE="Sample">
<GROUP TYPE="Patient" ID="011804260729"></GROUP><GROUP TYPE="Assays" ID=" ">
<GROUP TYPE="Assay" ID="PROTIA Allergy-Q 96M" STATE="Host"/>
</GROUP>
</GROUP>
<GROUP TYPE="Sample">
<GROUP TYPE="Patient" ID="011804627928"></GROUP><GROUP TYPE="Assays" ID=" ">
<GROUP TYPE="Assay" ID="PROTIA Allergy-Q 96M" STATE="Host"/>
</GROUP>
</GROUP>
<GROUP TYPE="Sample">
<GROUP TYPE="Patient" ID="011804625320"></GROUP><GROUP TYPE="Assays" ID=" ">
<GROUP TYPE="Assay" ID="PROTIA Allergy-Q 96M" STATE="Host"/>
</GROUP>
</GROUP>
<GROUP TYPE="Sample">
<GROUP TYPE="Patient" ID="011804625221"></GROUP><GROUP TYPE="Assays" ID=" ">
<GROUP TYPE="Assay" ID="PROTIA Allergy-Q 96M" STATE="Host"/>
</GROUP>
</GROUP>
<GROUP TYPE="Sample">
<GROUP TYPE="Patient" ID="011804625122"></GROUP><GROUP TYPE="Assays" ID=" ">
<GROUP TYPE="Assay" ID="PROTIA Allergy-Q 96M" STATE="Host"/>
</GROUP>
</GROUP>
<GROUP TYPE="Sample">
<GROUP TYPE="Patient" ID="011807250321"></GROUP><GROUP TYPE="Assays" ID=" ">
<GROUP TYPE="Assay" ID="PROTIA Allergy-Q 96M" STATE="Host"/>
</GROUP>
</GROUP>
<GROUP TYPE="Sample">
<GROUP TYPE="Patient" ID="011805138225"></GROUP><GROUP TYPE="Assays" ID=" ">
<GROUP TYPE="Assay" ID="PROTIA Allergy-Q 96M" STATE="Host"/>
</GROUP>
</GROUP>
<GROUP TYPE="Sample">
<GROUP TYPE="Patient" ID="011805804229"></GROUP><GROUP TYPE="Assays" ID=" ">
<GROUP TYPE="Assay" ID="PROTIA Allergy-Q 96M" STATE="Host"/>
</GROUP>
</GROUP>
<GROUP TYPE="Sample">
<GROUP TYPE="Patient" ID="011805804120"></GROUP><GROUP TYPE="Assays" ID=" ">
<GROUP TYPE="Assay" ID="PROTIA Allergy-Q 96M" STATE="Host"/>
</GROUP>
</GROUP>
<GROUP TYPE="Sample">
<GROUP TYPE="Patient" ID="011805805226"></GROUP><GROUP TYPE="Assays" ID=" ">
<GROUP TYPE="Assay" ID="PROTIA Allergy-Q 96M" STATE="Host"/>
</GROUP>
</GROUP>
<GROUP TYPE="Sample">
<GROUP TYPE="Patient" ID="011804239824"></GROUP><GROUP TYPE="Assays" ID=" ">
<GROUP TYPE="Assay" ID="PROTIA Allergy-Q 96M" STATE="Host"/>
</GROUP>
</GROUP>
<GROUP TYPE="Sample">
<GROUP TYPE="Patient" ID="011808157926"></GROUP><GROUP TYPE="Assays" ID=" ">
<GROUP TYPE="Assay" ID="PROTIA Allergy-Q 96M" STATE="Host"/>
</GROUP>
</GROUP>
<GROUP TYPE="Sample">
<GROUP TYPE="Patient" ID="011803644728"></GROUP><GROUP TYPE="Assays" ID=" ">
<GROUP TYPE="Assay" ID="PROTIA Allergy-Q 96M" STATE="Host"/>
</GROUP>
</GROUP>
<GROUP TYPE="Sample">
<GROUP TYPE="Patient" ID="011803922727"></GROUP><GROUP TYPE="Assays" ID=" ">
<GROUP TYPE="Assay" ID="PROTIA Allergy-Q 96M" STATE="Host"/>
</GROUP>
</GROUP>
<GROUP TYPE="Sample">
<GROUP TYPE="Patient" ID="011802575924"></GROUP><GROUP TYPE="Assays" ID=" ">
<GROUP TYPE="Assay" ID="PROTIA Allergy-Q 96M" STATE="Host"/>
</GROUP>
</GROUP>
<GROUP TYPE="Sample">
<GROUP TYPE="Patient" ID="011802575825"></GROUP><GROUP TYPE="Assays" ID=" ">
<GROUP TYPE="Assay" ID="PROTIA Allergy-Q 96M" STATE="Host"/>
</GROUP>
</GROUP>
<GROUP TYPE="Sample">
<GROUP TYPE="Patient" ID="011802575726"></GROUP><GROUP TYPE="Assays" ID=" ">
<GROUP TYPE="Assay" ID="PROTIA Allergy-Q 96M" STATE="Host"/>
</GROUP>
</GROUP>
<GROUP TYPE="Sample">
<GROUP TYPE="Patient" ID="011802501824"></GROUP><GROUP TYPE="Assays" ID=" ">
<GROUP TYPE="Assay" ID="PROTIA Allergy-Q 96M" STATE="Host"/>
</GROUP>
</GROUP>
<GROUP TYPE="Sample">
<GROUP TYPE="Patient" ID="011802519621"></GROUP><GROUP TYPE="Assays" ID=" ">
<GROUP TYPE="Assay" ID="PROTIA Allergy-Q 96M" STATE="Host"/>
</GROUP>
</GROUP>
<GROUP TYPE="Sample">
<GROUP TYPE="Patient" ID="011802576020"></GROUP><GROUP TYPE="Assays" ID=" ">
<GROUP TYPE="Assay" ID="PROTIA Allergy-Q 96M" STATE="Host"/>
</GROUP>
</GROUP>
<GROUP TYPE="Sample">
<GROUP TYPE="Patient" ID="011803693924"></GROUP><GROUP TYPE="Assays" ID=" ">
<GROUP TYPE="Assay" ID="PROTIA Allergy-Q 96M" STATE="Host"/>
</GROUP>
</GROUP>
<GROUP TYPE="Sample">
<GROUP TYPE="Patient" ID="011803972425"></GROUP><GROUP TYPE="Assays" ID=" ">
<GROUP TYPE="Assay" ID="PROTIA Allergy-Q 96M" STATE="Host"/>
</GROUP>
</GROUP>
<GROUP TYPE="Sample">
<GROUP TYPE="Patient" ID="011803972227"></GROUP><GROUP TYPE="Assays" ID=" ">
<GROUP TYPE="Assay" ID="PROTIA Allergy-Q 96M" STATE="Host"/>
</GROUP>
</GROUP>
<GROUP TYPE="Sample">
<GROUP TYPE="Patient" ID="011804619626"></GROUP><GROUP TYPE="Assays" ID=" ">
<GROUP TYPE="Assay" ID="PROTIA Allergy-Q 96M" STATE="Host"/>
</GROUP>
</GROUP>
<GROUP TYPE="Sample">
<GROUP TYPE="Patient" ID="011803682928"></GROUP><GROUP TYPE="Assays" ID=" ">
<GROUP TYPE="Assay" ID="PROTIA Allergy-Q 96M" STATE="Host"/>
</GROUP>
</GROUP>
<GROUP TYPE="Sample">
<GROUP TYPE="Patient" ID="011803950225"></GROUP><GROUP TYPE="Assays" ID=" ">
<GROUP TYPE="Assay" ID="PROTIA Allergy-Q 96M" STATE="Host"/>
</GROUP>
</GROUP>
<GROUP TYPE="Sample">
<GROUP TYPE="Patient" ID="011802501923"></GROUP><GROUP TYPE="Assays" ID=" ">
<GROUP TYPE="Assay" ID="PROTIA Allergy-Q 96M" STATE="Host"/>
</GROUP>
</GROUP>
<GROUP TYPE="Sample">
<GROUP TYPE="Patient" ID="011802503828"></GROUP><GROUP TYPE="Assays" ID=" ">
<GROUP TYPE="Assay" ID="PROTIA Allergy-Q 96M" STATE="Host"/>
</GROUP>
</GROUP>
<GROUP TYPE="Sample">
<GROUP TYPE="Patient" ID="011803623228"></GROUP><GROUP TYPE="Assays" ID=" ">
<GROUP TYPE="Assay" ID="PROTIA Allergy-Q 96M" STATE="Host"/>
</GROUP>
</GROUP>
<GROUP TYPE="Sample">
<GROUP TYPE="Patient" ID="011803933228"></GROUP><GROUP TYPE="Assays" ID=" ">
<GROUP TYPE="Assay" ID="PROTIA Allergy-Q 96M" STATE="Host"/>
</GROUP>
</GROUP>
<GROUP TYPE="Sample">
<GROUP TYPE="Patient" ID="011803907120"></GROUP><GROUP TYPE="Assays" ID=" ">
<GROUP TYPE="Assay" ID="PROTIA Allergy-Q 96M" STATE="Host"/>
</GROUP>
</GROUP>
<GROUP TYPE="Sample">
<GROUP TYPE="Patient" ID="011802502029"></GROUP><GROUP TYPE="Assays" ID=" ">
<GROUP TYPE="Assay" ID="PROTIA Allergy-Q 96M" STATE="Host"/>
</GROUP>
</GROUP>
<GROUP TYPE="Sample">
<GROUP TYPE="Patient" ID="011803919123"></GROUP><GROUP TYPE="Assays" ID=" ">
<GROUP TYPE="Assay" ID="PROTIA Allergy-Q 96M" STATE="Host"/>
</GROUP>
</GROUP>
<GROUP TYPE="Sample">
<GROUP TYPE="Patient" ID="011802549529"></GROUP><GROUP TYPE="Assays" ID=" ">
<GROUP TYPE="Assay" ID="PROTIA Allergy-Q 96M" STATE="Host"/>
</GROUP>
</GROUP>
<GROUP TYPE="Sample">
<GROUP TYPE="Patient" ID="011802545125"></GROUP><GROUP TYPE="Assays" ID=" ">
<GROUP TYPE="Assay" ID="PROTIA Allergy-Q 96M" STATE="Host"/>
</GROUP>
</GROUP>
<GROUP TYPE="Sample">
<GROUP TYPE="Patient" ID="011803862627"></GROUP><GROUP TYPE="Assays" ID=" ">
<GROUP TYPE="Assay" ID="PROTIA Allergy-Q 96M" STATE="Host"/>
</GROUP>
</GROUP>
<GROUP TYPE="Sample">
<GROUP TYPE="Patient" ID="011803864225"></GROUP><GROUP TYPE="Assays" ID=" ">
<GROUP TYPE="Assay" ID="PROTIA Allergy-Q 96M" STATE="Host"/>
</GROUP>
</GROUP>
<GROUP TYPE="Sample">
<GROUP TYPE="Patient" ID="011803783625"></GROUP><GROUP TYPE="Assays" ID=" ">
<GROUP TYPE="Assay" ID="PROTIA Allergy-Q 96M" STATE="Host"/>
</GROUP>
</GROUP>
<GROUP TYPE="Sample">
<GROUP TYPE="Patient" ID="011803809820"></GROUP><GROUP TYPE="Assays" ID=" ">
<GROUP TYPE="Assay" ID="PROTIA Allergy-Q 96M" STATE="Host"/>
</GROUP>
</GROUP>
<GROUP TYPE="Sample">
<GROUP TYPE="Patient" ID="011806106421"></GROUP><GROUP TYPE="Assays" ID=" ">
<GROUP TYPE="Assay" ID="PROTIA Allergy-Q 96M" STATE="Host"/>
</GROUP>
</GROUP>
<GROUP TYPE="Sample">
<GROUP TYPE="Patient" ID="011803648429"></GROUP><GROUP TYPE="Assays" ID=" ">
<GROUP TYPE="Assay" ID="PROTIA Allergy-Q 96M" STATE="Host"/>
</GROUP>
</GROUP>
<GROUP TYPE="Sample">
<GROUP TYPE="Patient" ID="011803648221"></GROUP><GROUP TYPE="Assays" ID=" ">
<GROUP TYPE="Assay" ID="PROTIA Allergy-Q 96M" STATE="Host"/>
</GROUP>
</GROUP>
<GROUP TYPE="Sample">
<GROUP TYPE="Patient" ID="011803708727"></GROUP><GROUP TYPE="Assays" ID=" ">
<GROUP TYPE="Assay" ID="PROTIA Allergy-Q 96M" STATE="Host"/>
</GROUP>
</GROUP>
<GROUP TYPE="Sample">
<GROUP TYPE="Patient" ID="011803950126"></GROUP><GROUP TYPE="Assays" ID=" ">
<GROUP TYPE="Assay" ID="PROTIA Allergy-Q 96M" STATE="Host"/>
</GROUP>
</GROUP>
<GROUP TYPE="Sample">
<GROUP TYPE="Patient" ID="011802590927"></GROUP><GROUP TYPE="Assays" ID=" ">
<GROUP TYPE="Assay" ID="PROTIA Allergy-Q 96M" STATE="Host"/>
</GROUP>
</GROUP>
<GROUP TYPE="Sample">
<GROUP TYPE="Patient" ID="011805703720"></GROUP><GROUP TYPE="Assays" ID=" ">
<GROUP TYPE="Assay" ID="PROTIA Allergy-Q 96M" STATE="Host"/>
</GROUP>
</GROUP>
<GROUP TYPE="Sample">
<GROUP TYPE="Patient" ID="011805707025"></GROUP><GROUP TYPE="Assays" ID=" ">
<GROUP TYPE="Assay" ID="PROTIA Allergy-Q 96M" STATE="Host"/>
</GROUP>
</GROUP>
<GROUP TYPE="Sample">
<GROUP TYPE="Patient" ID="011805748127"></GROUP><GROUP TYPE="Assays" ID=" ">
<GROUP TYPE="Assay" ID="PROTIA Allergy-Q 96M" STATE="Host"/>
</GROUP>
</GROUP>
<GROUP TYPE="Sample">
<GROUP TYPE="Patient" ID="011805720123"></GROUP><GROUP TYPE="Assays" ID=" ">
<GROUP TYPE="Assay" ID="PROTIA Allergy-Q 96M" STATE="Host"/>
</GROUP>
</GROUP>
<GROUP TYPE="Sample">
<GROUP TYPE="Patient" ID="011805736926"></GROUP><GROUP TYPE="Assays" ID=" ">
<GROUP TYPE="Assay" ID="PROTIA Allergy-Q 96M" STATE="Host"/>
</GROUP>
</GROUP>
<GROUP TYPE="Sample">
<GROUP TYPE="Patient" ID="011805735325"></GROUP><GROUP TYPE="Assays" ID=" ">
<GROUP TYPE="Assay" ID="PROTIA Allergy-Q 96M" STATE="Host"/>
</GROUP>
</GROUP>
<GROUP TYPE="Sample">
<GROUP TYPE="Patient" ID="011805740626"></GROUP><GROUP TYPE="Assays" ID=" ">
<GROUP TYPE="Assay" ID="PROTIA Allergy-Q 96M" STATE="Host"/>
</GROUP>
</GROUP>
<GROUP TYPE="Sample">
<GROUP TYPE="Patient" ID="011805701627"></GROUP><GROUP TYPE="Assays" ID=" ">
<GROUP TYPE="Assay" ID="PROTIA Allergy-Q 96M" STATE="Host"/>
</GROUP>
</GROUP>
<GROUP TYPE="Sample">
<GROUP TYPE="Patient" ID="011805703522"></GROUP><GROUP TYPE="Assays" ID=" ">
<GROUP TYPE="Assay" ID="PROTIA Allergy-Q 96M" STATE="Host"/>
</GROUP>
</GROUP>
</GROUP>