Session ID,---
User,admin
Execution,2021-06-13 ¿ÀÈÄ 3:07:06

Assay,PROTIA Allergy-Q 96M,PROTIA Allergy-Q 96M,PROTIA Allergy-Q 96M,PROTIA Allergy-Q 96M,PROTIA Allergy-Q 96M,PROTIA Allergy-Q 96M,PROTIA Allergy-Q 96M,PROTIA Allergy-Q 96M,PROTIA Allergy-Q 96M,PROTIA Allergy-Q 96M,PROTIA Allergy-Q 96M,PROTIA Allergy-Q 96M,PROTIA Allergy-Q 96M,PROTIA Allergy-Q 96M,PROTIA Allergy-Q 96M,PROTIA Allergy-Q 96M,PROTIA Allergy-Q 96M,PROTIA Allergy-Q 96M,PROTIA Allergy-Q 96M,PROTIA Allergy-Q 96M,PROTIA Allergy-Q 96M,PROTIA Allergy-Q 96M,PROTIA Allergy-Q 96M,PROTIA Allergy-Q 96M,PROTIA Allergy-Q 96M,PROTIA Allergy-Q 96M,PROTIA Allergy-Q 96M,PROTIA Allergy-Q 96M,PROTIA Allergy-Q 96M,PROTIA Allergy-Q 96M,PROTIA Allergy-Q 96M,PROTIA Allergy-Q 96M,PROTIA Allergy-Q 96M,PROTIA Allergy-Q 96M,PROTIA Allergy-Q 96M,PROTIA Allergy-Q 96M,PROTIA Allergy-Q 96M,PROTIA Allergy-Q 96M,PROTIA Allergy-Q 96M,PROTIA Allergy-Q 96M,PROTIA Allergy-Q 96M,PROTIA Allergy-Q 96M,PROTIA Allergy-Q 96M,PROTIA Allergy-Q 96M,PROTIA Allergy-Q 96M,PROTIA Allergy-Q 96M,PROTIA Allergy-Q 96M,PROTIA Allergy-Q 96M,PROTIA Allergy-Q 96M,PROTIA Allergy-Q 96M,PROTIA Allergy-Q 96M,PROTIA Allergy-Q 96M,PROTIA Allergy-Q 96M,PROTIA Allergy-Q 96M,PROTIA Allergy-Q 96M,PROTIA Allergy-Q 96M,PROTIA Allergy-Q 96M,PROTIA Allergy-Q 96M,PROTIA Allergy-Q 96M,PROTIA Allergy-Q 96M,PROTIA Allergy-Q 96M,PROTIA Allergy-Q 96M,PROTIA Allergy-Q 96M,PROTIA Allergy-Q 96M,PROTIA Allergy-Q 96M,PROTIA Allergy-Q 96M,PROTIA Allergy-Q 96M,PROTIA Allergy-Q 96M,PROTIA Allergy-Q 96M,PROTIA Allergy-Q 96M,PROTIA Allergy-Q 96M,PROTIA Allergy-Q 96M,PROTIA Allergy-Q 96M,PROTIA Allergy-Q 96M,PROTIA Allergy-Q 96M,PROTIA Allergy-Q 96M,PROTIA Allergy-Q 96M,PROTIA Allergy-Q 96M,PROTIA Allergy-Q 96M,PROTIA Allergy-Q 96M,PROTIA Allergy-Q 96M,PROTIA Allergy-Q 96M,PROTIA Allergy-Q 96M,PROTIA Allergy-Q 96M,PROTIA Allergy-Q 96M,PROTIA Allergy-Q 96M,PROTIA Allergy-Q 96M,PROTIA Allergy-Q 96M,PROTIA Allergy-Q 96M,PROTIA Allergy-Q 96M,PROTIA Allergy-Q 96M,PROTIA Allergy-Q 96M,PROTIA Allergy-Q 96M,PROTIA Allergy-Q 96M,PROTIA Allergy-Q 96M,PROTIA Allergy-Q 96M,PROTIA Allergy-Q 96M,PROTIA Allergy-Q 96M,PROTIA Allergy-Q 96M,PROTIA Allergy-Q 96M,PROTIA Allergy-Q 96M,PROTIA Allergy-Q 96M,PROTIA Allergy-Q 96M,PROTIA Allergy-Q 96M,PROTIA Allergy-Q 96M,PROTIA Allergy-Q 96M,PROTIA Allergy-Q 96M,PROTIA Allergy-Q 96M,PROTIA Allergy-Q 96M,PROTIA Allergy-Q 96M,PROTIA Allergy-Q 96M,PROTIA Allergy-Q 96M,PROTIA Allergy-Q 96M,PROTIA Allergy-Q 96M,PROTIA Allergy-Q 96M,PROTIA Allergy-Q 96M,PROTIA Allergy-Q 96M,PROTIA Allergy-Q 96M,PROTIA Allergy-Q 96M,PROTIA Allergy-Q 96M
strip No,1,1,1,2,2,2,3,3,3,4,4,4,5,5,5,6,6,6,7,7,7,8,8,8,9,9,9,10,10,10,11,11,11,12,12,12,13,13,13,14,14,14,15,15,15,16,16,16,17,17,17,18,18,18,19,19,19,20,20,20,21,21,21,22,22,22,23,23,23,24,24,24,25,25,25,26,26,26,27,27,27,28,28,28,29,29,29,30,30,30,31,31,31,32,32,32,33,33,33,34,34,34,35,35,35,36,36,36,37,37,37,38,38,38,39,39,39,40,40,40
sample code,011633854823,011633854823,011633854823,011633926421,011633926421,011633926421,011632530421,011632530421,011632530421,011633916422,011633916422,011633916422,011632530520,011632530520,011632530520,011635705123,011635705123,011635705123,011632550221,011632550221,011632550221,011632530322,011632530322,011632530322,011632571325,011632571325,011632571325,011633646725,011633646725,011633646725,011632505627,011632505627,011632505627,011633701127,011633701127,011633701127,011633642123,011633642123,011633642123,011630872929,011630872929,011630872929,011634307120,011634307120,011634307120,011630741621,011630741621,011630741621,011630823327,011630823327,011630823327,011630873124,011630873124,011630873124,011635804123,011635804123,011635804123,011634843925,011634843925,011634843925,011630279421,011630279421,011630279421,011633100722,011633100722,011633100722,011634803424,011634803424,011634803424,011634803523,011634803523,011634803523,011636862627,011636862627,011636862627,011635161721,011635161721,011635161721,011634320020,011634320020,011634320020,011634534625,011634534625,011634534625,011630543027,011630543027,011630543027,011630518322,011630518322,011630518322,011630724327,011630724327,011630724327,011631520621,011631520621,011631520621,011631520423,011631520423,011631520423,011631602624,011631602624,011631602624,011634007129,011634007129,011634007129,011634623022,011634623022,011634623022,011634622926,011634622926,011634622926,011634661123,011634661123,011634661123,011636894123,011636894123,011636894123,011636032525,011636032525,011636032525
,Intensity,IU/ml,Class,Intensity,IU/ml,Class,Intensity,IU/ml,Class,Intensity,IU/ml,Class,Intensity,IU/ml,Class,Intensity,IU/ml,Class,Intensity,IU/ml,Class,Intensity,IU/ml,Class,Intensity,IU/ml,Class,Intensity,IU/ml,Class,Intensity,IU/ml,Class,Intensity,IU/ml,Class,Intensity,IU/ml,Class,Intensity,IU/ml,Class,Intensity,IU/ml,Class,Intensity,IU/ml,Class,Intensity,IU/ml,Class,Intensity,IU/ml,Class,Intensity,IU/ml,Class,Intensity,IU/ml,Class,Intensity,IU/ml,Class,Intensity,IU/ml,Class,Intensity,IU/ml,Class,Intensity,IU/ml,Class,Intensity,IU/ml,Class,Intensity,IU/ml,Class,Intensity,IU/ml,Class,Intensity,IU/ml,Class,Intensity,IU/ml,Class,Intensity,IU/ml,Class,Intensity,IU/ml,Class,Intensity,IU/ml,Class,Intensity,IU/ml,Class,Intensity,IU/ml,Class,Intensity,IU/ml,Class,Intensity,IU/ml,Class,Intensity,IU/ml,Class,Intensity,IU/ml,Class,Intensity,IU/ml,Class,Intensity,IU/ml,Class
1,141.2,-,-,133.2,-,-,139.8,-,-,134.6,-,-,137.2,-,-,129.4,-,-,140,-,-,133,-,-,136.2,-,-,134.8,-,-,136.6,-,-,133.2,-,-,134.8,-,-,134.2,-,-,127.2,-,-,132.4,-,-,135.8,-,-,134.2,-,-,133,-,-,135,-,-,138.2,-,-,128.6,-,-,135.4,-,-,129.2,-,-,136.2,-,-,124,-,-,135.4,-,-,125.8,-,-,126,-,-,129.6,-,-,122.8,-,-,131.6,-,-,129.4,-,-,131.6,-,-,131.2,-,-,126.4,-,-,130.4,-,-,128.4,-,-,136,-,-,125,-,-
2,141.6,-,-,137.4,-,-,138.8,-,-,138.8,-,-,136.8,-,-,137.6,-,-,142.2,-,-,133,-,-,137.4,-,-,135.4,-,-,134.4,-,-,136.2,-,-,133,-,-,132.4,-,-,127,-,-,130.2,-,-,138.4,-,-,133.2,-,-,135.2,-,-,133,-,-,139.8,-,-,129.4,-,-,137.8,-,-,131.8,-,-,135.2,-,-,128,-,-,134.2,-,-,127.6,-,-,126.4,-,-,127.6,-,-,122.4,-,-,131.8,-,-,133.6,-,-,130.6,-,-,131.2,-,-,129.6,-,-,132.2,-,-,130.2,-,-,136.6,-,-,129,-,-
3,136.6,-,-,128.6,-,-,134.6,-,-,133,-,-,130.8,-,-,128.6,-,-,135.2,-,-,122.2,-,-,129.8,-,-,127.4,-,-,131,-,-,123,-,-,125.2,-,-,128.4,-,-,115.6,-,-,122.6,-,-,130.2,-,-,124.2,-,-,122.4,-,-,126.4,-,-,130.8,-,-,113.6,-,-,127.2,-,-,124.6,-,-,128.2,-,-,120.6,-,-,126.6,-,-,118.8,-,-,120,-,-,119.2,-,-,112.6,-,-,123.2,-,-,123.8,-,-,126.6,-,-,123.6,-,-,124.4,-,-,123.4,-,-,123.4,-,-,126.2,-,-,118.8,-,-
4,0,0,-,80.8,63,-,6.6,2,-,4,1,-,6.6,2,-,40.6,20,-,26,10,-,96.2,106,-,60.6,37,-,36.4,17,-,7.6,3,-,65.4,44,-,24.6,11,-,26.2,11,-,54,35,-,10.4,4,-,50.4,27,-,61.2,40,-,114.2,176,-,74,56,-,58.2,33,-,134.4,552,-,15.6,6,-,61.8,41,-,66.8,45,-,88.8,92,-,46.6,25,-,93.4,107,-,101.2,136,-,66.8,50,-,115.4,266,-,28,13,-,115.6,181,-,21,9,-,20.8,9,-,49.6,29,-,9.2,3,-,2.8,1,-,68.4,47,-,78.8,70,-
5,0,<0.15,0,1,<0.15,0,0,<0.15,0,0,<0.15,0,0,<0.15,0,0,<0.15,0,0,<0.15,0,40,3.51,3,16,0.37,1,9,<0.15,0,0,<0.15,0,0,<0.15,0,0,<0.15,0,0.4,<0.15,0,0,<0.15,0,0,<0.15,0,0.8,<0.15,0,5.8,<0.15,0,1.2,<0.15,0,0,<0.15,0,0,<0.15,0,3.8,<0.15,0,0,<0.15,0,2,<0.15,0,0,<0.15,0,48.2,5.86,3,0,<0.15,0,7.4,<0.15,0,1.8,<0.15,0,0,<0.15,0,28.2,1.82,2,43,4.18,3,8.6,<0.15,0,0,<0.15,0,0,<0.15,0,0.6,<0.15,0,0,<0.15,0,0,<0.15,0,0,<0.15,0,3.6,<0.15,0
6,0,<0.15,0,2,<0.15,0,0,<0.15,0,0.4,<0.15,0,0,<0.15,0,1.4,<0.15,0,0,<0.15,0,39,3.53,3,19.4,1.08,2,24.6,1.60,2,0.8,<0.15,0,1.4,<0.15,0,0,<0.15,0,0,<0.15,0,0,<0.15,0,0,<0.15,0,7.6,0.24,0,9.2,0.35,1,0,<0.15,0,1.2,<0.15,0,0,<0.15,0,1.2,<0.15,0,1.6,<0.15,0,7.8,0.26,0,0.6,<0.15,0,44.2,4.57,3,0,<0.15,0,6,0.17,0,6.6,0.21,0,2.4,<0.15,0,20.2,1.38,2,42,4.01,3,3.2,<0.15,0,0.6,<0.15,0,0,<0.15,0,2.8,<0.15,0,0,<0.15,0,0,<0.15,0,0.2,<0.15,0,6,0.17,0
7,0.4,<0.15,0,1.8,<0.15,0,0,<0.15,0,0.2,<0.15,0,0,<0.15,0,1.6,<0.15,0,0.2,<0.15,0,54.6,6.12,3,34.2,2.40,2,22,1.15,2,0.8,<0.15,0,0,<0.15,0,0,<0.15,0,1,<0.15,0,0.2,<0.15,0,0,<0.15,0,3.6,<0.15,0,10.2,0.27,0,0,<0.15,0,0,<0.15,0,1.4,<0.15,0,2,<0.15,0,0.6,<0.15,0,5.8,<0.15,0,2,<0.15,0,73.4,12.19,3,0.2,<0.15,0,15,0.63,1,5.6,<0.15,0,1.6,<0.15,0,32.6,2.70,2,66.6,9.25,3,4.8,<0.15,0,0,<0.15,0,0,<0.15,0,3.6,<0.15,0,0,<0.15,0,0.6,<0.15,0,0.6,<0.15,0,7.2,<0.15,0
8,12.6,<0.15,0,8.8,<0.15,0,5.4,<0.15,0,6.6,<0.15,0,6.2,<0.15,0,6.6,<0.15,0,4.8,<0.15,0,6.8,<0.15,0,6.6,<0.15,0,8.2,<0.15,0,5,<0.15,0,6,<0.15,0,5.8,<0.15,0,4.4,<0.15,0,21.8,0.71,2,6.4,<0.15,0,6.8,<0.15,0,6.6,<0.15,0,4.8,<0.15,0,6.6,<0.15,0,5,<0.15,0,7.2,<0.15,0,10,<0.15,0,5.6,<0.15,0,6.2,<0.15,0,5.8,<0.15,0,4.4,<0.15,0,6,<0.15,0,4,<0.15,0,18.2,0.38,1,118.2,>100,6,3.8,<0.15,0,9,<0.15,0,5.4,<0.15,0,5,<0.15,0,4.8,<0.15,0,7.8,<0.15,0,6.2,<0.15,0,4.2,<0.15,0,7.4,<0.15,0
9,8.2,0.18,0,14.4,0.80,2,4.8,<0.15,0,3.6,<0.15,0,7.4,<0.15,0,2.6,<0.15,0,5,<0.15,0,2.8,<0.15,0,3.6,<0.15,0,3.6,<0.15,0,4,<0.15,0,2.2,<0.15,0,4.6,<0.15,0,4.8,<0.15,0,5.6,<0.15,0,4.4,<0.15,0,6.2,<0.15,0,2.8,<0.15,0,8,0.19,0,5.2,<0.15,0,3.2,<0.15,0,3,<0.15,0,6.6,<0.15,0,4.8,<0.15,0,3.8,<0.15,0,4.6,<0.15,0,3.8,<0.15,0,2.4,<0.15,0,5.2,<0.15,0,4.2,<0.15,0,48.8,10.49,3,1.8,<0.15,0,84.4,35.89,4,3.8,<0.15,0,3,<0.15,0,3.4,<0.15,0,2.4,<0.15,0,4.2,<0.15,0,2.2,<0.15,0,3.8,<0.15,0
10,3,<0.15,0,2.4,<0.15,0,2.4,<0.15,0,3,<0.15,0,4.4,<0.15,0,2.2,<0.15,0,2.8,<0.15,0,0.8,<0.15,0,2.8,<0.15,0,2.4,<0.15,0,0.8,<0.15,0,0.6,<0.15,0,1,<0.15,0,4.2,<0.15,0,1.8,<0.15,0,1.4,<0.15,0,2,<0.15,0,7,<0.15,0,1,<0.15,0,5.2,<0.15,0,1.8,<0.15,0,2.6,<0.15,0,4.2,<0.15,0,2.6,<0.15,0,2,<0.15,0,1.6,<0.15,0,3,<0.15,0,1,<0.15,0,1.6,<0.15,0,0.6,<0.15,0,4.4,<0.15,0,0.4,<0.15,0,7.4,<0.15,0,1.8,<0.15,0,1.8,<0.15,0,1.6,<0.15,0,0.4,<0.15,0,1,<0.15,0,1.2,<0.15,0,2.4,<0.15,0
11,2.6,<0.15,0,0.6,<0.15,0,0,<0.15,0,2.6,<0.15,0,2.2,<0.15,0,0.2,<0.15,0,2,<0.15,0,0.8,<0.15,0,1.8,<0.15,0,2.4,<0.15,0,2.2,<0.15,0,1.6,<0.15,0,1.8,<0.15,0,61,6.57,3,5.8,<0.15,0,2.2,<0.15,0,0.8,<0.15,0,4.6,<0.15,0,6.2,<0.15,0,6.4,<0.15,0,0.8,<0.15,0,0.2,<0.15,0,1.6,<0.15,0,2.4,<0.15,0,2,<0.15,0,1.6,<0.15,0,2,<0.15,0,0.6,<0.15,0,1,<0.15,0,1,<0.15,0,0,<0.15,0,0.8,<0.15,0,11.8,0.22,0,2.6,<0.15,0,2.2,<0.15,0,0.8,<0.15,0,3.8,<0.15,0,0.6,<0.15,0,0,<0.15,0,1,<0.15,0
12,4.4,0.21,0,54.6,14.90,3,3,<0.15,0,2.4,<0.15,0,2.8,<0.15,0,4,0.16,0,4.2,0.18,0,7.8,0.82,2,5,0.31,0,16.6,2.61,2,2.2,<0.15,0,0.8,<0.15,0,1.4,<0.15,0,3.2,<0.15,0,2.6,<0.15,0,2.6,<0.15,0,2,<0.15,0,2.8,<0.15,0,1.2,<0.15,0,2.4,<0.15,0,2,<0.15,0,2.4,<0.15,0,5.2,0.34,0,3.8,<0.15,0,2.4,<0.15,0,3.2,<0.15,0,1,<0.15,0,2.6,<0.15,0,13.6,2.10,2,2.6,<0.15,0,3.6,<0.15,0,0.4,<0.15,0,3.8,<0.15,0,3.6,<0.15,0,1,<0.15,0,2.4,<0.15,0,2,<0.15,0,1,<0.15,0,15.6,2.37,2,4.2,0.20,0
13,5.2,<0.15,0,6.4,<0.15,0,4.8,<0.15,0,4.4,<0.15,0,5.4,<0.15,0,4,<0.15,0,6.8,<0.15,0,3.6,<0.15,0,5.8,<0.15,0,5.6,<0.15,0,3.8,<0.15,0,3,<0.15,0,3.8,<0.15,0,5,<0.15,0,3.2,<0.15,0,3,<0.15,0,5,<0.15,0,4.8,<0.15,0,4.4,<0.15,0,5.6,<0.15,0,4,<0.15,0,4.6,<0.15,0,6,<0.15,0,4.6,<0.15,0,4.4,<0.15,0,6.2,<0.15,0,2.6,<0.15,0,5,<0.15,0,4.4,<0.15,0,3,<0.15,0,3.4,<0.15,0,3.8,<0.15,0,4,<0.15,0,4.6,<0.15,0,4,<0.15,0,4,<0.15,0,2.8,<0.15,0,1.8,<0.15,0,3.6,<0.15,0,3.8,<0.15,0
14,3.8,<0.15,0,4.2,<0.15,0,4,<0.15,0,4.6,<0.15,0,2.8,<0.15,0,3.6,<0.15,0,5.6,<0.15,0,2.8,<0.15,0,4,<0.15,0,2.8,<0.15,0,2.4,<0.15,0,0.6,<0.15,0,3.6,<0.15,0,4.4,<0.15,0,1.8,<0.15,0,1.6,<0.15,0,2.8,<0.15,0,3.8,<0.15,0,3.2,<0.15,0,1.2,<0.15,0,1.4,<0.15,0,1.4,<0.15,0,5.2,<0.15,0,1.4,<0.15,0,3.4,<0.15,0,4,<0.15,0,2.8,<0.15,0,3.2,<0.15,0,2.4,<0.15,0,1.2,<0.15,0,1,<0.15,0,4,<0.15,0,4,<0.15,0,5,<0.15,0,4,<0.15,0,3.6,<0.15,0,1.2,<0.15,0,3,<0.15,0,1.6,<0.15,0,2.6,<0.15,0
15,2.2,<0.15,0,0.6,<0.15,0,0.4,<0.15,0,1.2,<0.15,0,0.4,<0.15,0,0.2,<0.15,0,0.6,<0.15,0,0.8,<0.15,0,0.2,<0.15,0,1.8,<0.15,0,0.4,<0.15,0,0,<0.15,0,0.6,<0.15,0,0.6,<0.15,0,0.2,<0.15,0,0,<0.15,0,1,<0.15,0,1.6,<0.15,0,1,<0.15,0,1,<0.15,0,1.2,<0.15,0,0,<0.15,0,1.8,<0.15,0,0.8,<0.15,0,0.6,<0.15,0,0.4,<0.15,0,0.8,<0.15,0,0.6,<0.15,0,0.6,<0.15,0,0.8,<0.15,0,0,<0.15,0,0.2,<0.15,0,5.6,<0.15,0,1.2,<0.15,0,1,<0.15,0,0,<0.15,0,0,<0.15,0,0,<0.15,0,0,<0.15,0,2,<0.15,0
16,1,<0.15,0,1.6,<0.15,0,0.6,<0.15,0,0,<0.15,0,0,<0.15,0,0.2,<0.15,0,0.4,<0.15,0,0.2,<0.15,0,0.6,<0.15,0,0.2,<0.15,0,0.8,<0.15,0,0,<0.15,0,0.4,<0.15,0,2.6,<0.15,0,0,<0.15,0,1.2,<0.15,0,0,<0.15,0,0.6,<0.15,0,1.4,<0.15,0,0.6,<0.15,0,0,<0.15,0,0,<0.15,0,0.2,<0.15,0,0,<0.15,0,0,<0.15,0,1,<0.15,0,0.8,<0.15,0,0,<0.15,0,0,<0.15,0,2.4,<0.15,0,0.4,<0.15,0,0.6,<0.15,0,0,<0.15,0,0.4,<0.15,0,0,<0.15,0,0,<0.15,0,0.2,<0.15,0,0,<0.15,0,0,<0.15,0,0.4,<0.15,0
17,1,<0.15,0,0.8,<0.15,0,1.6,<0.15,0,0,<0.15,0,1.4,<0.15,0,0,<0.15,0,0.4,<0.15,0,1.6,<0.15,0,0,<0.15,0,0,<0.15,0,0.4,<0.15,0,0,<0.15,0,0.8,<0.15,0,2.2,<0.15,0,0,<0.15,0,0,<0.15,0,0,<0.15,0,0.6,<0.15,0,0,<0.15,0,0.4,<0.15,0,0,<0.15,0,0,<0.15,0,1,<0.15,0,0,<0.15,0,0,<0.15,0,0,<0.15,0,0,<0.15,0,0,<0.15,0,0,<0.15,0,0,<0.15,0,0,<0.15,0,0,<0.15,0,0,<0.15,0,0,<0.15,0,0,<0.15,0,0,<0.15,0,0,<0.15,0,0,<0.15,0,0,<0.15,0,0,<0.15,0
18,1.2,<0.15,0,1.2,<0.15,0,1.8,<0.15,0,1,<0.15,0,0,<0.15,0,0,<0.15,0,0.4,<0.15,0,0,<0.15,0,0.6,<0.15,0,0,<0.15,0,0.4,<0.15,0,0,<0.15,0,0,<0.15,0,0.6,<0.15,0,0,<0.15,0,0.4,<0.15,0,0.6,<0.15,0,0,<0.15,0,1.4,<0.15,0,0,<0.15,0,0,<0.15,0,0.2,<0.15,0,0,<0.15,0,0.4,<0.15,0,0,<0.15,0,1,<0.15,0,0,<0.15,0,0,<0.15,0,0.2,<0.15,0,0,<0.15,0,0,<0.15,0,0.8,<0.15,0,0.4,<0.15,0,0.2,<0.15,0,0,<0.15,0,0,<0.15,0,0.8,<0.15,0,0,<0.15,0,0.4,<0.15,0,0,<0.15,0
19,1,<0.15,0,1.4,<0.15,0,2,<0.15,0,0,<0.15,0,1.4,<0.15,0,1,<0.15,0,0,<0.15,0,1,<0.15,0,0.8,<0.15,0,1.4,<0.15,0,0.2,<0.15,0,0,<0.15,0,0.2,<0.15,0,0,<0.15,0,0,<0.15,0,0,<0.15,0,0,<0.15,0,0.6,<0.15,0,3,<0.15,0,0.8,<0.15,0,0,<0.15,0,0.8,<0.15,0,0.4,<0.15,0,0,<0.15,0,0.6,<0.15,0,0,<0.15,0,0.2,<0.15,0,0,<0.15,0,0.8,<0.15,0,0.4,<0.15,0,0,<0.15,0,0.4,<0.15,0,0,<0.15,0,0.4,<0.15,0,0,<0.15,0,0,<0.15,0,0,<0.15,0,0,<0.15,0,0,<0.15,0,0,<0.15,0
20,1,<0.15,0,2,<0.15,0,2.2,<0.15,0,0,<0.15,0,0.2,<0.15,0,0.6,<0.15,0,0,<0.15,0,0,<0.15,0,0.6,<0.15,0,0,<0.15,0,0,<0.15,0,0,<0.15,0,0,<0.15,0,0.6,<0.15,0,0,<0.15,0,0,<0.15,0,0.6,<0.15,0,2,<0.15,0,1,<0.15,0,0.8,<0.15,0,0,<0.15,0,0,<0.15,0,0,<0.15,0,0,<0.15,0,0.4,<0.15,0,0,<0.15,0,1,<0.15,0,0,<0.15,0,1.4,<0.15,0,0.8,<0.15,0,0.6,<0.15,0,1,<0.15,0,0.6,<0.15,0,2.8,<0.15,0,0,<0.15,0,0.4,<0.15,0,1.6,<0.15,0,0,<0.15,0,1.2,<0.15,0,0,<0.15,0
21,2.2,<0.15,0,5,0.28,0,0.4,<0.15,0,0,<0.15,0,0,<0.15,0,0.8,<0.15,0,0.2,<0.15,0,0,<0.15,0,0.8,<0.15,0,0.6,<0.15,0,1.2,<0.15,0,0,<0.15,0,0.6,<0.15,0,1.2,<0.15,0,1.2,<0.15,0,0.8,<0.15,0,0,<0.15,0,0.8,<0.15,0,0.8,<0.15,0,1.2,<0.15,0,0,<0.15,0,0,<0.15,0,1.2,<0.15,0,0,<0.15,0,0.6,<0.15,0,0.6,<0.15,0,0.4,<0.15,0,0.2,<0.15,0,0.6,<0.15,0,29,7.22,3,0.2,<0.15,0,0,<0.15,0,1,<0.15,0,3,<0.15,0,1,<0.15,0,0,<0.15,0,0.4,<0.15,0,0,<0.15,0,0,<0.15,0,0,<0.15,0
22,2.8,<0.15,0,1.6,<0.15,0,1.2,<0.15,0,0.8,<0.15,0,0,<0.15,0,2,<0.15,0,1.4,<0.15,0,1.2,<0.15,0,1.2,<0.15,0,0,<0.15,0,1.8,<0.15,0,0,<0.15,0,2.8,<0.15,0,0.2,<0.15,0,15,1.33,2,0.2,<0.15,0,0.6,<0.15,0,0,<0.15,0,1.8,<0.15,0,0.6,<0.15,0,0,<0.15,0,1.4,<0.15,0,1.8,<0.15,0,0,<0.15,0,0.8,<0.15,0,0,<0.15,0,0,<0.15,0,0,<0.15,0,2.4,<0.15,0,0.2,<0.15,0,0.8,<0.15,0,0.6,<0.15,0,1.6,<0.15,0,2.8,<0.15,0,0.8,<0.15,0,0,<0.15,0,0.8,<0.15,0,0.2,<0.15,0,0,<0.15,0,0,<0.15,0
23,1.6,<0.15,0,0.4,<0.15,0,0,<0.15,0,0,<0.15,0,0,<0.15,0,0,<0.15,0,0,<0.15,0,0,<0.15,0,0.2,<0.15,0,0.2,<0.15,0,0,<0.15,0,0,<0.15,0,1.2,<0.15,0,1,<0.15,0,2,<0.15,0,0,<0.15,0,0,<0.15,0,0,<0.15,0,0.4,<0.15,0,0,<0.15,0,0,<0.15,0,0,<0.15,0,0,<0.15,0,0,<0.15,0,0.8,<0.15,0,0,<0.15,0,0,<0.15,0,0,<0.15,0,0.8,<0.15,0,0,<0.15,0,3.4,<0.15,0,0.6,<0.15,0,0.8,<0.15,0,0.8,<0.15,0,0,<0.15,0,0,<0.15,0,0.4,<0.15,0,1,<0.15,0,0,<0.15,0,0,<0.15,0
24,1.76,<0.15,0,0.66,<0.15,0,0.66,<0.15,0,0,<0.15,0,0,<0.15,0,0,<0.15,0,0.66,<0.15,0,0,<0.15,0,0,<0.15,0,0,<0.15,0,2.2,<0.15,0,0,<0.15,0,0.22,<0.15,0,0.66,<0.15,0,2.64,<0.15,0,0,<0.15,0,0,<0.15,0,0,<0.15,0,0.88,<0.15,0,0,<0.15,0,0,<0.15,0,0,<0.15,0,0.88,<0.15,0,0,<0.15,0,0.66,<0.15,0,0,<0.15,0,0,<0.15,0,0,<0.15,0,1.32,<0.15,0,0,<0.15,0,0.66,<0.15,0,1.76,<0.15,0,2.42,<0.15,0,0.22,<0.15,0,2.42,<0.15,0,0,<0.15,0,0,<0.15,0,0,<0.15,0,0,<0.15,0,0,<0.15,0
25,0.22,<0.15,0,0.44,<0.15,0,0.22,<0.15,0,0.22,<0.15,0,0,<0.15,0,0,<0.15,0,0,<0.15,0,0.22,<0.15,0,0.44,<0.15,0,0.22,<0.15,0,0,<0.15,0,0,<0.15,0,1.98,<0.15,0,0,<0.15,0,0.22,<0.15,0,0,<0.15,0,0,<0.15,0,0,<0.15,0,1.1,<0.15,0,0,<0.15,0,0,<0.15,0,0.88,<0.15,0,0,<0.15,0,0,<0.15,0,0,<0.15,0,0,<0.15,0,0.22,<0.15,0,0,<0.15,0,2.86,<0.15,0,0.66,<0.15,0,0,<0.15,0,0,<0.15,0,0.66,<0.15,0,0.44,<0.15,0,2.42,<0.15,0,0,<0.15,0,0,<0.15,0,0,<0.15,0,0.22,<0.15,0,0,<0.15,0
26,0.22,<0.15,0,33.26,3.58,3,0,<0.15,0,0,<0.15,0,0,<0.15,0,0.22,<0.15,0,0.22,<0.15,0,0,<0.15,0,3.96,<0.15,0,10.78,0.64,1,0.44,<0.15,0,0,<0.15,0,0,<0.15,0,1.1,<0.15,0,0,<0.15,0,0.22,<0.15,0,0,<0.15,0,0,<0.15,0,0,<0.15,0,0,<0.15,0,0,<0.15,0,0,<0.15,0,0,<0.15,0,0,<0.15,0,0,<0.15,0,0,<0.15,0,0.22,<0.15,0,0,<0.15,0,9.68,0.55,1,0,<0.15,0,0,<0.15,0,1.1,<0.15,0,0.44,<0.15,0,0.66,<0.15,0,0,<0.15,0,0,<0.15,0,0,<0.15,0,0,<0.15,0,9.02,0.44,1,0,<0.15,0
27,0,<0.15,0,2.2,<0.15,0,0,<0.15,0,0,<0.15,0,0,<0.15,0,0,<0.15,0,0,<0.15,0,0,<0.15,0,0,<0.15,0,0.88,<0.15,0,0.88,<0.15,0,0.88,<0.15,0,0.22,<0.15,0,0.66,<0.15,0,0.22,<0.15,0,0,<0.15,0,0,<0.15,0,0,<0.15,0,0.44,<0.15,0,0,<0.15,0,0,<0.15,0,0,<0.15,0,0,<0.15,0,0,<0.15,0,0,<0.15,0,0,<0.15,0,0.22,<0.15,0,0,<0.15,0,0,<0.15,0,0.22,<0.15,0,0,<0.15,0,0,<0.15,0,0,<0.15,0,0,<0.15,0,0,<0.15,0,0,<0.15,0,0,<0.15,0,0,<0.15,0,0,<0.15,0,0,<0.15,0
28,0.66,<0.15,0,1.98,<0.15,0,0,<0.15,0,0,<0.15,0,0,<0.15,0,0,<0.15,0,0.44,<0.15,0,0,<0.15,0,0.88,<0.15,0,2.64,<0.15,0,0,<0.15,0,0,<0.15,0,0,<0.15,0,0.22,<0.15,0,0.88,<0.15,0,0,<0.15,0,0,<0.15,0,0,<0.15,0,0,<0.15,0,0,<0.15,0,0,<0.15,0,0,<0.15,0,0,<0.15,0,0,<0.15,0,0,<0.15,0,0,<0.15,0,0,<0.15,0,0,<0.15,0,0,<0.15,0,21.78,1.12,2,0,<0.15,0,0,<0.15,0,0,<0.15,0,0,<0.15,0,0,<0.15,0,0,<0.15,0,0,<0.15,0,0,<0.15,0,0.22,<0.15,0,0,<0.15,0
29,0,<0.15,0,0.44,<0.15,0,0,<0.15,0,0,<0.15,0,0,<0.15,0,0,<0.15,0,0,<0.15,0,0,<0.15,0,0,<0.15,0,2.86,<0.15,0,0,<0.15,0,0,<0.15,0,0,<0.15,0,0,<0.15,0,0,<0.15,0,0,<0.15,0,0,<0.15,0,0,<0.15,0,0,<0.15,0,0,<0.15,0,0,<0.15,0,0,<0.15,0,0,<0.15,0,0,<0.15,0,0,<0.15,0,0,<0.15,0,0,<0.15,0,0,<0.15,0,0,<0.15,0,0,<0.15,0,0,<0.15,0,0,<0.15,0,0,<0.15,0,0,<0.15,0,0,<0.15,0,0,<0.15,0,0,<0.15,0,0,<0.15,0,0,<0.15,0,0,<0.15,0
30,0,<0.15,0,1.32,<0.15,0,0,<0.15,0,0,<0.15,0,0,<0.15,0,0,<0.15,0,0,<0.15,0,0,<0.15,0,0,<0.15,0,0.44,<0.15,0,0,<0.15,0,0,<0.15,0,0,<0.15,0,0.22,<0.15,0,1.32,<0.15,0,0,<0.15,0,0,<0.15,0,0,<0.15,0,0,<0.15,0,0,<0.15,0,0,<0.15,0,0,<0.15,0,0,<0.15,0,0,<0.15,0,0,<0.15,0,0,<0.15,0,0,<0.15,0,0,<0.15,0,0.66,<0.15,0,0,<0.15,0,0,<0.15,0,0,<0.15,0,0,<0.15,0,0,<0.15,0,0,<0.15,0,0,<0.15,0,0,<0.15,0,0,<0.15,0,0.88,<0.15,0,0,<0.15,0
31,0,<0.15,0,0.66,<0.15,0,0,<0.15,0,0,<0.15,0,0,<0.15,0,0,<0.15,0,0.22,<0.15,0,0,<0.15,0,0,<0.15,0,0.44,<0.15,0,0,<0.15,0,0,<0.15,0,0,<0.15,0,0.88,<0.15,0,0,<0.15,0,0,<0.15,0,0,<0.15,0,0,<0.15,0,0.22,<0.15,0,0,<0.15,0,0,<0.15,0,0,<0.15,0,0,<0.15,0,0,<0.15,0,0,<0.15,0,0.22,<0.15,0,0,<0.15,0,0,<0.15,0,0,<0.15,0,0,<0.15,0,0,<0.15,0,0,<0.15,0,0,<0.15,0,0,<0.15,0,0,<0.15,0,0,<0.15,0,0,<0.15,0,0,<0.15,0,0,<0.15,0,0,<0.15,0
32,0,<0.15,0,0.22,<0.15,0,0.66,<0.15,0,0.44,<0.15,0,0,<0.15,0,0,<0.15,0,0,<0.15,0,0,<0.15,0,0,<0.15,0,0.22,<0.15,0,0.22,<0.15,0,0,<0.15,0,0,<0.15,0,0,<0.15,0,0,<0.15,0,0,<0.15,0,0,<0.15,0,0,<0.15,0,0,<0.15,0,0,<0.15,0,0.44,<0.15,0,0,<0.15,0,0,<0.15,0,0,<0.15,0,0,<0.15,0,0,<0.15,0,0,<0.15,0,0,<0.15,0,0,<0.15,0,0,<0.15,0,0,<0.15,0,0,<0.15,0,0,<0.15,0,0,<0.15,0,0,<0.15,0,0,<0.15,0,0,<0.15,0,0,<0.15,0,0,<0.15,0,0,<0.15,0
33,157.2,-,-,151.2,-,-,148.2,-,-,144.6,-,-,150.6,-,-,141,-,-,143.4,-,-,140,-,-,143.2,-,-,144.6,-,-,139,-,-,135.2,-,-,138,-,-,133.4,-,-,119,-,-,132,-,-,144,-,-,134.6,-,-,140,-,-,146.8,-,-,139,-,-,137.8,-,-,146.8,-,-,144.2,-,-,141.6,-,-,128.8,-,-,134.4,-,-,131.2,-,-,131.4,-,-,133,-,-,131.4,-,-,136.2,-,-,137,-,-,129,-,-,133.4,-,-,134.8,-,-,137,-,-,128.2,-,-,138.2,-,-,140.8,-,-
34,0,<0.15,0,0.4,<0.15,0,0,<0.15,0,0,<0.15,0,0,<0.15,0,2.8,<0.15,0,1.2,<0.15,0,27,1.58,2,18.6,0.71,2,25.2,1.32,2,3.2,<0.15,0,0.6,<0.15,0,0.4,<0.15,0,0.4,<0.15,0,0,<0.15,0,0.4,<0.15,0,1.4,<0.15,0,5.8,<0.15,0,0.2,<0.15,0,2.4,<0.15,0,0.6,<0.15,0,1.2,<0.15,0,0,<0.15,0,2.2,<0.15,0,1.6,<0.15,0,22.4,1.14,2,1.8,<0.15,0,2.8,<0.15,0,3.2,<0.15,0,0.8,<0.15,0,16.8,0.70,2,30.2,1.96,2,0.6,<0.15,0,0,<0.15,0,0,<0.15,0,1.8,<0.15,0,0,<0.15,0,0.2,<0.15,0,0,<0.15,0,6.8,<0.15,0
35,0,<0.15,0,0.8,<0.15,0,0.8,<0.15,0,0.4,<0.15,0,0,<0.15,0,0,<0.15,0,0,<0.15,0,26.6,1.57,2,16.8,0.60,1,2.2,<0.15,0,0.8,<0.15,0,0.4,<0.15,0,1.4,<0.15,0,0.8,<0.15,0,0.2,<0.15,0,0,<0.15,0,0.4,<0.15,0,4.2,<0.15,0,1,<0.15,0,0.6,<0.15,0,0.8,<0.15,0,0.6,<0.15,0,0,<0.15,0,2.8,<0.15,0,0.4,<0.15,0,26.2,1.59,2,0.4,<0.15,0,2.4,<0.15,0,0.2,<0.15,0,0.4,<0.15,0,18.2,0.85,2,36.6,2.92,2,1,<0.15,0,0,<0.15,0,0,<0.15,0,0.8,<0.15,0,0.4,<0.15,0,1.6,<0.15,0,0.2,<0.15,0,1.8,<0.15,0
36,0.4,<0.15,0,4,<0.15,0,1,<0.15,0,1,<0.15,0,3.2,<0.15,0,2,<0.15,0,1,<0.15,0,0.6,<0.15,0,1.2,<0.15,0,5,<0.15,0,2.8,<0.15,0,0,<0.15,0,3.4,<0.15,0,2.2,<0.15,0,0.8,<0.15,0,2.4,<0.15,0,1.8,<0.15,0,2.4,<0.15,0,3.2,<0.15,0,2.4,<0.15,0,3.8,<0.15,0,1.8,<0.15,0,1.2,<0.15,0,3.8,<0.15,0,2,<0.15,0,0.2,<0.15,0,2,<0.15,0,0.8,<0.15,0,1.6,<0.15,0,48.2,16.65,3,0,<0.15,0,2.4,<0.15,0,0,<0.15,0,0.6,<0.15,0,1.2,<0.15,0,0.4,<0.15,0,2.8,<0.15,0,1.6,<0.15,0,0.6,<0.15,0,1,<0.15,0
37,0,<0.15,0,1.6,<0.15,0,1.8,<0.15,0,1.2,<0.15,0,2.4,<0.15,0,2,<0.15,0,4.6,<0.15,0,0.8,<0.15,0,2,<0.15,0,4,<0.15,0,1.2,<0.15,0,0.4,<0.15,0,0.8,<0.15,0,1.2,<0.15,0,0.6,<0.15,0,1.2,<0.15,0,3.4,<0.15,0,2.8,<0.15,0,2.2,<0.15,0,3.8,<0.15,0,2.4,<0.15,0,2,<0.15,0,1.6,<0.15,0,3.2,<0.15,0,0.8,<0.15,0,1.6,<0.15,0,2,<0.15,0,0.4,<0.15,0,1.4,<0.15,0,17.4,2.79,2,0,<0.15,0,1.4,<0.15,0,1.4,<0.15,0,0,<0.15,0,0,<0.15,0,3.2,<0.15,0,2,<0.15,0,0.6,<0.15,0,1.2,<0.15,0,1.2,<0.15,0
38,0.6,<0.15,0,4,<0.15,0,1.6,<0.15,0,4.2,<0.15,0,3.6,<0.15,0,2.6,<0.15,0,3.2,<0.15,0,1.4,<0.15,0,1.6,<0.15,0,6.2,<0.15,0,2.4,<0.15,0,0.4,<0.15,0,0.4,<0.15,0,1.4,<0.15,0,0.6,<0.15,0,2.6,<0.15,0,4.2,<0.15,0,1.8,<0.15,0,3,<0.15,0,3.2,<0.15,0,3.8,<0.15,0,2,<0.15,0,2,<0.15,0,3.4,<0.15,0,3,<0.15,0,2.8,<0.15,0,0.2,<0.15,0,1.4,<0.15,0,0,<0.15,0,19.8,3.68,3,0,<0.15,0,3.4,<0.15,0,1.8,<0.15,0,0.2,<0.15,0,0.4,<0.15,0,2.4,<0.15,0,0.6,<0.15,0,3.4,<0.15,0,1,<0.15,0,3,<0.15,0
39,0.6,<0.15,0,4,<0.15,0,2.2,<0.15,0,1.6,<0.15,0,2.4,<0.15,0,1,<0.15,0,2.2,<0.15,0,1,<0.15,0,0.4,<0.15,0,4,<0.15,0,1.8,<0.15,0,2.6,<0.15,0,1.4,<0.15,0,2.6,<0.15,0,1.6,<0.15,0,0.8,<0.15,0,1,<0.15,0,2,<0.15,0,3.6,<0.15,0,1.6,<0.15,0,1,<0.15,0,2,<0.15,0,2.4,<0.15,0,2.8,<0.15,0,1.8,<0.15,0,1.4,<0.15,0,1,<0.15,0,1.2,<0.15,0,2,<0.15,0,0.2,<0.15,0,2,<0.15,0,1.4,<0.15,0,1,<0.15,0,1.2,<0.15,0,1.2,<0.15,0,0.6,<0.15,0,0.8,<0.15,0,1.6,<0.15,0,0.2,<0.15,0,2.2,<0.15,0
40,3.6,<0.15,0,3.2,<0.15,0,1.8,<0.15,0,2.4,<0.15,0,3.4,<0.15,0,3.2,<0.15,0,2.8,<0.15,0,0.8,<0.15,0,1.2,<0.15,0,3.6,<0.15,0,2.8,<0.15,0,2,<0.15,0,1.8,<0.15,0,2,<0.15,0,3.8,<0.15,0,2.4,<0.15,0,2.8,<0.15,0,4.8,<0.15,0,4.4,<0.15,0,2,<0.15,0,2.8,<0.15,0,1.4,<0.15,0,4.4,<0.15,0,2,<0.15,0,3.2,<0.15,0,1.6,<0.15,0,3.2,<0.15,0,0.4,<0.15,0,1,<0.15,0,1.6,<0.15,0,14.2,1.09,2,1.4,<0.15,0,2.2,<0.15,0,2.2,<0.15,0,0.8,<0.15,0,2.4,<0.15,0,0.6,<0.15,0,2.4,<0.15,0,0.6,<0.15,0,2.8,<0.15,0
41,4.8,<0.15,0,8,<0.15,0,4.6,<0.15,0,6.4,<0.15,0,5.8,<0.15,0,4.2,<0.15,0,6,<0.15,0,5.8,<0.15,0,6,<0.15,0,6.6,<0.15,0,4.2,<0.15,0,5,<0.15,0,3,<0.15,0,4.6,<0.15,0,2.8,<0.15,0,4.6,<0.15,0,6.4,<0.15,0,6.2,<0.15,0,6.2,<0.15,0,3.6,<0.15,0,4.2,<0.15,0,6.4,<0.15,0,6,<0.15,0,4.4,<0.15,0,5.2,<0.15,0,6.2,<0.15,0,4.8,<0.15,0,4.2,<0.15,0,2,<0.15,0,3.8,<0.15,0,2.4,<0.15,0,3.2,<0.15,0,5.2,<0.15,0,4.2,<0.15,0,3.2,<0.15,0,3.6,<0.15,0,4,<0.15,0,6.8,<0.15,0,3,<0.15,0,5.8,<0.15,0
42,8.6,<0.15,0,8.6,<0.15,0,8.4,<0.15,0,7.2,<0.15,0,8.4,<0.15,0,6.2,<0.15,0,7,<0.15,0,7.4,<0.15,0,7.4,<0.15,0,9.2,<0.15,0,7.2,<0.15,0,3.8,<0.15,0,6.6,<0.15,0,6.2,<0.15,0,0.6,<0.15,0,5.8,<0.15,0,8.6,<0.15,0,7.2,<0.15,0,8.6,<0.15,0,5.8,<0.15,0,5,<0.15,0,6,<0.15,0,9,<0.15,0,5,<0.15,0,7,<0.15,0,7.4,<0.15,0,5.4,<0.15,0,5.2,<0.15,0,6.6,<0.15,0,7.6,<0.15,0,5.2,<0.15,0,6.6,<0.15,0,4.8,<0.15,0,6.4,<0.15,0,4,<0.15,0,2.8,<0.15,0,5.6,<0.15,0,9,<0.15,0,2.2,<0.15,0,9,<0.15,0
43,2.2,<0.15,0,5,0.15,0,4.6,<0.15,0,3.6,<0.15,0,4.4,<0.15,0,3.2,<0.15,0,4.6,<0.15,0,4,<0.15,0,4.2,<0.15,0,4,<0.15,0,5.2,0.17,0,1.4,<0.15,0,3.4,<0.15,0,2.2,<0.15,0,1,<0.15,0,1.8,<0.15,0,2.8,<0.15,0,4.4,<0.15,0,3.6,<0.15,0,3,<0.15,0,4.2,<0.15,0,2.8,<0.15,0,4.2,<0.15,0,2,<0.15,0,4,<0.15,0,2.8,<0.15,0,3,<0.15,0,2.4,<0.15,0,3.2,<0.15,0,3.4,<0.15,0,2.6,<0.15,0,3.2,<0.15,0,3.8,<0.15,0,2.6,<0.15,0,2,<0.15,0,2.2,<0.15,0,2,<0.15,0,3,<0.15,0,0.2,<0.15,0,4,<0.15,0
44,4,<0.15,0,4.4,<0.15,0,7,0.21,0,5.4,<0.15,0,7.6,0.27,0,6.4,0.16,0,5.8,<0.15,0,6.4,0.17,0,3.2,<0.15,0,8.2,0.34,0,4.4,<0.15,0,3.4,<0.15,0,4.2,<0.15,0,4.8,<0.15,0,1.2,<0.15,0,5,<0.15,0,19.6,1.79,2,5.6,<0.15,0,5.8,<0.15,0,3.6,<0.15,0,5.2,<0.15,0,4.8,<0.15,0,7.4,0.26,0,4.4,<0.15,0,6.8,0.20,0,6.2,0.16,0,5.4,<0.15,0,3.8,<0.15,0,2.4,<0.15,0,4,<0.15,0,6.2,0.17,0,4.6,<0.15,0,4,<0.15,0,4,<0.15,0,3.6,<0.15,0,3.4,<0.15,0,2.8,<0.15,0,4.4,<0.15,0,2.2,<0.15,0,7,0.24,0
45,2.6,<0.15,0,4.6,<0.15,0,5.2,<0.15,0,2.8,<0.15,0,4.8,<0.15,0,4.2,<0.15,0,3,<0.15,0,3.8,<0.15,0,1.2,<0.15,0,4,<0.15,0,3.2,<0.15,0,2,<0.15,0,2.8,<0.15,0,3.8,<0.15,0,0,<0.15,0,2.4,<0.15,0,5.8,<0.15,0,4.6,<0.15,0,3.8,<0.15,0,2.2,<0.15,0,2.8,<0.15,0,2.6,<0.15,0,3.8,<0.15,0,1.6,<0.15,0,1.8,<0.15,0,3.2,<0.15,0,2.8,<0.15,0,1.8,<0.15,0,1.4,<0.15,0,3.8,<0.15,0,1,<0.15,0,2,<0.15,0,3.2,<0.15,0,3.2,<0.15,0,3,<0.15,0,1.6,<0.15,0,1,<0.15,0,3.2,<0.15,0,0.4,<0.15,0,4.6,<0.15,0
46,1.4,<0.15,0,2.2,<0.15,0,2.2,<0.15,0,3.2,<0.15,0,3,<0.15,0,1.6,<0.15,0,3.4,<0.15,0,3.4,<0.15,0,2.8,<0.15,0,3.2,<0.15,0,2,<0.15,0,0.6,<0.15,0,3.4,<0.15,0,0.6,<0.15,0,0.4,<0.15,0,4.2,<0.15,0,4,<0.15,0,4.4,<0.15,0,2,<0.15,0,2,<0.15,0,3.8,<0.15,0,3.6,<0.15,0,4.6,<0.15,0,2.8,<0.15,0,2.6,<0.15,0,1.4,<0.15,0,1.8,<0.15,0,0.6,<0.15,0,2,<0.15,0,3.6,<0.15,0,2,<0.15,0,3.8,<0.15,0,2,<0.15,0,1.2,<0.15,0,0.8,<0.15,0,1.2,<0.15,0,1.2,<0.15,0,3.8,<0.15,0,1.2,<0.15,0,3.4,<0.15,0
47,2.2,<0.15,0,3.6,<0.15,0,3.6,<0.15,0,3.6,<0.15,0,3.4,<0.15,0,2.2,<0.15,0,4.2,<0.15,0,2.2,<0.15,0,3.6,<0.15,0,4.6,<0.15,0,3,<0.15,0,0.8,<0.15,0,2.8,<0.15,0,0.6,<0.15,0,0.4,<0.15,0,2.2,<0.15,0,3.2,<0.15,0,2.6,<0.15,0,1.4,<0.15,0,1.8,<0.15,0,2.8,<0.15,0,2.8,<0.15,0,4.8,<0.15,0,3.4,<0.15,0,3.4,<0.15,0,1.4,<0.15,0,2.6,<0.15,0,0.6,<0.15,0,2.4,<0.15,0,2.8,<0.15,0,1.6,<0.15,0,3,<0.15,0,1.6,<0.15,0,1.6,<0.15,0,2,<0.15,0,0,<0.15,0,0.2,<0.15,0,0.8,<0.15,0,0,<0.15,0,3,<0.15,0
48,1.6,<0.15,0,3.4,<0.15,0,2.8,<0.15,0,2.8,<0.15,0,3.8,<0.15,0,0.6,<0.15,0,0.4,<0.15,0,4,<0.15,0,0.6,<0.15,0,5,<0.15,0,0.6,<0.15,0,1.6,<0.15,0,2.6,<0.15,0,1.6,<0.15,0,0.8,<0.15,0,1.8,<0.15,0,2.8,<0.15,0,2.6,<0.15,0,2,<0.15,0,2.8,<0.15,0,2.8,<0.15,0,3.4,<0.15,0,2.4,<0.15,0,4,<0.15,0,1.2,<0.15,0,1,<0.15,0,2.4,<0.15,0,0.6,<0.15,0,0.6,<0.15,0,1.6,<0.15,0,0.4,<0.15,0,2.4,<0.15,0,0,<0.15,0,1.2,<0.15,0,1.8,<0.15,0,0.6,<0.15,0,2,<0.15,0,1.4,<0.15,0,0,<0.15,0,1,<0.15,0
49,0.2,<0.15,0,2.2,<0.15,0,2.4,<0.15,0,3.8,<0.15,0,3.6,<0.15,0,1.8,<0.15,0,0,<0.15,0,2.4,<0.15,0,1.8,<0.15,0,4.4,<0.15,0,1.4,<0.15,0,0.8,<0.15,0,2,<0.15,0,2.6,<0.15,0,2,<0.15,0,2,<0.15,0,2.4,<0.15,0,3.4,<0.15,0,1.4,<0.15,0,2.4,<0.15,0,0,<0.15,0,1.4,<0.15,0,2.4,<0.15,0,1.4,<0.15,0,3.2,<0.15,0,0.2,<0.15,0,2.2,<0.15,0,0,<0.15,0,2.4,<0.15,0,0.6,<0.15,0,1.2,<0.15,0,0.8,<0.15,0,2,<0.15,0,1.2,<0.15,0,1.8,<0.15,0,0,<0.15,0,0,<0.15,0,1.2,<0.15,0,1.2,<0.15,0,2.2,<0.15,0
50,2.2,<0.15,0,8.4,0.26,0,6.8,<0.15,0,6,<0.15,0,6.8,<0.15,0,1.4,<0.15,0,4,<0.15,0,6.4,<0.15,0,5.6,<0.15,0,6,<0.15,0,4.4,<0.15,0,2.8,<0.15,0,5.6,<0.15,0,3.6,<0.15,0,6,<0.15,0,5.8,<0.15,0,6.6,<0.15,0,3.6,<0.15,0,2.6,<0.15,0,1,<0.15,0,6.4,<0.15,0,3.2,<0.15,0,5.8,<0.15,0,5.8,<0.15,0,5,<0.15,0,3.2,<0.15,0,3.6,<0.15,0,0.6,<0.15,0,4,<0.15,0,7,0.16,0,2.6,<0.15,0,2.4,<0.15,0,3.8,<0.15,0,2.2,<0.15,0,4.8,<0.15,0,1.2,<0.15,0,0.4,<0.15,0,5.4,<0.15,0,0.4,<0.15,0,7.4,0.20,0
51,0,<0.15,0,8,<0.15,0,3,<0.15,0,0.8,<0.15,0,3.4,<0.15,0,1.4,<0.15,0,1.4,<0.15,0,2.8,<0.15,0,1,<0.15,0,5,<0.15,0,1.2,<0.15,0,1,<0.15,0,4.2,<0.15,0,2,<0.15,0,2.2,<0.15,0,2.2,<0.15,0,11.4,0.41,1,0.8,<0.15,0,0.2,<0.15,0,0.2,<0.15,0,2.4,<0.15,0,2.4,<0.15,0,2.4,<0.15,0,2.8,<0.15,0,3,<0.15,0,1,<0.15,0,3,<0.15,0,0.4,<0.15,0,2.6,<0.15,0,2.2,<0.15,0,0.6,<0.15,0,0.2,<0.15,0,2.6,<0.15,0,0.4,<0.15,0,1,<0.15,0,0,<0.15,0,0,<0.15,0,2.4,<0.15,0,0,<0.15,0,2,<0.15,0
52,3.2,<0.15,0,5,<0.15,0,4.4,<0.15,0,3.2,<0.15,0,4.4,<0.15,0,0,<0.15,0,2.8,<0.15,0,3,<0.15,0,3.4,<0.15,0,6.4,<0.15,0,5,<0.15,0,3.2,<0.15,0,4.4,<0.15,0,0,<0.15,0,4,<0.15,0,2.6,<0.15,0,3.8,<0.15,0,5.4,<0.15,0,0.8,<0.15,0,3.4,<0.15,0,1.4,<0.15,0,3.8,<0.15,0,4.2,<0.15,0,2.4,<0.15,0,6,<0.15,0,2,<0.15,0,2.2,<0.15,0,0,<0.15,0,1.2,<0.15,0,3.8,<0.15,0,2.2,<0.15,0,0.8,<0.15,0,2.6,<0.15,0,1.2,<0.15,0,1.8,<0.15,0,0,<0.15,0,0.6,<0.15,0,2.8,<0.15,0,0,<0.15,0,2.4,<0.15,0
53,4,<0.15,0,4.6,<0.15,0,4.4,<0.15,0,2,<0.15,0,5.2,<0.15,0,0,<0.15,0,3,<0.15,0,5,<0.15,0,2.8,<0.15,0,8.8,0.17,0,5.2,<0.15,0,4,<0.15,0,3,<0.15,0,1,<0.15,0,3.2,<0.15,0,0,<0.15,0,5,<0.15,0,5.2,<0.15,0,0,<0.15,0,4.4,<0.15,0,1.2,<0.15,0,2.2,<0.15,0,4.2,<0.15,0,5.4,<0.15,0,2.8,<0.15,0,0.8,<0.15,0,2,<0.15,0,0,<0.15,0,1.6,<0.15,0,7,<0.15,0,0.2,<0.15,0,1.4,<0.15,0,0,<0.15,0,1.4,<0.15,0,1,<0.15,0,0,<0.15,0,0,<0.15,0,3.6,<0.15,0,0.6,<0.15,0,1.4,<0.15,0
54,2.6,<0.15,0,8.4,0.36,1,3.2,<0.15,0,1.4,<0.15,0,4,<0.15,0,0,<0.15,0,3.2,<0.15,0,4,<0.15,0,1.8,<0.15,0,6.2,<0.15,0,3.6,<0.15,0,2.6,<0.15,0,3.8,<0.15,0,1,<0.15,0,4,<0.15,0,2,<0.15,0,14.4,1.07,2,2.8,<0.15,0,1.6,<0.15,0,2.8,<0.15,0,2.2,<0.15,0,4.6,<0.15,0,2.4,<0.15,0,3.8,<0.15,0,5.6,<0.15,0,0.8,<0.15,0,1.2,<0.15,0,0.2,<0.15,0,2.8,<0.15,0,6.6,0.18,0,3.2,<0.15,0,1,<0.15,0,2.6,<0.15,0,3.4,<0.15,0,1,<0.15,0,1,<0.15,0,0.4,<0.15,0,1.2,<0.15,0,0,<0.15,0,1.2,<0.15,0
55,2,<0.15,0,3.4,<0.15,0,2,<0.15,0,2.2,<0.15,0,2.8,<0.15,0,0,<0.15,0,2.4,<0.15,0,2.6,<0.15,0,1.8,<0.15,0,4.8,<0.15,0,1.6,<0.15,0,0.8,<0.15,0,1.6,<0.15,0,0,<0.15,0,5,<0.15,0,0.4,<0.15,0,4.2,<0.15,0,1.8,<0.15,0,0.8,<0.15,0,1.8,<0.15,0,1.2,<0.15,0,4,<0.15,0,2.4,<0.15,0,3.8,<0.15,0,3.8,<0.15,0,0.8,<0.15,0,3.4,<0.15,0,0,<0.15,0,0.8,<0.15,0,3.4,<0.15,0,0.4,<0.15,0,0.2,<0.15,0,1,<0.15,0,0.6,<0.15,0,0.8,<0.15,0,0,<0.15,0,0.8,<0.15,0,3,<0.15,0,0,<0.15,0,2.2,<0.15,0
56,3.96,<0.15,0,3.74,<0.15,0,3.08,<0.15,0,2.2,<0.15,0,4.4,<0.15,0,0.22,<0.15,0,1.76,<0.15,0,2.2,<0.15,0,3.3,<0.15,0,5.72,0.16,0,2.64,<0.15,0,0.88,<0.15,0,2.42,<0.15,0,0,<0.15,0,2.86,<0.15,0,0.66,<0.15,0,4.18,<0.15,0,1.76,<0.15,0,0,<0.15,0,5.28,<0.15,0,0,<0.15,0,5.72,0.18,0,1.54,<0.15,0,3.3,<0.15,0,3.3,<0.15,0,0.44,<0.15,0,1.54,<0.15,0,0,<0.15,0,1.1,<0.15,0,3.96,<0.15,0,0.88,<0.15,0,0,<0.15,0,0.66,<0.15,0,0.44,<0.15,0,0.66,<0.15,0,0,<0.15,0,0.66,<0.15,0,2.2,<0.15,0,0,<0.15,0,1.76,<0.15,0
57,4.4,<0.15,0,2.86,<0.15,0,2.42,<0.15,0,5.5,<0.15,0,4.62,<0.15,0,2.2,<0.15,0,2.86,<0.15,0,2.2,<0.15,0,4.4,<0.15,0,5.5,<0.15,0,5.28,<0.15,0,1.1,<0.15,0,1.98,<0.15,0,2.64,<0.15,0,3.52,<0.15,0,0.22,<0.15,0,7.26,<0.15,0,4.18,<0.15,0,0.66,<0.15,0,5.72,<0.15,0,0,<0.15,0,1.98,<0.15,0,2.42,<0.15,0,6.16,<0.15,0,5.5,<0.15,0,0.44,<0.15,0,1.1,<0.15,0,0.22,<0.15,0,2.86,<0.15,0,3.96,<0.15,0,0.44,<0.15,0,0,<0.15,0,1.1,<0.15,0,1.1,<0.15,0,0.44,<0.15,0,1.1,<0.15,0,0,<0.15,0,2.64,<0.15,0,0.44,<0.15,0,4.18,<0.15,0
58,2.2,<0.15,0,0.88,<0.15,0,1.32,<0.15,0,2.64,<0.15,0,0.88,<0.15,0,0,<0.15,0,1.32,<0.15,0,3.08,<0.15,0,1.1,<0.15,0,4.4,<0.15,0,2.42,<0.15,0,1.1,<0.15,0,1.32,<0.15,0,2.2,<0.15,0,2.64,<0.15,0,0.22,<0.15,0,3.3,<0.15,0,1.1,<0.15,0,2.64,<0.15,0,1.54,<0.15,0,0,<0.15,0,1.54,<0.15,0,1.76,<0.15,0,5.06,<0.15,0,2.86,<0.15,0,0.66,<0.15,0,0.22,<0.15,0,0,<0.15,0,2.64,<0.15,0,2.42,<0.15,0,1.1,<0.15,0,0.66,<0.15,0,0,<0.15,0,0.88,<0.15,0,0.66,<0.15,0,0.88,<0.15,0,1.54,<0.15,0,0.88,<0.15,0,0.88,<0.15,0,2.42,<0.15,0
59,2.86,<0.15,0,1.54,<0.15,0,0,<0.15,0,2.86,<0.15,0,2.2,<0.15,0,0.66,<0.15,0,0.66,<0.15,0,1.32,<0.15,0,0.88,<0.15,0,2.64,<0.15,0,3.08,<0.15,0,2.86,<0.15,0,3.3,<0.15,0,1.76,<0.15,0,1.76,<0.15,0,0.22,<0.15,0,2.64,<0.15,0,2.42,<0.15,0,72.92,15.97,3,2.2,<0.15,0,0,<0.15,0,2.2,<0.15,0,0.22,<0.15,0,4.62,<0.15,0,1.98,<0.15,0,2.42,<0.15,0,0.88,<0.15,0,0.22,<0.15,0,1.54,<0.15,0,0.88,<0.15,0,0.44,<0.15,0,0.22,<0.15,0,0,<0.15,0,1.54,<0.15,0,0.22,<0.15,0,0,<0.15,0,0,<0.15,0,3.96,<0.15,0,0,<0.15,0,4.84,<0.15,0
60,2.2,<0.15,0,0.44,<0.15,0,0.44,<0.15,0,3.3,<0.15,0,2.64,<0.15,0,0.66,<0.15,0,0.66,<0.15,0,1.98,<0.15,0,0.22,<0.15,0,2.2,<0.15,0,3.08,<0.15,0,2.42,<0.15,0,1.32,<0.15,0,2.42,<0.15,0,2.42,<0.15,0,1.54,<0.15,0,3.3,<0.15,0,1.1,<0.15,0,1.54,<0.15,0,3.08,<0.15,0,0,<0.15,0,1.98,<0.15,0,0.22,<0.15,0,2.86,<0.15,0,1.98,<0.15,0,0.22,<0.15,0,0.66,<0.15,0,0.44,<0.15,0,2.64,<0.15,0,0.22,<0.15,0,0,<0.15,0,0.22,<0.15,0,0,<0.15,0,0.44,<0.15,0,0,<0.15,0,0,<0.15,0,0.22,<0.15,0,0.44,<0.15,0,0.88,<0.15,0,2.2,<0.15,0
61,1.54,<0.15,0,1.1,<0.15,0,0,<0.15,0,2.2,<0.15,0,0.66,<0.15,0,0.44,<0.15,0,1.1,<0.15,0,1.54,<0.15,0,1.98,<0.15,0,1.98,<0.15,0,3.52,<0.15,0,2.64,<0.15,0,1.76,<0.15,0,0,<0.15,0,2.2,<0.15,0,0.66,<0.15,0,3.3,<0.15,0,1.32,<0.15,0,2.64,<0.15,0,2.2,<0.15,0,1.32,<0.15,0,0.66,<0.15,0,0.66,<0.15,0,3.74,<0.15,0,2.42,<0.15,0,0,<0.15,0,1.1,<0.15,0,0,<0.15,0,1.76,<0.15,0,2.64,<0.15,0,0.22,<0.15,0,1.54,<0.15,0,0,<0.15,0,0.66,<0.15,0,1.54,<0.15,0,0.44,<0.15,0,0,<0.15,0,0,<0.15,0,1.54,<0.15,0,2.86,<0.15,0
62,1.98,<0.15,0,1.76,<0.15,0,0,<0.15,0,1.76,<0.15,0,2.86,<0.15,0,0.22,<0.15,0,2.2,<0.15,0,2.42,<0.15,0,0.22,<0.15,0,1.98,<0.15,0,3.96,<0.15,0,2.64,<0.15,0,2.2,<0.15,0,0.44,<0.15,0,3.08,<0.15,0,0.44,<0.15,0,3.08,<0.15,0,0.44,<0.15,0,3.74,<0.15,0,0.66,<0.15,0,1.98,<0.15,0,0.88,<0.15,0,0.22,<0.15,0,1.98,<0.15,0,1.1,<0.15,0,0.66,<0.15,0,0.22,<0.15,0,0.22,<0.15,0,0.66,<0.15,0,1.98,<0.15,0,0.88,<0.15,0,1.54,<0.15,0,0,<0.15,0,0,<0.15,0,1.1,<0.15,0,2.42,<0.15,0,0.22,<0.15,0,1.76,<0.15,0,1.54,<0.15,0,3.3,<0.15,0
63,1.98,<0.15,0,1.32,<0.15,0,0.88,<0.15,0,1.98,<0.15,0,3.08,<0.15,0,1.98,<0.15,0,1.98,<0.15,0,2.86,<0.15,0,2.86,<0.15,0,2.42,<0.15,0,4.18,<0.15,0,2.86,<0.15,0,3.74,<0.15,0,1.32,<0.15,0,3.08,<0.15,0,2.86,<0.15,0,2.86,<0.15,0,1.1,<0.15,0,54.81,9.16,3,2.2,<0.15,0,1.98,<0.15,0,1.76,<0.15,0,2.86,<0.15,0,2.42,<0.15,0,2.2,<0.15,0,0.22,<0.15,0,2.64,<0.15,0,1.32,<0.15,0,2.2,<0.15,0,1.98,<0.15,0,2.42,<0.15,0,1.98,<0.15,0,0,<0.15,0,1.98,<0.15,0,3.08,<0.15,0,1.1,<0.15,0,0,<0.15,0,1.1,<0.15,0,2.64,<0.15,0,3.08,<0.15,0
64,1.54,<0.15,0,1.54,<0.15,0,1.54,<0.15,0,2.64,<0.15,0,3.74,<0.15,0,0.44,<0.15,0,3.52,<0.15,0,3.96,<0.15,0,3.08,<0.15,0,2.42,<0.15,0,4.84,<0.15,0,3.74,<0.15,0,3.3,<0.15,0,0,<0.15,0,4.4,<0.15,0,1.76,<0.15,0,2.86,<0.15,0,2.2,<0.15,0,49.35,3.65,3,2.86,<0.15,0,3.3,<0.15,0,0.22,<0.15,0,2.42,<0.15,0,1.54,<0.15,0,2.2,<0.15,0,1.98,<0.15,0,1.98,<0.15,0,0.44,<0.15,0,0.66,<0.15,0,2.42,<0.15,0,2.2,<0.15,0,1.98,<0.15,0,0,<0.15,0,3.3,<0.15,0,3.08,<0.15,0,2.42,<0.15,0,1.32,<0.15,0,0.88,<0.15,0,3.3,<0.15,0,3.52,<0.15,0
65,144.8,-,-,140,-,-,137.2,-,-,142.4,-,-,135,-,-,131.2,-,-,136.4,-,-,134.4,-,-,136.4,-,-,136.6,-,-,135.2,-,-,133.2,-,-,133.6,-,-,129.6,-,-,116.6,-,-,129.4,-,-,133.4,-,-,127.2,-,-,130.4,-,-,144,-,-,132.6,-,-,129.6,-,-,132.8,-,-,138.8,-,-,131,-,-,127.6,-,-,129.8,-,-,128.4,-,-,124.4,-,-,129,-,-,123,-,-,128,-,-,128.2,-,-,129.8,-,-,126.8,-,-,132,-,-,128,-,-,122.2,-,-,129.8,-,-,128.2,-,-
66,0,<0.15,0,0,<0.15,0,0,<0.15,0,0,<0.15,0,0,<0.15,0,0,<0.15,0,0,<0.15,0,0,<0.15,0,0,<0.15,0,0,<0.15,0,0.6,<0.15,0,0,<0.15,0,0,<0.15,0,0,<0.15,0,0,<0.15,0,0,<0.15,0,1.2,<0.15,0,9,<0.15,0,0,<0.15,0,0,<0.15,0,0.2,<0.15,0,0.8,<0.15,0,0,<0.15,0,1,<0.15,0,0,<0.15,0,0,<0.15,0,0.2,<0.15,0,0,<0.15,0,0,<0.15,0,0.2,<0.15,0,3.6,<0.15,0,0,<0.15,0,0,<0.15,0,0,<0.15,0,0,<0.15,0,0.2,<0.15,0,0,<0.15,0,0,<0.15,0,0,<0.15,0,0,<0.15,0
67,0.6,<0.15,0,0,<0.15,0,0.6,<0.15,0,0,<0.15,0,0,<0.15,0,0.4,<0.15,0,0.2,<0.15,0,0,<0.15,0,0,<0.15,0,0,<0.15,0,0.6,<0.15,0,0,<0.15,0,0,<0.15,0,0,<0.15,0,0,<0.15,0,0,<0.15,0,0,<0.15,0,0,<0.15,0,0,<0.15,0,0,<0.15,0,0.6,<0.15,0,1,<0.15,0,0,<0.15,0,0.2,<0.15,0,0,<0.15,0,0,<0.15,0,0,<0.15,0,0,<0.15,0,0.2,<0.15,0,0.2,<0.15,0,0.6,<0.15,0,0.2,<0.15,0,0,<0.15,0,0,<0.15,0,0,<0.15,0,0,<0.15,0,0.4,<0.15,0,0,<0.15,0,0,<0.15,0,0,<0.15,0
68,0.6,<0.15,0,1.8,<0.15,0,2.2,<0.15,0,0,<0.15,0,0,<0.15,0,0.8,<0.15,0,1.4,<0.15,0,0,<0.15,0,0,<0.15,0,0.8,<0.15,0,1.6,<0.15,0,0,<0.15,0,1.2,<0.15,0,0,<0.15,0,0.2,<0.15,0,2.2,<0.15,0,0,<0.15,0,3,<0.15,0,1.2,<0.15,0,1,<0.15,0,0,<0.15,0,0,<0.15,0,0,<0.15,0,2.8,<0.15,0,0,<0.15,0,0,<0.15,0,0,<0.15,0,0,<0.15,0,0,<0.15,0,2,<0.15,0,0.2,<0.15,0,0.6,<0.15,0,2.2,<0.15,0,0.6,<0.15,0,0,<0.15,0,0.2,<0.15,0,0,<0.15,0,0,<0.15,0,0,<0.15,0,0,<0.15,0
69,0.4,<0.15,0,0,<0.15,0,0.6,<0.15,0,0,<0.15,0,0,<0.15,0,0.8,<0.15,0,0.8,<0.15,0,0,<0.15,0,0,<0.15,0,0,<0.15,0,0.8,<0.15,0,0,<0.15,0,0.2,<0.15,0,0.4,<0.15,0,0,<0.15,0,0.6,<0.15,0,0,<0.15,0,0,<0.15,0,0.6,<0.15,0,0,<0.15,0,0.4,<0.15,0,0.8,<0.15,0,0.2,<0.15,0,0.4,<0.15,0,0.6,<0.15,0,1,<0.15,0,0.2,<0.15,0,0,<0.15,0,0.6,<0.15,0,0,<0.15,0,0.8,<0.15,0,0,<0.15,0,0,<0.15,0,0.6,<0.15,0,0,<0.15,0,0,<0.15,0,0.6,<0.15,0,0,<0.15,0,1,<0.15,0,0,<0.15,0
70,3.2,<0.15,0,0,<0.15,0,2.4,<0.15,0,1,<0.15,0,2.2,<0.15,0,2.2,<0.15,0,1.8,<0.15,0,1.4,<0.15,0,0.4,<0.15,0,0.4,<0.15,0,2,<0.15,0,0.6,<0.15,0,0.6,<0.15,0,0,<0.15,0,0.2,<0.15,0,0.4,<0.15,0,2,<0.15,0,2.4,<0.15,0,2.4,<0.15,0,0.6,<0.15,0,0.6,<0.15,0,2.4,<0.15,0,4,0.15,0,2.8,<0.15,0,0.4,<0.15,0,2.4,<0.15,0,0,<0.15,0,1.8,<0.15,0,1.8,<0.15,0,0.8,<0.15,0,2,<0.15,0,1.2,<0.15,0,2,<0.15,0,1.6,<0.15,0,1.2,<0.15,0,2.2,<0.15,0,0.8,<0.15,0,0.8,<0.15,0,1.6,<0.15,0,0.8,<0.15,0
71,3.2,<0.15,0,2,<0.15,0,1.4,<0.15,0,1.2,<0.15,0,1,<0.15,0,1.8,<0.15,0,1.6,<0.15,0,0.2,<0.15,0,0.2,<0.15,0,0,<0.15,0,2,<0.15,0,1.6,<0.15,0,0,<0.15,0,0.2,<0.15,0,0.6,<0.15,0,1.6,<0.15,0,2.8,<0.15,0,2,<0.15,0,2.2,<0.15,0,0,<0.15,0,1.6,<0.15,0,0.4,<0.15,0,1,<0.15,0,3,<0.15,0,1.2,<0.15,0,0.8,<0.15,0,1.6,<0.15,0,0.6,<0.15,0,1,<0.15,0,0.2,<0.15,0,1.4,<0.15,0,1.8,<0.15,0,0.2,<0.15,0,0.2,<0.15,0,0.8,<0.15,0,1.6,<0.15,0,1,<0.15,0,0,<0.15,0,0,<0.15,0,1,<0.15,0
72,4.2,<0.15,0,60.4,4.13,3,3,<0.15,0,2.2,<0.15,0,3.8,<0.15,0,3.4,<0.15,0,1.6,<0.15,0,10,<0.15,0,5.2,<0.15,0,24.4,0.74,2,2.2,<0.15,0,3.2,<0.15,0,1.6,<0.15,0,0,<0.15,0,0.8,<0.15,0,2.4,<0.15,0,4,<0.15,0,2.6,<0.15,0,3.8,<0.15,0,4.4,<0.15,0,1.4,<0.15,0,3.8,<0.15,0,1.4,<0.15,0,2.4,<0.15,0,1.6,<0.15,0,0.4,<0.15,0,1.8,<0.15,0,2,<0.15,0,10.8,<0.15,0,5,<0.15,0,2.4,<0.15,0,0,<0.15,0,2.2,<0.15,0,1.6,<0.15,0,0.8,<0.15,0,1.6,<0.15,0,0.6,<0.15,0,0.6,<0.15,0,8.8,<0.15,0,1.4,<0.15,0
73,2,<0.15,0,0.4,<0.15,0,1.6,<0.15,0,1.6,<0.15,0,0.6,<0.15,0,0.8,<0.15,0,3,<0.15,0,2.2,<0.15,0,0.4,<0.15,0,1.8,<0.15,0,1.2,<0.15,0,3,<0.15,0,0.4,<0.15,0,0,<0.15,0,0.4,<0.15,0,0,<0.15,0,2.6,<0.15,0,3.2,<0.15,0,89.8,10.47,3,2,<0.15,0,6.2,0.22,0,0.8,<0.15,0,0.6,<0.15,0,3,<0.15,0,1,<0.15,0,0.2,<0.15,0,2,<0.15,0,0.6,<0.15,0,1.8,<0.15,0,0.8,<0.15,0,0.8,<0.15,0,1.8,<0.15,0,3.8,<0.15,0,0.2,<0.15,0,0.8,<0.15,0,1.8,<0.15,0,0,<0.15,0,0.4,<0.15,0,0.8,<0.15,0,3.4,<0.15,0
74,6.4,<0.15,0,2.4,<0.15,0,1,<0.15,0,0.8,<0.15,0,1.8,<0.15,0,0.4,<0.15,0,0.6,<0.15,0,1.2,<0.15,0,1,<0.15,0,2.8,<0.15,0,0,<0.15,0,1.8,<0.15,0,0.2,<0.15,0,0.4,<0.15,0,0.8,<0.15,0,7.4,<0.15,0,0.4,<0.15,0,0.8,<0.15,0,5.2,<0.15,0,3.8,<0.15,0,0,<0.15,0,0.2,<0.15,0,1.8,<0.15,0,1,<0.15,0,3.4,<0.15,0,1.2,<0.15,0,2.2,<0.15,0,0.6,<0.15,0,2.8,<0.15,0,0.8,<0.15,0,1.2,<0.15,0,1.2,<0.15,0,4.8,<0.15,0,0.6,<0.15,0,0,<0.15,0,2,<0.15,0,4.6,<0.15,0,2.2,<0.15,0,1,<0.15,0,3,<0.15,0
75,0.2,<0.15,0,1,<0.15,0,0,<0.15,0,1,<0.15,0,1.4,<0.15,0,1,<0.15,0,1.6,<0.15,0,2,<0.15,0,0.4,<0.15,0,1,<0.15,0,0.4,<0.15,0,0,<0.15,0,0,<0.15,0,1,<0.15,0,2.2,<0.15,0,1.8,<0.15,0,0.2,<0.15,0,1.8,<0.15,0,0.2,<0.15,0,0,<0.15,0,0.4,<0.15,0,0,<0.15,0,1.6,<0.15,0,2,<0.15,0,0.4,<0.15,0,0.4,<0.15,0,1.8,<0.15,0,0.8,<0.15,0,0.8,<0.15,0,1,<0.15,0,0.6,<0.15,0,2,<0.15,0,0.6,<0.15,0,1.8,<0.15,0,0,<0.15,0,1.2,<0.15,0,1.2,<0.15,0,0.2,<0.15,0,0.8,<0.15,0,0.8,<0.15,0
76,2,<0.15,0,0,<0.15,0,0.2,<0.15,0,2.2,<0.15,0,1.2,<0.15,0,0.2,<0.15,0,0.2,<0.15,0,1.4,<0.15,0,0.6,<0.15,0,0.6,<0.15,0,0.6,<0.15,0,0.4,<0.15,0,0,<0.15,0,1.6,<0.15,0,0.2,<0.15,0,0,<0.15,0,0,<0.15,0,0,<0.15,0,1.2,<0.15,0,1,<0.15,0,0,<0.15,0,1.2,<0.15,0,0,<0.15,0,0,<0.15,0,2.2,<0.15,0,0.2,<0.15,0,1,<0.15,0,1.8,<0.15,0,2,<0.15,0,0.8,<0.15,0,1,<0.15,0,0.6,<0.15,0,0.8,<0.15,0,0.6,<0.15,0,0.6,<0.15,0,0.2,<0.15,0,0.6,<0.15,0,0.4,<0.15,0,0.2,<0.15,0,1.4,<0.15,0
77,1.2,<0.15,0,0.4,<0.15,0,1,<0.15,0,0,<0.15,0,0,<0.15,0,0,<0.15,0,0.8,<0.15,0,0.6,<0.15,0,1,<0.15,0,0.6,<0.15,0,0,<0.15,0,0,<0.15,0,1,<0.15,0,48.2,10.18,3,0.8,<0.15,0,0.2,<0.15,0,0.6,<0.15,0,0,<0.15,0,2,<0.15,0,0,<0.15,0,1.4,<0.15,0,0.2,<0.15,0,0,<0.15,0,0,<0.15,0,1,<0.15,0,2.2,<0.15,0,2.2,<0.15,0,0.6,<0.15,0,1,<0.15,0,0,<0.15,0,0.6,<0.15,0,0,<0.15,0,1,<0.15,0,0,<0.15,0,0,<0.15,0,0.4,<0.15,0,0.2,<0.15,0,0.4,<0.15,0,0,<0.15,0,0.6,<0.15,0
78,1.4,<0.15,0,0,<0.15,0,2.4,<0.15,0,0.4,<0.15,0,1.8,<0.15,0,0,<0.15,0,2,<0.15,0,2,<0.15,0,2.2,<0.15,0,1.4,<0.15,0,1,<0.15,0,0.4,<0.15,0,2.6,<0.15,0,0.8,<0.15,0,2.4,<0.15,0,0,<0.15,0,1.6,<0.15,0,0,<0.15,0,1,<0.15,0,0.6,<0.15,0,0.6,<0.15,0,0,<0.15,0,0,<0.15,0,0,<0.15,0,2.2,<0.15,0,0.2,<0.15,0,0.8,<0.15,0,0,<0.15,0,3,<0.15,0,0.8,<0.15,0,1.4,<0.15,0,1.2,<0.15,0,3,<0.15,0,1.2,<0.15,0,0.4,<0.15,0,0,<0.15,0,0.6,<0.15,0,0.4,<0.15,0,0,<0.15,0,0,<0.15,0
79,3.2,<0.15,0,4.4,<0.15,0,4.8,<0.15,0,2,<0.15,0,3.2,<0.15,0,0,<0.15,0,2.6,<0.15,0,3.2,<0.15,0,1.8,<0.15,0,4.8,<0.15,0,0,<0.15,0,0,<0.15,0,2.8,<0.15,0,0.8,<0.15,0,0.6,<0.15,0,1.6,<0.15,0,0.6,<0.15,0,0.4,<0.15,0,1.2,<0.15,0,1,<0.15,0,2.2,<0.15,0,0.4,<0.15,0,0.8,<0.15,0,0.6,<0.15,0,1,<0.15,0,3.2,<0.15,0,2.4,<0.15,0,0.4,<0.15,0,2.2,<0.15,0,2.4,<0.15,0,0.6,<0.15,0,0.4,<0.15,0,0.6,<0.15,0,0,<0.15,0,0.8,<0.15,0,2.4,<0.15,0,0.2,<0.15,0,0.2,<0.15,0,1,<0.15,0,0.6,<0.15,0
80,3,<0.15,0,1.4,<0.15,0,1.4,<0.15,0,1.6,<0.15,0,1.6,<0.15,0,0,<0.15,0,2.4,<0.15,0,2.8,<0.15,0,0.4,<0.15,0,5.2,<0.15,0,0,<0.15,0,1.8,<0.15,0,0,<0.15,0,0,<0.15,0,0,<0.15,0,0.6,<0.15,0,0.4,<0.15,0,0.4,<0.15,0,0,<0.15,0,1.4,<0.15,0,0.2,<0.15,0,0.8,<0.15,0,0,<0.15,0,0,<0.15,0,0,<0.15,0,0.4,<0.15,0,0,<0.15,0,0.2,<0.15,0,1,<0.15,0,1.8,<0.15,0,0,<0.15,0,0,<0.15,0,0.2,<0.15,0,0,<0.15,0,0,<0.15,0,0,<0.15,0,0,<0.15,0,0,<0.15,0,0.6,<0.15,0,0.6,<0.15,0
81,0.2,<0.15,0,0.4,<0.15,0,0.4,<0.15,0,0,<0.15,0,0,<0.15,0,0.2,<0.15,0,0,<0.15,0,3.4,<0.15,0,0,<0.15,0,0.4,<0.15,0,0.2,<0.15,0,0.6,<0.15,0,0.6,<0.15,0,0,<0.15,0,0,<0.15,0,0,<0.15,0,0,<0.15,0,0,<0.15,0,0.6,<0.15,0,0,<0.15,0,0,<0.15,0,1,<0.15,0,0,<0.15,0,0,<0.15,0,0,<0.15,0,2,<0.15,0,0,<0.15,0,0.8,<0.15,0,0.2,<0.15,0,1.6,<0.15,0,0,<0.15,0,0,<0.15,0,0,<0.15,0,0,<0.15,0,0,<0.15,0,0,<0.15,0,0,<0.15,0,0,<0.15,0,0.8,<0.15,0,0.4,<0.15,0
82,3.4,<0.15,0,2.8,<0.15,0,2.4,<0.15,0,2,<0.15,0,2,<0.15,0,1,<0.15,0,0,<0.15,0,1.4,<0.15,0,0,<0.15,0,2.6,<0.15,0,0,<0.15,0,0.2,<0.15,0,1.2,<0.15,0,0.6,<0.15,0,0,<0.15,0,1.6,<0.15,0,0,<0.15,0,0,<0.15,0,0.4,<0.15,0,2.6,<0.15,0,0.4,<0.15,0,0,<0.15,0,0.2,<0.15,0,1,<0.15,0,0,<0.15,0,0.6,<0.15,0,0,<0.15,0,0.2,<0.15,0,0,<0.15,0,2,<0.15,0,0,<0.15,0,0,<0.15,0,0.2,<0.15,0,1.8,<0.15,0,2,<0.15,0,0.8,<0.15,0,0,<0.15,0,0,<0.15,0,0.8,<0.15,0,0,<0.15,0
83,5,<0.15,0,4.8,<0.15,0,1,<0.15,0,3,<0.15,0,1.2,<0.15,0,0,<0.15,0,0.6,<0.15,0,4.6,<0.15,0,0,<0.15,0,7,<0.15,0,0,<0.15,0,0,<0.15,0,1.8,<0.15,0,0.2,<0.15,0,0.2,<0.15,0,1.8,<0.15,0,1,<0.15,0,0,<0.15,0,0,<0.15,0,4.4,<0.15,0,0,<0.15,0,3.2,<0.15,0,2.6,<0.15,0,3.8,<0.15,0,0,<0.15,0,2.6,<0.15,0,2,<0.15,0,0,<0.15,0,0.6,<0.15,0,4.6,<0.15,0,0,<0.15,0,0,<0.15,0,0,<0.15,0,4.2,<0.15,0,2.6,<0.15,0,1.4,<0.15,0,0.2,<0.15,0,0,<0.15,0,2.6,<0.15,0,0,<0.15,0
84,2,<0.15,0,2.4,<0.15,0,0,<0.15,0,0.6,<0.15,0,0.8,<0.15,0,0,<0.15,0,0.2,<0.15,0,1.4,<0.15,0,0,<0.15,0,4.8,<0.15,0,0,<0.15,0,0,<0.15,0,1.2,<0.15,0,0,<0.15,0,0,<0.15,0,1.8,<0.15,0,1,<0.15,0,0,<0.15,0,0,<0.15,0,3.2,<0.15,0,0.2,<0.15,0,0.6,<0.15,0,1.8,<0.15,0,1.4,<0.15,0,0,<0.15,0,1.4,<0.15,0,0.2,<0.15,0,0,<0.15,0,0.2,<0.15,0,3,<0.15,0,0,<0.15,0,0,<0.15,0,0.4,<0.15,0,1.6,<0.15,0,0.4,<0.15,0,0,<0.15,0,0,<0.15,0,0,<0.15,0,1.6,<0.15,0,0.6,<0.15,0
85,3,<0.15,0,3,<0.15,0,0.8,<0.15,0,1.6,<0.15,0,0.6,<0.15,0,0.2,<0.15,0,0,<0.15,0,1,<0.15,0,0,<0.15,0,2.6,<0.15,0,0,<0.15,0,0,<0.15,0,0.6,<0.15,0,0,<0.15,0,1,<0.15,0,0,<0.15,0,0.8,<0.15,0,0,<0.15,0,0,<0.15,0,2,<0.15,0,0,<0.15,0,3.2,<0.15,0,3.6,<0.15,0,2,<0.15,0,0,<0.15,0,2.2,<0.15,0,3,<0.15,0,0,<0.15,0,0.8,<0.15,0,3.8,<0.15,0,0,<0.15,0,0,<0.15,0,2.6,<0.15,0,1.4,<0.15,0,1.2,<0.15,0,0,<0.15,0,0.6,<0.15,0,0,<0.15,0,0.2,<0.15,0,0,<0.15,0
86,1,<0.15,0,4.8,<0.15,0,0,<0.15,0,1.2,<0.15,0,1,<0.15,0,0,<0.15,0,0,<0.15,0,1.8,<0.15,0,0,<0.15,0,3.4,<0.15,0,0,<0.15,0,2,<0.15,0,0.6,<0.15,0,0,<0.15,0,0,<0.15,0,0,<0.15,0,0,<0.15,0,0,<0.15,0,0.2,<0.15,0,2.2,<0.15,0,0,<0.15,0,2.8,<0.15,0,1,<0.15,0,2.8,<0.15,0,0,<0.15,0,1.6,<0.15,0,1.4,<0.15,0,0,<0.15,0,0,<0.15,0,4.8,<0.15,0,0,<0.15,0,0,<0.15,0,0.8,<0.15,0,1.8,<0.15,0,2,<0.15,0,0,<0.15,0,0.4,<0.15,0,0,<0.15,0,0.6,<0.15,0,0,<0.15,0
87,4.2,<0.15,0,5.6,<0.15,0,1.4,<0.15,0,1.8,<0.15,0,3.4,<0.15,0,0.2,<0.15,0,0,<0.15,0,3,<0.15,0,0,<0.15,0,2.6,<0.15,0,0,<0.15,0,4.4,<0.15,0,1.2,<0.15,0,1.6,<0.15,0,0.2,<0.15,0,0,<0.15,0,1.8,<0.15,0,0,<0.15,0,0,<0.15,0,4.2,<0.15,0,0,<0.15,0,3.4,<0.15,0,2.8,<0.15,0,3.2,<0.15,0,0,<0.15,0,0,<0.15,0,2.4,<0.15,0,0.8,<0.15,0,2.4,<0.15,0,5.6,<0.15,0,0,<0.15,0,0,<0.15,0,3,<0.15,0,2.4,<0.15,0,3,<0.15,0,0,<0.15,0,3,<0.15,0,1,<0.15,0,2.2,<0.15,0,0,<0.15,0
88,0,<0.15,0,5.28,<0.15,0,0,<0.15,0,0.44,<0.15,0,0.66,<0.15,0,0,<0.15,0,0,<0.15,0,1.76,<0.15,0,0,<0.15,0,3.08,<0.15,0,0,<0.15,0,0,<0.15,0,0,<0.15,0,0,<0.15,0,0,<0.15,0,0,<0.15,0,0,<0.15,0,0,<0.15,0,0,<0.15,0,3.08,<0.15,0,0,<0.15,0,1.32,<0.15,0,0.88,<0.15,0,3.3,<0.15,0,0,<0.15,0,0.22,<0.15,0,0.66,<0.15,0,0,<0.15,0,0,<0.15,0,2.2,<0.15,0,0,<0.15,0,0,<0.15,0,0.22,<0.15,0,0,<0.15,0,0.66,<0.15,0,0,<0.15,0,0,<0.15,0,0,<0.15,0,0,<0.15,0,0,<0.15,0
89,2.2,<0.15,0,3.96,<0.15,0,0,<0.15,0,0.66,<0.15,0,1.76,<0.15,0,0,<0.15,0,0,<0.15,0,0,<0.15,0,0,<0.15,0,1.98,<0.15,0,0,<0.15,0,1.76,<0.15,0,0,<0.15,0,0,<0.15,0,0.22,<0.15,0,0,<0.15,0,0,<0.15,0,0,<0.15,0,0,<0.15,0,2.64,<0.15,0,0,<0.15,0,0,<0.15,0,3.52,<0.15,0,1.98,<0.15,0,0,<0.15,0,0,<0.15,0,1.98,<0.15,0,0,<0.15,0,1.76,<0.15,0,3.52,<0.15,0,0,<0.15,0,0,<0.15,0,2.86,<0.15,0,1.1,<0.15,0,2.2,<0.15,0,0,<0.15,0,0.44,<0.15,0,0,<0.15,0,0,<0.15,0,0,<0.15,0
90,0,<0.15,0,1.1,<0.15,0,0,<0.15,0,0,<0.15,0,0.22,<0.15,0,0,<0.15,0,0,<0.15,0,0.22,<0.15,0,0,<0.15,0,0,<0.15,0,0,<0.15,0,0,<0.15,0,0,<0.15,0,0,<0.15,0,0,<0.15,0,0,<0.15,0,1.1,<0.15,0,0,<0.15,0,0,<0.15,0,0.22,<0.15,0,0,<0.15,0,0,<0.15,0,0,<0.15,0,1.32,<0.15,0,0,<0.15,0,0,<0.15,0,3.08,<0.15,0,0,<0.15,0,0.66,<0.15,0,0,<0.15,0,0,<0.15,0,0,<0.15,0,1.54,<0.15,0,0.22,<0.15,0,0.88,<0.15,0,0,<0.15,0,0.88,<0.15,0,0,<0.15,0,0,<0.15,0,0,<0.15,0
91,0,<0.15,0,1.76,<0.15,0,0,<0.15,0,0,<0.15,0,0,<0.15,0,0,<0.15,0,1.54,<0.15,0,0,<0.15,0,0.66,<0.15,0,0,<0.15,0,0,<0.15,0,0.88,<0.15,0,0,<0.15,0,0,<0.15,0,0,<0.15,0,0,<0.15,0,0,<0.15,0,1.1,<0.15,0,0,<0.15,0,0.44,<0.15,0,0,<0.15,0,0,<0.15,0,0.88,<0.15,0,0.88,<0.15,0,0,<0.15,0,0,<0.15,0,0.22,<0.15,0,0,<0.15,0,0.22,<0.15,0,0.66,<0.15,0,0,<0.15,0,0,<0.15,0,1.98,<0.15,0,0,<0.15,0,0.88,<0.15,0,0,<0.15,0,0,<0.15,0,0,<0.15,0,0,<0.15,0,0,<0.15,0
92,0.44,<0.15,0,4.84,<0.15,0,0,<0.15,0,1.32,<0.15,0,1.32,<0.15,0,0,<0.15,0,4.62,<0.15,0,1.98,<0.15,0,1.76,<0.15,0,0.22,<0.15,0,0,<0.15,0,2.2,<0.15,0,0,<0.15,0,0,<0.15,0,0,<0.15,0,0,<0.15,0,0,<0.15,0,3.96,<0.15,0,0,<0.15,0,2.86,<0.15,0,0,<0.15,0,0.44,<0.15,0,2.86,<0.15,0,3.74,<0.15,0,0,<0.15,0,0,<0.15,0,3.74,<0.15,0,0,<0.15,0,0.66,<0.15,0,1.98,<0.15,0,0,<0.15,0,0,<0.15,0,2.2,<0.15,0,0,<0.15,0,1.76,<0.15,0,0,<0.15,0,0.66,<0.15,0,0,<0.15,0,0,<0.15,0,0,<0.15,0
93,0,<0.15,0,3.08,<0.15,0,0,<0.15,0,0,<0.15,0,0,<0.15,0,0,<0.15,0,0,<0.15,0,0,<0.15,0,2.2,<0.15,0,0,<0.15,0,0,<0.15,0,1.98,<0.15,0,1.32,<0.15,0,0,<0.15,0,0.88,<0.15,0,0,<0.15,0,0,<0.15,0,1.54,<0.15,0,0,<0.15,0,3.52,<0.15,0,0,<0.15,0,0,<0.15,0,0.66,<0.15,0,2.86,<0.15,0,0,<0.15,0,0,<0.15,0,2.86,<0.15,0,0,<0.15,0,0.88,<0.15,0,3.52,<0.15,0,0,<0.15,0,0,<0.15,0,0.88,<0.15,0,0,<0.15,0,1.1,<0.15,0,0,<0.15,0,1.32,<0.15,0,0,<0.15,0,0,<0.15,0,0.66,<0.15,0
94,0,<0.15,0,0,<0.15,0,0,<0.15,0,0,<0.15,0,0,<0.15,0,0,<0.15,0,0.22,<0.15,0,0,<0.15,0,0.88,<0.15,0,0,<0.15,0,0,<0.15,0,0.66,<0.15,0,3.08,<0.15,0,0,<0.15,0,0,<0.15,0,0,<0.15,0,0,<0.15,0,0.44,<0.15,0,0,<0.15,0,0.66,<0.15,0,0,<0.15,0,0,<0.15,0,0.44,<0.15,0,0,<0.15,0,0,<0.15,0,0,<0.15,0,1.76,<0.15,0,0,<0.15,0,0.44,<0.15,0,0,<0.15,0,0,<0.15,0,0,<0.15,0,0,<0.15,0,0,<0.15,0,0.66,<0.15,0,0,<0.15,0,0,<0.15,0,3.3,<0.15,0,0,<0.15,0,0.66,<0.15,0
95,0.66,<0.15,0,4.4,<0.15,0,0.88,<0.15,0,0.22,<0.15,0,0.88,<0.15,0,0,<0.15,0,2.42,<0.15,0,5.5,<0.15,0,2.42,<0.15,0,0,<0.15,0,0.66,<0.15,0,2.64,<0.15,0,1.1,<0.15,0,0,<0.15,0,0,<0.15,0,0.66,<0.15,0,0,<0.15,0,0.66,<0.15,0,0,<0.15,0,3.3,<0.15,0,1.32,<0.15,0,0,<0.15,0,0,<0.15,0,1.1,<0.15,0,0,<0.15,0,0,<0.15,0,3.74,<0.15,0,1.32,<0.15,0,1.1,<0.15,0,0.66,<0.15,0,0,<0.15,0,0,<0.15,0,1.76,<0.15,0,0,<0.15,0,1.98,<0.15,0,0,<0.15,0,0,<0.15,0,0.22,<0.15,0,0,<0.15,0,0.22,<0.15,0
96,0.88,<0.15,0,2.2,<0.15,0,1.32,<0.15,0,1.54,<0.15,0,0.22,<0.15,0,0.66,<0.15,0,0.66,<0.15,0,3.3,<0.15,0,1.98,<0.15,0,0.44,<0.15,0,0.66,<0.15,0,2.42,<0.15,0,4.18,<0.15,0,0,<0.15,0,1.1,<0.15,0,0.66,<0.15,0,2.86,<0.15,0,2.86,<0.15,0,0,<0.15,0,1.76,<0.15,0,1.1,<0.15,0,0,<0.15,0,1.98,<0.15,0,0.88,<0.15,0,0,<0.15,0,0,<0.15,0,1.98,<0.15,0,0.44,<0.15,0,2.42,<0.15,0,0.66,<0.15,0,0,<0.15,0,1.1,<0.15,0,1.98,<0.15,0,0,<0.15,0,0.88,<0.15,0,0.44,<0.15,0,0.22,<0.15,0,3.52,<0.15,0,1.76,<0.15,0,2.2,<0.15,0